name	number_unique_genes	number_multiple_genes	number_multiple_unique_genes	number_missing_genes	list_unique_genes	list_multiple_genes	list_multiple_unique_genes	list_missing_genes
ERR011347_MEGAHIT_TaxVamb_dRep.2	19	0	0	101	PF00380.20,PF00410.20,PF00466.21,PF01025.20,TIGR00064,TIGR00065,TIGR00194,TIGR00337,TIGR00392,TIGR00398,TIGR00414,TIGR00442,TIGR00456,TIGR00631,TIGR00755,TIGR00967,TIGR01171,TIGR02191,TIGR02397			PF02576.18,PF03726.15,TIGR00006,TIGR00019,TIGR00020,TIGR00029,TIGR00043,TIGR00054,TIGR00059,TIGR00061,TIGR00082,TIGR00083,TIGR00084,TIGR00086,TIGR00088,TIGR00090,TIGR00092,TIGR00095,TIGR00115,TIGR00116,TIGR00138,TIGR00158,TIGR00166,TIGR00168,TIGR00186,TIGR00250,TIGR00344,TIGR00362,TIGR00382,TIGR00396,TIGR00416,TIGR00420,TIGR00431,TIGR00435,TIGR00436,TIGR00445,TIGR00459,TIGR00460,TIGR00468,TIGR00472,TIGR00487,TIGR00496,TIGR00539,TIGR00580,TIGR00593,TIGR00615,TIGR00634,TIGR00635,TIGR00643,TIGR00663,TIGR00717,TIGR00810,TIGR00922,TIGR00928,TIGR00959,TIGR00963,TIGR00964,TIGR01009,TIGR01011,TIGR01017,TIGR01021,TIGR01029,TIGR01032,TIGR01039,TIGR01044,TIGR01059,TIGR01063,TIGR01066,TIGR01071,TIGR01079,TIGR01082,TIGR01087,TIGR01128,TIGR01146,TIGR01164,TIGR01169,TIGR01302,TIGR01391,TIGR01393,TIGR01394,TIGR01510,TIGR01632,TIGR01951,TIGR01953,TIGR02012,TIGR02013,TIGR02027,TIGR02075,TIGR02273,TIGR02350,TIGR02386,TIGR02432,TIGR02729,TIGR03263,TIGR03594,TIGR03625,TIGR03632,TIGR03654,TIGR03723,TIGR03725,TIGR03953
ERR011347_MEGAHIT_TaxVamb_dRep.43	81	2	0	37	PF00410.20,PF01025.20,PF02576.18,PF03726.15,TIGR00006,TIGR00019,TIGR00020,TIGR00029,TIGR00043,TIGR00054,TIGR00059,TIGR00061,TIGR00064,TIGR00082,TIGR00084,TIGR00086,TIGR00088,TIGR00115,TIGR00116,TIGR00158,TIGR00166,TIGR00168,TIGR00186,TIGR00194,TIGR00250,TIGR00337,TIGR00362,TIGR00382,TIGR00392,TIGR00398,TIGR00414,TIGR00416,TIGR00420,TIGR00436,TIGR00442,TIGR00456,TIGR00459,TIGR00460,TIGR00468,TIGR00472,TIGR00496,TIGR00593,TIGR00615,TIGR00634,TIGR00635,TIGR00643,TIGR00663,TIGR00755,TIGR00810,TIGR00922,TIGR00963,TIGR00964,TIGR00967,TIGR01009,TIGR01017,TIGR01021,TIGR01032,TIGR01044,TIGR01059,TIGR01071,TIGR01079,TIGR01087,TIGR01128,TIGR01164,TIGR01171,TIGR01391,TIGR01951,TIGR01953,TIGR02012,TIGR02027,TIGR02075,TIGR02191,TIGR02273,TIGR02350,TIGR02397,TIGR02432,TIGR02729,TIGR03654,TIGR03723,TIGR03725,TIGR03953	TIGR00631,TIGR01394		PF00380.20,PF00466.21,TIGR00065,TIGR00083,TIGR00090,TIGR00092,TIGR00095,TIGR00138,TIGR00344,TIGR00396,TIGR00431,TIGR00435,TIGR00445,TIGR00487,TIGR00539,TIGR00580,TIGR00717,TIGR00928,TIGR00959,TIGR01011,TIGR01029,TIGR01039,TIGR01063,TIGR01066,TIGR01082,TIGR01146,TIGR01169,TIGR01302,TIGR01393,TIGR01510,TIGR01632,TIGR02013,TIGR02386,TIGR03263,TIGR03594,TIGR03625,TIGR03632
ERR011348_MEGAHIT_MetaBinner_dRep.1	115	2	0	3	PF00380.20,PF00410.20,PF00466.21,PF01025.20,PF02576.18,PF03726.15,TIGR00006,TIGR00019,TIGR00020,TIGR00029,TIGR00043,TIGR00054,TIGR00059,TIGR00061,TIGR00064,TIGR00065,TIGR00082,TIGR00083,TIGR00084,TIGR00086,TIGR00088,TIGR00090,TIGR00092,TIGR00095,TIGR00115,TIGR00116,TIGR00138,TIGR00158,TIGR00166,TIGR00168,TIGR00186,TIGR00194,TIGR00250,TIGR00337,TIGR00344,TIGR00362,TIGR00382,TIGR00392,TIGR00396,TIGR00414,TIGR00416,TIGR00420,TIGR00431,TIGR00435,TIGR00436,TIGR00442,TIGR00445,TIGR00456,TIGR00460,TIGR00468,TIGR00472,TIGR00487,TIGR00496,TIGR00539,TIGR00580,TIGR00593,TIGR00615,TIGR00631,TIGR00634,TIGR00635,TIGR00643,TIGR00663,TIGR00717,TIGR00755,TIGR00810,TIGR00922,TIGR00928,TIGR00959,TIGR00963,TIGR00964,TIGR00967,TIGR01009,TIGR01011,TIGR01017,TIGR01021,TIGR01029,TIGR01032,TIGR01044,TIGR01059,TIGR01063,TIGR01066,TIGR01071,TIGR01079,TIGR01082,TIGR01087,TIGR01128,TIGR01164,TIGR01169,TIGR01171,TIGR01302,TIGR01391,TIGR01393,TIGR01394,TIGR01510,TIGR01632,TIGR01951,TIGR01953,TIGR02012,TIGR02013,TIGR02027,TIGR02075,TIGR02191,TIGR02273,TIGR02350,TIGR02386,TIGR02397,TIGR02432,TIGR03263,TIGR03594,TIGR03625,TIGR03632,TIGR03654,TIGR03723,TIGR03725,TIGR03953	TIGR00459,TIGR02729		TIGR00398,TIGR01039,TIGR01146
ERR011348_MEGAHIT_MetaBinner_dRep.6_sub	94	6	0	20	PF00380.20,PF00410.20,PF00466.21,PF01025.20,PF02576.18,TIGR00006,TIGR00020,TIGR00043,TIGR00054,TIGR00059,TIGR00061,TIGR00064,TIGR00065,TIGR00082,TIGR00083,TIGR00084,TIGR00086,TIGR00088,TIGR00090,TIGR00092,TIGR00095,TIGR00115,TIGR00116,TIGR00158,TIGR00168,TIGR00194,TIGR00250,TIGR00337,TIGR00344,TIGR00382,TIGR00392,TIGR00396,TIGR00398,TIGR00414,TIGR00416,TIGR00420,TIGR00435,TIGR00436,TIGR00442,TIGR00445,TIGR00459,TIGR00460,TIGR00468,TIGR00472,TIGR00487,TIGR00539,TIGR00580,TIGR00593,TIGR00615,TIGR00635,TIGR00643,TIGR00663,TIGR00717,TIGR00755,TIGR00810,TIGR00922,TIGR00963,TIGR00964,TIGR00967,TIGR01009,TIGR01011,TIGR01021,TIGR01032,TIGR01044,TIGR01066,TIGR01071,TIGR01079,TIGR01082,TIGR01087,TIGR01128,TIGR01164,TIGR01169,TIGR01171,TIGR01391,TIGR01393,TIGR01394,TIGR01510,TIGR01951,TIGR01953,TIGR02013,TIGR02027,TIGR02191,TIGR02273,TIGR02350,TIGR02386,TIGR02397,TIGR03263,TIGR03594,TIGR03625,TIGR03632,TIGR03654,TIGR03723,TIGR03725,TIGR03953	TIGR00029,TIGR00431,TIGR00631,TIGR00634,TIGR01017,TIGR02432		PF03726.15,TIGR00019,TIGR00138,TIGR00166,TIGR00186,TIGR00362,TIGR00456,TIGR00496,TIGR00928,TIGR00959,TIGR01029,TIGR01039,TIGR01059,TIGR01063,TIGR01146,TIGR01302,TIGR01632,TIGR02012,TIGR02075,TIGR02729
ERR011348_MEGAHIT_TaxVamb_dRep.10	56	1	0	63	PF00380.20,PF00410.20,PF03726.15,TIGR00019,TIGR00029,TIGR00059,TIGR00061,TIGR00065,TIGR00082,TIGR00086,TIGR00090,TIGR00116,TIGR00158,TIGR00166,TIGR00168,TIGR00344,TIGR00396,TIGR00414,TIGR00435,TIGR00456,TIGR00472,TIGR00496,TIGR00717,TIGR00755,TIGR00810,TIGR00922,TIGR00928,TIGR00959,TIGR00964,TIGR01009,TIGR01011,TIGR01017,TIGR01021,TIGR01029,TIGR01032,TIGR01044,TIGR01059,TIGR01066,TIGR01071,TIGR01079,TIGR01164,TIGR01391,TIGR01393,TIGR01394,TIGR01951,TIGR02013,TIGR02027,TIGR02075,TIGR02191,TIGR02386,TIGR02397,TIGR02729,TIGR03625,TIGR03632,TIGR03654,TIGR03953	TIGR01171		PF00466.21,PF01025.20,PF02576.18,TIGR00006,TIGR00020,TIGR00043,TIGR00054,TIGR00064,TIGR00083,TIGR00084,TIGR00088,TIGR00092,TIGR00095,TIGR00115,TIGR00138,TIGR00186,TIGR00194,TIGR00250,TIGR00337,TIGR00362,TIGR00382,TIGR00392,TIGR00398,TIGR00416,TIGR00420,TIGR00431,TIGR00436,TIGR00442,TIGR00445,TIGR00459,TIGR00460,TIGR00468,TIGR00487,TIGR00539,TIGR00580,TIGR00593,TIGR00615,TIGR00631,TIGR00634,TIGR00635,TIGR00643,TIGR00663,TIGR00963,TIGR00967,TIGR01039,TIGR01063,TIGR01082,TIGR01087,TIGR01128,TIGR01146,TIGR01169,TIGR01302,TIGR01510,TIGR01632,TIGR01953,TIGR02012,TIGR02273,TIGR02350,TIGR02432,TIGR03263,TIGR03594,TIGR03723,TIGR03725
ERR011348_MEGAHIT_TaxVamb_dRep.15_sub	81	8	0	31	PF00380.20,PF00466.21,PF03726.15,TIGR00019,TIGR00020,TIGR00029,TIGR00043,TIGR00059,TIGR00065,TIGR00082,TIGR00083,TIGR00084,TIGR00086,TIGR00090,TIGR00092,TIGR00116,TIGR00138,TIGR00158,TIGR00166,TIGR00186,TIGR00250,TIGR00337,TIGR00344,TIGR00362,TIGR00392,TIGR00396,TIGR00398,TIGR00414,TIGR00416,TIGR00420,TIGR00431,TIGR00436,TIGR00445,TIGR00456,TIGR00459,TIGR00468,TIGR00472,TIGR00487,TIGR00580,TIGR00593,TIGR00615,TIGR00631,TIGR00635,TIGR00663,TIGR00755,TIGR00810,TIGR00922,TIGR00959,TIGR00964,TIGR00967,TIGR01011,TIGR01017,TIGR01029,TIGR01059,TIGR01066,TIGR01071,TIGR01079,TIGR01082,TIGR01087,TIGR01169,TIGR01171,TIGR01302,TIGR01391,TIGR01393,TIGR01394,TIGR01510,TIGR01632,TIGR01951,TIGR01953,TIGR02013,TIGR02027,TIGR02075,TIGR02191,TIGR02432,TIGR03263,TIGR03594,TIGR03625,TIGR03632,TIGR03723,TIGR03725,TIGR03953	TIGR00006,TIGR00054,TIGR00115,TIGR00382,TIGR01039,TIGR01128,TIGR01146,TIGR02397		PF00410.20,PF01025.20,PF02576.18,TIGR00061,TIGR00064,TIGR00088,TIGR00095,TIGR00168,TIGR00194,TIGR00435,TIGR00442,TIGR00460,TIGR00496,TIGR00539,TIGR00634,TIGR00643,TIGR00717,TIGR00928,TIGR00963,TIGR01009,TIGR01021,TIGR01032,TIGR01044,TIGR01063,TIGR01164,TIGR02012,TIGR02273,TIGR02350,TIGR02386,TIGR02729,TIGR03654
ERR011348_MEGAHIT_TaxVamb_dRep.16	66	2	0	52	PF00380.20,PF00466.21,PF01025.20,PF03726.15,TIGR00019,TIGR00020,TIGR00029,TIGR00043,TIGR00059,TIGR00061,TIGR00082,TIGR00084,TIGR00086,TIGR00088,TIGR00090,TIGR00092,TIGR00095,TIGR00115,TIGR00158,TIGR00166,TIGR00194,TIGR00250,TIGR00337,TIGR00344,TIGR00362,TIGR00382,TIGR00396,TIGR00414,TIGR00420,TIGR00442,TIGR00496,TIGR00539,TIGR00631,TIGR00634,TIGR00663,TIGR00717,TIGR00755,TIGR00810,TIGR00922,TIGR00964,TIGR00967,TIGR01017,TIGR01029,TIGR01032,TIGR01039,TIGR01066,TIGR01128,TIGR01146,TIGR01164,TIGR01169,TIGR01391,TIGR01393,TIGR01632,TIGR02012,TIGR02013,TIGR02027,TIGR02075,TIGR02191,TIGR02350,TIGR02386,TIGR02397,TIGR02729,TIGR03263,TIGR03625,TIGR03632,TIGR03723	TIGR00054,TIGR01394		PF00410.20,PF02576.18,TIGR00006,TIGR00064,TIGR00065,TIGR00083,TIGR00116,TIGR00138,TIGR00168,TIGR00186,TIGR00392,TIGR00398,TIGR00416,TIGR00431,TIGR00435,TIGR00436,TIGR00445,TIGR00456,TIGR00459,TIGR00460,TIGR00468,TIGR00472,TIGR00487,TIGR00580,TIGR00593,TIGR00615,TIGR00635,TIGR00643,TIGR00928,TIGR00959,TIGR00963,TIGR01009,TIGR01011,TIGR01021,TIGR01044,TIGR01059,TIGR01063,TIGR01071,TIGR01079,TIGR01082,TIGR01087,TIGR01171,TIGR01302,TIGR01510,TIGR01951,TIGR01953,TIGR02273,TIGR02432,TIGR03594,TIGR03654,TIGR03725,TIGR03953
ERR011348_MEGAHIT_TaxVamb_dRep.20	18	0	0	102	PF00410.20,PF00466.21,PF01025.20,TIGR00064,TIGR00194,TIGR00337,TIGR00344,TIGR00398,TIGR00414,TIGR00442,TIGR00456,TIGR00468,TIGR00631,TIGR00755,TIGR00928,TIGR00967,TIGR01171,TIGR02350			PF00380.20,PF02576.18,PF03726.15,TIGR00006,TIGR00019,TIGR00020,TIGR00029,TIGR00043,TIGR00054,TIGR00059,TIGR00061,TIGR00065,TIGR00082,TIGR00083,TIGR00084,TIGR00086,TIGR00088,TIGR00090,TIGR00092,TIGR00095,TIGR00115,TIGR00116,TIGR00138,TIGR00158,TIGR00166,TIGR00168,TIGR00186,TIGR00250,TIGR00362,TIGR00382,TIGR00392,TIGR00396,TIGR00416,TIGR00420,TIGR00431,TIGR00435,TIGR00436,TIGR00445,TIGR00459,TIGR00460,TIGR00472,TIGR00487,TIGR00496,TIGR00539,TIGR00580,TIGR00593,TIGR00615,TIGR00634,TIGR00635,TIGR00643,TIGR00663,TIGR00717,TIGR00810,TIGR00922,TIGR00959,TIGR00963,TIGR00964,TIGR01009,TIGR01011,TIGR01017,TIGR01021,TIGR01029,TIGR01032,TIGR01039,TIGR01044,TIGR01059,TIGR01063,TIGR01066,TIGR01071,TIGR01079,TIGR01082,TIGR01087,TIGR01128,TIGR01146,TIGR01164,TIGR01169,TIGR01302,TIGR01391,TIGR01393,TIGR01394,TIGR01510,TIGR01632,TIGR01951,TIGR01953,TIGR02012,TIGR02013,TIGR02027,TIGR02075,TIGR02191,TIGR02273,TIGR02386,TIGR02397,TIGR02432,TIGR02729,TIGR03263,TIGR03594,TIGR03625,TIGR03632,TIGR03654,TIGR03723,TIGR03725,TIGR03953
ERR011348_MEGAHIT_TaxVamb_dRep.21	64	3	0	53	PF00410.20,PF00466.21,TIGR00006,TIGR00019,TIGR00020,TIGR00043,TIGR00059,TIGR00061,TIGR00084,TIGR00092,TIGR00115,TIGR00116,TIGR00138,TIGR00158,TIGR00166,TIGR00168,TIGR00194,TIGR00337,TIGR00362,TIGR00382,TIGR00392,TIGR00416,TIGR00460,TIGR00468,TIGR00472,TIGR00580,TIGR00615,TIGR00631,TIGR00635,TIGR00643,TIGR00663,TIGR00717,TIGR00922,TIGR00959,TIGR00963,TIGR00964,TIGR00967,TIGR01009,TIGR01011,TIGR01021,TIGR01032,TIGR01044,TIGR01059,TIGR01063,TIGR01071,TIGR01079,TIGR01082,TIGR01087,TIGR01164,TIGR01169,TIGR01171,TIGR01302,TIGR01632,TIGR02013,TIGR02027,TIGR02386,TIGR02397,TIGR02432,TIGR02729,TIGR03594,TIGR03625,TIGR03654,TIGR03725,TIGR03953	TIGR00459,TIGR01039,TIGR01146		PF00380.20,PF01025.20,PF02576.18,PF03726.15,TIGR00029,TIGR00054,TIGR00064,TIGR00065,TIGR00082,TIGR00083,TIGR00086,TIGR00088,TIGR00090,TIGR00095,TIGR00186,TIGR00250,TIGR00344,TIGR00396,TIGR00398,TIGR00414,TIGR00420,TIGR00431,TIGR00435,TIGR00436,TIGR00442,TIGR00445,TIGR00456,TIGR00487,TIGR00496,TIGR00539,TIGR00593,TIGR00634,TIGR00755,TIGR00810,TIGR00928,TIGR01017,TIGR01029,TIGR01066,TIGR01128,TIGR01391,TIGR01393,TIGR01394,TIGR01510,TIGR01951,TIGR01953,TIGR02012,TIGR02075,TIGR02191,TIGR02273,TIGR02350,TIGR03263,TIGR03632,TIGR03723
ERR011348_MEGAHIT_TaxVamb_dRep.44	98	5	0	17	PF00380.20,PF00466.21,PF01025.20,PF03726.15,TIGR00006,TIGR00019,TIGR00020,TIGR00029,TIGR00043,TIGR00059,TIGR00061,TIGR00064,TIGR00065,TIGR00082,TIGR00083,TIGR00084,TIGR00086,TIGR00088,TIGR00090,TIGR00092,TIGR00095,TIGR00115,TIGR00138,TIGR00158,TIGR00166,TIGR00168,TIGR00186,TIGR00194,TIGR00250,TIGR00337,TIGR00344,TIGR00382,TIGR00398,TIGR00414,TIGR00416,TIGR00431,TIGR00435,TIGR00436,TIGR00445,TIGR00456,TIGR00459,TIGR00460,TIGR00468,TIGR00472,TIGR00487,TIGR00496,TIGR00539,TIGR00580,TIGR00593,TIGR00615,TIGR00631,TIGR00634,TIGR00635,TIGR00755,TIGR00810,TIGR00922,TIGR00928,TIGR00963,TIGR00964,TIGR00967,TIGR01009,TIGR01011,TIGR01021,TIGR01029,TIGR01032,TIGR01039,TIGR01066,TIGR01071,TIGR01079,TIGR01082,TIGR01087,TIGR01128,TIGR01146,TIGR01164,TIGR01169,TIGR01171,TIGR01302,TIGR01391,TIGR01393,TIGR01394,TIGR01510,TIGR01632,TIGR01953,TIGR02012,TIGR02013,TIGR02027,TIGR02075,TIGR02273,TIGR02386,TIGR02432,TIGR02729,TIGR03263,TIGR03625,TIGR03632,TIGR03654,TIGR03723,TIGR03725,TIGR03953	PF00410.20,TIGR00054,TIGR00396,TIGR01017,TIGR01951		PF02576.18,TIGR00116,TIGR00362,TIGR00392,TIGR00420,TIGR00442,TIGR00643,TIGR00663,TIGR00717,TIGR00959,TIGR01044,TIGR01059,TIGR01063,TIGR02191,TIGR02350,TIGR02397,TIGR03594
ERR011348_MEGAHIT_TaxVamb_dRep.5	106	7	0	7	PF00380.20,PF00410.20,PF00466.21,PF01025.20,PF02576.18,PF03726.15,TIGR00006,TIGR00020,TIGR00029,TIGR00043,TIGR00054,TIGR00059,TIGR00061,TIGR00064,TIGR00065,TIGR00082,TIGR00084,TIGR00086,TIGR00088,TIGR00090,TIGR00092,TIGR00115,TIGR00116,TIGR00138,TIGR00166,TIGR00168,TIGR00194,TIGR00250,TIGR00337,TIGR00344,TIGR00382,TIGR00392,TIGR00396,TIGR00398,TIGR00414,TIGR00416,TIGR00431,TIGR00435,TIGR00436,TIGR00442,TIGR00445,TIGR00456,TIGR00459,TIGR00460,TIGR00468,TIGR00472,TIGR00487,TIGR00496,TIGR00580,TIGR00593,TIGR00615,TIGR00631,TIGR00643,TIGR00717,TIGR00755,TIGR00810,TIGR00922,TIGR00928,TIGR00959,TIGR00963,TIGR00967,TIGR01009,TIGR01011,TIGR01017,TIGR01021,TIGR01029,TIGR01032,TIGR01039,TIGR01044,TIGR01059,TIGR01063,TIGR01066,TIGR01071,TIGR01079,TIGR01087,TIGR01128,TIGR01146,TIGR01164,TIGR01169,TIGR01171,TIGR01302,TIGR01393,TIGR01394,TIGR01510,TIGR01632,TIGR01951,TIGR01953,TIGR02012,TIGR02013,TIGR02027,TIGR02075,TIGR02191,TIGR02273,TIGR02350,TIGR02386,TIGR02397,TIGR02432,TIGR02729,TIGR03263,TIGR03594,TIGR03625,TIGR03632,TIGR03654,TIGR03723,TIGR03725,TIGR03953	TIGR00083,TIGR00095,TIGR00362,TIGR00420,TIGR00539,TIGR00635,TIGR01391		TIGR00019,TIGR00158,TIGR00186,TIGR00634,TIGR00663,TIGR00964,TIGR01082
ERR011348_MEGAHIT_TaxVamb_dRep.6_sub	105	12	0	3	PF00380.20,PF00410.20,PF00466.21,PF01025.20,PF02576.18,PF03726.15,TIGR00019,TIGR00020,TIGR00029,TIGR00043,TIGR00054,TIGR00059,TIGR00064,TIGR00065,TIGR00082,TIGR00083,TIGR00084,TIGR00086,TIGR00088,TIGR00090,TIGR00092,TIGR00095,TIGR00116,TIGR00138,TIGR00158,TIGR00166,TIGR00186,TIGR00194,TIGR00250,TIGR00344,TIGR00362,TIGR00392,TIGR00396,TIGR00398,TIGR00414,TIGR00416,TIGR00420,TIGR00431,TIGR00435,TIGR00436,TIGR00442,TIGR00445,TIGR00456,TIGR00459,TIGR00460,TIGR00468,TIGR00472,TIGR00487,TIGR00496,TIGR00539,TIGR00580,TIGR00593,TIGR00615,TIGR00631,TIGR00634,TIGR00635,TIGR00643,TIGR00663,TIGR00755,TIGR00810,TIGR00922,TIGR00928,TIGR00959,TIGR00963,TIGR00964,TIGR00967,TIGR01009,TIGR01011,TIGR01017,TIGR01044,TIGR01059,TIGR01063,TIGR01066,TIGR01079,TIGR01082,TIGR01087,TIGR01128,TIGR01164,TIGR01169,TIGR01171,TIGR01302,TIGR01391,TIGR01393,TIGR01394,TIGR01510,TIGR01632,TIGR01951,TIGR01953,TIGR02012,TIGR02013,TIGR02027,TIGR02191,TIGR02273,TIGR02350,TIGR02386,TIGR02432,TIGR02729,TIGR03263,TIGR03594,TIGR03625,TIGR03632,TIGR03654,TIGR03723,TIGR03725,TIGR03953	TIGR00006,TIGR00115,TIGR00168,TIGR00337,TIGR00382,TIGR01021,TIGR01032,TIGR01039,TIGR01071,TIGR01146,TIGR02075,TIGR02397		TIGR00061,TIGR00717,TIGR01029
ERR011349_MEGAHIT_TaxVamb_dRep.1	103	3	0	14	PF00380.20,PF00466.21,PF01025.20,PF02576.18,PF03726.15,TIGR00006,TIGR00019,TIGR00020,TIGR00029,TIGR00043,TIGR00054,TIGR00059,TIGR00061,TIGR00064,TIGR00065,TIGR00082,TIGR00084,TIGR00086,TIGR00088,TIGR00092,TIGR00095,TIGR00115,TIGR00116,TIGR00138,TIGR00158,TIGR00168,TIGR00194,TIGR00250,TIGR00337,TIGR00344,TIGR00362,TIGR00382,TIGR00392,TIGR00396,TIGR00398,TIGR00414,TIGR00416,TIGR00420,TIGR00431,TIGR00435,TIGR00436,TIGR00442,TIGR00445,TIGR00456,TIGR00459,TIGR00460,TIGR00468,TIGR00472,TIGR00487,TIGR00496,TIGR00539,TIGR00580,TIGR00593,TIGR00615,TIGR00631,TIGR00634,TIGR00635,TIGR00643,TIGR00663,TIGR00755,TIGR00810,TIGR00922,TIGR00959,TIGR00963,TIGR00964,TIGR00967,TIGR01009,TIGR01011,TIGR01017,TIGR01029,TIGR01032,TIGR01044,TIGR01059,TIGR01066,TIGR01071,TIGR01082,TIGR01087,TIGR01128,TIGR01169,TIGR01171,TIGR01391,TIGR01393,TIGR01394,TIGR01632,TIGR01951,TIGR01953,TIGR02012,TIGR02013,TIGR02027,TIGR02075,TIGR02191,TIGR02273,TIGR02350,TIGR02386,TIGR02432,TIGR02729,TIGR03263,TIGR03594,TIGR03625,TIGR03632,TIGR03723,TIGR03725,TIGR03953	TIGR00166,TIGR00186,TIGR02397		PF00410.20,TIGR00083,TIGR00090,TIGR00717,TIGR00928,TIGR01021,TIGR01039,TIGR01063,TIGR01079,TIGR01146,TIGR01164,TIGR01302,TIGR01510,TIGR03654
ERR011349_MEGAHIT_TaxVamb_dRep.2	106	12	0	2	PF00380.20,PF00410.20,PF00466.21,PF01025.20,PF02576.18,PF03726.15,TIGR00019,TIGR00020,TIGR00029,TIGR00043,TIGR00054,TIGR00059,TIGR00061,TIGR00064,TIGR00065,TIGR00083,TIGR00084,TIGR00086,TIGR00088,TIGR00090,TIGR00092,TIGR00095,TIGR00116,TIGR00138,TIGR00158,TIGR00166,TIGR00168,TIGR00194,TIGR00250,TIGR00337,TIGR00344,TIGR00362,TIGR00392,TIGR00396,TIGR00398,TIGR00414,TIGR00416,TIGR00420,TIGR00431,TIGR00435,TIGR00442,TIGR00460,TIGR00468,TIGR00487,TIGR00496,TIGR00539,TIGR00580,TIGR00593,TIGR00615,TIGR00631,TIGR00634,TIGR00635,TIGR00643,TIGR00663,TIGR00717,TIGR00755,TIGR00810,TIGR00922,TIGR00928,TIGR00959,TIGR00963,TIGR00964,TIGR00967,TIGR01009,TIGR01011,TIGR01017,TIGR01021,TIGR01029,TIGR01032,TIGR01039,TIGR01044,TIGR01063,TIGR01066,TIGR01079,TIGR01082,TIGR01087,TIGR01128,TIGR01146,TIGR01164,TIGR01169,TIGR01171,TIGR01302,TIGR01391,TIGR01393,TIGR01394,TIGR01510,TIGR01632,TIGR01951,TIGR01953,TIGR02012,TIGR02027,TIGR02075,TIGR02191,TIGR02273,TIGR02350,TIGR02386,TIGR02432,TIGR02729,TIGR03263,TIGR03594,TIGR03625,TIGR03632,TIGR03654,TIGR03723,TIGR03725,TIGR03953	TIGR00006,TIGR00082,TIGR00115,TIGR00186,TIGR00382,TIGR00436,TIGR00459,TIGR00472,TIGR01059,TIGR01071,TIGR02013,TIGR02397		TIGR00445,TIGR00456
