name	taxonomy_id	taxonomy_lvl	ERR011349_reads.bracken_num	ERR011349_reads.bracken_frac	ERR011347_reads.bracken_num	ERR011347_reads.bracken_frac	ERR011348_reads.bracken_num	ERR011348_reads.bracken_frac
Butyrivibrio	830	G	618722	0.34715	2840	0.00103	2932	0.00070
Anaerobutyricum	2569097	G	67331	0.03778	55092	0.01990	83811	0.02002
Anaerostipes	207244	G	61415	0.03446	111967	0.04045	131798	0.03147
Blautia	572511	G	40641	0.02280	182378	0.06589	376458	0.08990
Dorea	189330	G	33581	0.01884	63299	0.02287	146173	0.03491
Roseburia	841	G	42813	0.02402	50437	0.01822	56148	0.01341
Mediterraneibacter	2316020	G	42320	0.02374	215488	0.07785	286994	0.06854
Coprococcus	33042	G	20889	0.01172	77831	0.02812	140835	0.03363
Wujia	2944152	G	15931	0.00894	894	0.00032	785	0.00019
Agathobacter	1766253	G	24450	0.01372	187683	0.06780	126268	0.03015
Lachnospira	28050	G	14951	0.00839	8417	0.00304	5755	0.00137
Lachnoclostridium	1506553	G	2975	0.00167	6799	0.00246	10615	0.00253
Enterocloster	2719313	G	1963	0.00110	4795	0.00173	7927	0.00189
Simiaoa	2944193	G	1707	0.00096	11353	0.00410	22837	0.00545
Wansuia	2944198	G	969	0.00054	744	0.00027	1943	0.00046
Anaerocolumna	1843210	G	520	0.00029	700	0.00025	1042	0.00025
Claveliimonas	3076670	G	337	0.00019	1152	0.00042	2151	0.00051
Marvinbryantia	248744	G	310	0.00017	1933	0.00070	3461	0.00083
Lacrimispora	2719231	G	259	0.00015	1212	0.00044	2230	0.00053
Sellimonas	1769710	G	233	0.00013	722	0.00026	961	0.00023
Lachnoanaerobaculum	1164882	G	220	0.00012	439	0.00016	561	0.00013
Anaeromicropila	3024823	G	216	0.00012	141	0.00005	177	0.00004
Novisyntrophococcus	2888809	G	179	0.00010	558	0.00020	953	0.00023
Qiania	2944195	G	175	0.00010	1046	0.00038	1788	0.00043
Tyzzerella	1506577	G	159	0.00009	41	0.00001	56	0.00001
Pseudobutyrivibrio	46205	G	139	0.00008	246	0.00009	368	0.00009
Kineothrix	2163168	G	90	0.00005	191	0.00007	226	0.00005
Herbinix	1663717	G	83	0.00005	77	0.00003	125	0.00003
Stomatobaculum	1213720	G	78	0.00004	123	0.00004	315	0.00008
Chordicoccus	3031933	G	71	0.00004	232	0.00008	666	0.00016
Anaeropeptidivorans	2997360	G	30	0.00002	86	0.00003	143	0.00003
Chakrabartyella	3088373	G	25	0.00001	34	0.00001	69	0.00002
Candidatus Epulonipiscium	2383	G	13	0.00001	26	0.00001	29	0.00001
Sporofaciens	2811390	G	12	0.00001	10	0.00000	0	0.00000
Vallitalea	1348611	G	264	0.00015	102	0.00004	118	0.00003
Petrocella	2603323	G	69	0.00004	46	0.00002	59	0.00001
Defluviitalea	1185408	G	116	0.00007	70	0.00003	67	0.00002
Cellulosilyticum	698776	G	88	0.00005	43	0.00002	73	0.00002
Anaerotignum	2039240	G	42	0.00002	152	0.00005	330	0.00008
Ruminococcus	1263	G	95703	0.05370	123148	0.04449	235989	0.05636
Faecalibacterium	216851	G	35054	0.01967	129683	0.04685	226822	0.05417
Vescimonas	2892396	G	26164	0.01468	14946	0.00540	34606	0.00826
Ruthenibacterium	1905344	G	4850	0.00272	6419	0.00232	22028	0.00526
Oscillibacter	459786	G	3265	0.00183	5051	0.00182	11735	0.00280
Flavonifractor	946234	G	2113	0.00119	7634	0.00276	19888	0.00475
Dysosmobacter	2591381	G	1236	0.00069	4809	0.00174	10416	0.00249
Subdoligranulum	292632	G	1221	0.00069	3584	0.00129	12187	0.00291
Anaerotruncus	244127	G	1104	0.00062	1838	0.00066	3767	0.00090
Lawsonibacter	2172004	G	921	0.00052	1437	0.00052	3720	0.00089
Pusillibacter	2892397	G	918	0.00052	4009	0.00145	6833	0.00163
Caproicibacterium	2834348	G	270	0.00015	500	0.00018	1269	0.00030
Ruminiclostridium	1508657	G	266	0.00015	140	0.00005	249	0.00006
Solibaculum	2842531	G	218	0.00012	1051	0.00038	2099	0.00050
Acetivibrio	35829	G	257	0.00014	142	0.00005	267	0.00006
Paludihabitans	2038676	G	110	0.00006	57	0.00002	162	0.00004
Fastidiosipila	236752	G	103	0.00006	0	0.00000	21	0.00001
Amygdalobacter	3079925	G	97	0.00005	97	0.00004	171	0.00004
Petroclostridium	2304687	G	95	0.00005	57	0.00002	147	0.00004
Mageeibacillus	1637257	G	190	0.00011	463	0.00017	825	0.00020
Ethanoligenens	253238	G	50	0.00003	178	0.00006	467	0.00011
Thermocaproicibacter	3048127	G	46	0.00003	77	0.00003	226	0.00005
Thermoclostridium	2304691	G	20	0.00001	46	0.00002	92	0.00002
Clostridium	1485	G	11445	0.00642	11953	0.00432	15676	0.00374
Crassaminicella	1848399	G	451	0.00025	77	0.00003	90	0.00002
Hungatella	1649459	G	435	0.00024	1436	0.00052	2591	0.00062
Sarcina	1266	G	256	0.00014	14	0.00001	0	0.00000
Caloramator	44258	G	198	0.00011	120	0.00004	146	0.00003
Oceanirhabdus	1434026	G	158	0.00009	62	0.00002	39	0.00001
Candidatus Arthromitus	49082	G	134	0.00008	43	0.00002	37	0.00001
Hathewaya	1769729	G	73	0.00004	35	0.00001	37	0.00001
Proteiniclasticum	1155385	G	23	0.00001	60	0.00002	164	0.00004
Eubacterium	1730	G	11110	0.00623	47114	0.01702	23959	0.00572
Acetobacterium	33951	G	47	0.00003	113	0.00004	176	0.00004
Alkalibacter	274470	G	46	0.00003	25	0.00001	45	0.00001
Intestinimonas	1392389	G	2179	0.00122	5028	0.00182	12960	0.00309
Massilistercora	2717089	G	196	0.00011	1285	0.00046	3351	0.00080
Flintibacter	1918454	G	173	0.00010	989	0.00036	2487	0.00059
Proteiniborus	415014	G	132	0.00007	33	0.00001	82	0.00002
Fenollaria	1686313	G	64	0.00004	49	0.00002	107	0.00003
Sinanaerobacter	2886866	G	57	0.00003	62	0.00002	137	0.00003
Maliibacterium	3047433	G	877	0.00049	275	0.00010	897	0.00021
Acutalibacter	1918385	G	148	0.00008	357	0.00013	953	0.00023
Caproiciproducens	1738645	G	94	0.00005	209	0.00008	681	0.00016
Caproicibacter	2576755	G	45	0.00003	130	0.00005	321	0.00008
Intestinibacillus	1928820	G	183	0.00010	437	0.00016	1162	0.00028
Agathobaculum	2048137	G	99	0.00006	244	0.00009	687	0.00016
Aristaeella	3046369	G	205	0.00012	327	0.00012	1154	0.00028
Dehalobacterium	51514	G	41	0.00002	29	0.00001	52	0.00001
Desulfofarcimen	2282742	G	35	0.00002	22	0.00001	38	0.00001
Desulforamulus	2916693	G	28	0.00002	55	0.00002	83	0.00002
Thermanaerosceptrum	2651578	G	25	0.00001	18	0.00001	25	0.00001
Candidatus Formimonas	2840454	G	11	0.00001	15	0.00001	51	0.00001
Dehalobacter	56112	G	65	0.00004	343	0.00012	395	0.00009
Desulfitobacterium	36853	G	33	0.00002	70	0.00003	176	0.00004
Desulfosporosinus	79206	G	27	0.00002	53	0.00002	107	0.00003
Candidatus Syntrophocurvum	2293313	G	19	0.00001	30	0.00001	53	0.00001
Syntrophomonas	862	G	18	0.00001	0	0.00000	10	0.00000
Alkalicella	2838170	G	10	0.00001	0	0.00000	0	0.00000
Desulfoscipio	2867376	G	10	0.00001	29	0.00001	39	0.00001
Clostridioides	1870884	G	5835	0.00327	9755	0.00352	18188	0.00434
Romboutsia	1501226	G	825	0.00046	1995	0.00072	717	0.00017
Terrisporobacter	1505652	G	405	0.00023	323	0.00012	168	0.00004
Paraclostridium	1849822	G	393	0.00022	153	0.00006	77	0.00002
Intestinibacter	1505657	G	165	0.00009	4922	0.00178	1597	0.00038
Tepidibacter	214904	G	112	0.00006	61	0.00002	58	0.00001
Peptacetobacter	2743582	G	98	0.00005	75	0.00003	71	0.00002
Peptostreptococcus	1257	G	46	0.00003	30	0.00001	33	0.00001
Emergencia	1926556	G	404	0.00023	488	0.00018	928	0.00022
Mogibacterium	86331	G	215	0.00012	602	0.00022	1079	0.00026
Aminipila	2060094	G	124	0.00007	310	0.00011	726	0.00017
Alkaliphilus	114627	G	129	0.00007	46	0.00002	99	0.00002
Serpentinicella	1890059	G	70	0.00004	25	0.00001	24	0.00001
Caminicella	166484	G	161	0.00009	30	0.00001	47	0.00001
Geosporobacter	390805	G	106	0.00006	19	0.00001	37	0.00001
Filifactor	44259	G	118	0.00007	251	0.00009	154	0.00004
Acetoanaerobium	186831	G	34	0.00002	18	0.00001	13	0.00000
Peptoclostridium	1481960	G	32	0.00002	34	0.00001	101	0.00002
Thermoanaerobacterium	28895	G	378	0.00021	95	0.00003	132	0.00003
Thermoanaerobacter	1754	G	182	0.00010	42	0.00002	57	0.00001
Caldanaerobacter	249529	G	47	0.00003	15	0.00001	15	0.00000
Aceticella	3051499	G	38	0.00002	19	0.00001	32	0.00001
Mahella	252965	G	38	0.00002	12	0.00000	44	0.00001
Halobacteroides	42417	G	55	0.00003	0	0.00000	0	0.00000
Acetohalobium	28186	G	41	0.00002	0	0.00000	20	0.00000
Halanaerobium	2330	G	83	0.00005	44	0.00002	31	0.00001
Anoxybacter	1769008	G	20	0.00001	15	0.00001	29	0.00001
Halothermothrix	32636	G	10	0.00001	0	0.00000	13	0.00000
Christensenella	990721	G	194	0.00011	763	0.00028	1379	0.00033
Monoglobus	2039302	G	117	0.00007	5710	0.00206	10039	0.00240
Helicovermis	3136917	G	57	0.00003	19	0.00001	22	0.00001
Tepidanaerobacter	499228	G	29	0.00002	0	0.00000	30	0.00001
Biomaibacter	2770094	G	10	0.00001	10	0.00000	30	0.00001
Koleobacter	2786989	G	24	0.00001	14	0.00001	33	0.00001
Moorella	44260	G	13	0.00001	32	0.00001	83	0.00002
Dialister	39948	G	16045	0.00900	530	0.00019	1227	0.00029
Veillonella	29465	G	149	0.00008	257	0.00009	169	0.00004
Megasphaera	906	G	97	0.00005	172	0.00006	375	0.00009
Megamonas	158846	G	1458	0.00082	70	0.00003	64	0.00002
Selenomonas	970	G	88	0.00005	235	0.00008	677	0.00016
Selenobaculum	3074372	G	41	0.00002	16	0.00001	27	0.00001
Sporomusa	2375	G	21	0.00001	47	0.00002	141	0.00003
Phascolarctobacterium	33024	G	359	0.00020	64934	0.02346	106206	0.02536
Acidaminococcus	904	G	46	0.00003	53	0.00002	149	0.00004
Streptococcus	1301	G	5652	0.00317	20232	0.00731	17670	0.00422
Lactococcus	1357	G	1493	0.00084	2774	0.00100	1047	0.00025
Floricoccus	1930830	G	21	0.00001	0	0.00000	23	0.00001
Lactobacillus	1578	G	430	0.00024	414	0.00015	477	0.00011
Leuconostoc	1243	G	331	0.00019	44	0.00002	55	0.00001
Lacticaseibacillus	2759736	G	426	0.00024	81	0.00003	183	0.00004
Ligilactobacillus	2767887	G	154	0.00009	695	0.00025	658	0.00016
Companilactobacillus	2767879	G	132	0.00007	35	0.00001	80	0.00002
Latilactobacillus	2767885	G	92	0.00005	42	0.00002	67	0.00002
Limosilactobacillus	2742598	G	75	0.00004	664	0.00024	2765	0.00066
Lactiplantibacillus	2767842	G	118	0.00007	143	0.00005	115	0.00003
Apilactobacillus	2767877	G	56	0.00003	17	0.00001	0	0.00000
Weissella	46255	G	54	0.00003	25	0.00001	43	0.00001
Lentilactobacillus	2767893	G	52	0.00003	17	0.00001	38	0.00001
Liquorilactobacillus	2767888	G	37	0.00002	22	0.00001	29	0.00001
Pediococcus	1253	G	41	0.00002	24	0.00001	33	0.00001
Lapidilactobacillus	2767884	G	30	0.00002	0	0.00000	0	0.00000
Xylocopilactobacillus	3118928	G	26	0.00001	19	0.00001	24	0.00001
Loigolactobacillus	2767889	G	18	0.00001	21	0.00001	38	0.00001
Paucilactobacillus	2767890	G	14	0.00001	21	0.00001	13	0.00000
Enterococcus	1350	G	2238	0.00126	1243	0.00045	1586	0.00038
Vagococcus	2737	G	214	0.00012	68	0.00002	87	0.00002
Melissococcus	33969	G	45	0.00003	0	0.00000	0	0.00000
Tetragenococcus	51668	G	45	0.00003	10	0.00000	31	0.00001
Granulicatella	117563	G	216	0.00012	262	0.00009	265	0.00006
Carnobacterium	2747	G	210	0.00012	52	0.00002	83	0.00002
Jeotgalibaca	1470540	G	47	0.00003	22	0.00001	43	0.00001
Marinilactibacillus	191769	G	37	0.00002	0	0.00000	10	0.00000
Dolosigranulum	29393	G	13	0.00001	0	0.00000	13	0.00000
Aerococcus	1375	G	149	0.00008	35	0.00001	58	0.00001
Globicatella	13075	G	23	0.00001	0	0.00000	11	0.00000
Ruoffia	2862144	G	18	0.00001	0	0.00000	14	0.00000
Abiotrophia	46123	G	13	0.00001	20	0.00001	37	0.00001
Bacillus	1386	G	1781	0.00100	2393	0.00086	6531	0.00156
Lysinibacillus	400634	G	332	0.00019	175	0.00006	273	0.00007
Neobacillus	2675232	G	242	0.00014	175	0.00006	283	0.00007
Priestia	2800373	G	243	0.00014	87	0.00003	115	0.00003
Oceanobacillus	182709	G	215	0.00012	54	0.00002	83	0.00002
Niallia	2837506	G	203	0.00011	75	0.00003	130	0.00003
Heyndrickxia	2837504	G	507	0.00028	296	0.00011	512	0.00012
Virgibacillus	84406	G	104	0.00006	63	0.00002	86	0.00002
Gottfriedia	2837503	G	97	0.00005	20	0.00001	13	0.00000
Cytobacillus	2675230	G	85	0.00005	97	0.00004	98	0.00002
Anoxybacillus	150247	G	97	0.00005	45	0.00002	76	0.00002
Peribacillus	2675229	G	73	0.00004	49	0.00002	79	0.00002
Metabacillus	2675233	G	72	0.00004	101	0.00004	132	0.00003
Sutcliffiella	2837511	G	71	0.00004	0	0.00000	25	0.00001
Tepidibacillus	1494427	G	68	0.00004	0	0.00000	18	0.00000
Halobacillus	45667	G	67	0.00004	57	0.00002	73	0.00002
Fictibacillus	1329200	G	48	0.00003	52	0.00002	82	0.00002
Radiobacillus	2785518	G	46	0.00003	18	0.00001	29	0.00001
Psychrobacillus	1221880	G	44	0.00002	22	0.00001	50	0.00001
Gracilibacillus	74385	G	42	0.00002	14	0.00001	21	0.00001
Pontibacillus	289201	G	41	0.00002	10	0.00000	27	0.00001
Mangrovibacillus	2920444	G	33	0.00002	0	0.00000	0	0.00000
Pradoshia	2651279	G	33	0.00002	0	0.00000	14	0.00000
Lentibacillus	175304	G	29	0.00002	34	0.00001	34	0.00001
Parageobacillus	1906945	G	66	0.00004	63	0.00002	64	0.00002
Mesobacillus	2675231	G	23	0.00001	61	0.00002	135	0.00003
Ornithinibacillus	484508	G	23	0.00001	12	0.00000	0	0.00000
Evansella	2837485	G	18	0.00001	11	0.00000	17	0.00000
Amphibacillus	29331	G	21	0.00001	0	0.00000	11	0.00000
Rossellomorea	2837508	G	16	0.00001	43	0.00002	84	0.00002
Shouchella	2893057	G	14	0.00001	16	0.00001	27	0.00001
Alkalihalobacillus	2675234	G	12	0.00001	13	0.00000	12	0.00000
Fervidibacillus	3033930	G	10	0.00001	0	0.00000	15	0.00000
Caldibacillus	1276290	G	10	0.00001	10	0.00000	16	0.00000
Staphylococcus	1279	G	1592	0.00089	576	0.00021	729	0.00017
Mammaliicoccus	2803850	G	220	0.00012	51	0.00002	34	0.00001
Macrococcoides	3076173	G	73	0.00004	11	0.00000	31	0.00001
Macrococcus	69965	G	47	0.00003	28	0.00001	63	0.00002
Nosocomiicoccus	489909	G	42	0.00002	11	0.00000	15	0.00000
Salinicoccus	45669	G	24	0.00001	0	0.00000	0	0.00000
Paenibacillus	44249	G	925	0.00052	1495	0.00054	3319	0.00079
Brevibacillus	55080	G	92	0.00005	160	0.00006	283	0.00007
Saccharibacillus	456492	G	11	0.00001	10	0.00000	39	0.00001
Solibacillus	648800	G	137	0.00008	48	0.00002	85	0.00002
Sporosarcina	1569	G	99	0.00006	59	0.00002	173	0.00004
Planococcus	1372	G	104	0.00006	95	0.00003	212	0.00005
Ureibacillus	160795	G	50	0.00003	11	0.00000	20	0.00000
Paenisporosarcina	651660	G	50	0.00003	0	0.00000	14	0.00000
Rummeliibacillus	648802	G	47	0.00003	0	0.00000	25	0.00001
Kurthia	1649	G	25	0.00001	40	0.00001	40	0.00001
Viridibacillus	496496	G	15	0.00001	13	0.00000	0	0.00000
Gemella	1378	G	243	0.00014	204	0.00007	99	0.00002
Listeria	1637	G	114	0.00006	161	0.00006	181	0.00004
Brochothrix	2755	G	75	0.00004	0	0.00000	13	0.00000
Exiguobacterium	33986	G	28	0.00002	22	0.00001	82	0.00002
Alicyclobacillus	29330	G	12	0.00001	47	0.00002	177	0.00004
Faecalibacillus	2678885	G	9737	0.00546	88260	0.03189	50013	0.01194
Thomasclavelia	3025755	G	4096	0.00230	3059	0.00111	4815	0.00115
Catenibacterium	135858	G	590	0.00033	1137	0.00041	1012	0.00024
Tannockella	2943184	G	60	0.00003	86	0.00003	50	0.00001
Allocoprobacillus	3059504	G	191	0.00011	146	0.00005	95	0.00002
Amedibacterium	2749267	G	147	0.00008	351	0.00013	439	0.00010
Longicatena	1918536	G	133	0.00007	622	0.00022	952	0.00023
Erysipelothrix	1647	G	109	0.00006	48	0.00002	89	0.00002
Solobacterium	123375	G	85	0.00005	187	0.00007	313	0.00007
Intestinibaculum	2679910	G	59	0.00003	89	0.00003	91	0.00002
Faecalibaculum	1729679	G	12	0.00001	40	0.00001	102	0.00002
Allobaculum	174708	G	10	0.00001	37	0.00001	101	0.00002
Turicibacter	191303	G	158	0.00009	154	0.00006	213	0.00005
Anaerococcus	165779	G	355	0.00020	106	0.00004	92	0.00002
Parvimonas	543311	G	496	0.00028	208	0.00008	174	0.00004
Miniphocaeibacter	2126548	G	120	0.00007	18	0.00001	30	0.00001
Helcococcus	31983	G	111	0.00006	23	0.00001	27	0.00001
Finegoldia	150022	G	133	0.00007	76	0.00003	60	0.00001
Peptoniphilus	162289	G	86	0.00005	79	0.00003	123	0.00003
Murdochiella	1161127	G	24	0.00001	33	0.00001	75	0.00002
Tissierella	41273	G	202	0.00011	63	0.00002	64	0.00002
Gudongella	2692382	G	11	0.00001	0	0.00000	23	0.00001
Caloranaerobacter	171003	G	161	0.00009	31	0.00001	42	0.00001
Keratinibaculum	1354809	G	82	0.00005	22	0.00001	10	0.00000
Schnuerera	2794837	G	59	0.00003	82	0.00003	37	0.00001
Gottschalkia	1505664	G	109	0.00006	22	0.00001	30	0.00001
Acidilutibacter	2992720	G	34	0.00002	37	0.00001	49	0.00001
Sedimentibacter	190972	G	216	0.00012	78	0.00003	81	0.00002
Ezakiella	1582879	G	104	0.00006	87	0.00003	94	0.00002
Caldicellulosiruptor	44000	G	300	0.00017	128	0.00005	209	0.00005
Ndongobacter	1930845	G	10	0.00001	32	0.00001	72	0.00002
Collinsella	102106	G	2674	0.00150	323	0.00012	933	0.00022
Olsenella	133925	G	36	0.00002	100	0.00004	502	0.00012
Parafannyhessea	2847312	G	16	0.00001	37	0.00001	108	0.00003
Parolsenella	2082587	G	15	0.00001	42	0.00002	261	0.00006
Fannyhessea	2767327	G	13	0.00001	38	0.00001	60	0.00001
Atopobium	1380	G	12	0.00001	16	0.00001	56	0.00001
Adlercreutzia	447020	G	2046	0.00115	2749	0.00099	23179	0.00554
Gordonibacter	644652	G	369	0.00021	598	0.00022	4529	0.00108
Eggerthella	84111	G	96	0.00005	209	0.00008	1426	0.00034
Raoultibacter	1926677	G	14	0.00001	17	0.00001	139	0.00003
Slackia	84108	G	12	0.00001	29	0.00001	102	0.00002
Arabiibacter	2005386	G	12	0.00001	16	0.00001	98	0.00002
Denitrobacterium	79603	G	11	0.00001	22	0.00001	117	0.00003
Xiamenia	2981344	G	11	0.00001	13	0.00000	68	0.00002
Phoenicibacter	1981050	G	10	0.00001	17	0.00001	55	0.00001
Bifidobacterium	1678	G	4055	0.00228	24486	0.00885	123810	0.02957
Gardnerella	2701	G	44	0.00002	31	0.00001	55	0.00001
Microbacterium	33882	G	40	0.00002	67	0.00002	340	0.00008
Arthrobacter	1663	G	52	0.00003	71	0.00003	336	0.00008
Rothia	32207	G	18	0.00001	70	0.00003	109	0.00003
Pseudarthrobacter	1742993	G	12	0.00001	15	0.00001	64	0.00002
Corynebacterium	1716	G	100	0.00006	219	0.00008	984	0.00023
Mycolicibacterium	1866885	G	19	0.00001	54	0.00002	208	0.00005
Mycobacterium	1763	G	19	0.00001	52	0.00002	256	0.00006
Rhodococcus	1827	G	12	0.00001	45	0.00002	152	0.00004
Gordonia	2053	G	15	0.00001	28	0.00001	103	0.00002
Streptomyces	1883	G	122	0.00007	398	0.00014	1527	0.00036
Trueperella	1069494	G	39	0.00002	123	0.00004	122	0.00003
Actinomyces	1654	G	23	0.00001	182	0.00007	407	0.00010
Schaalia	2529408	G	20	0.00001	107	0.00004	335	0.00008
Micromonospora	1873	G	11	0.00001	36	0.00001	169	0.00004
Spiroplasma	2132	G	503	0.00028	105	0.00004	79	0.00002
Mesoplasma	46239	G	118	0.00007	19	0.00001	14	0.00000
Mycoplasma	2093	G	229	0.00013	99	0.00004	93	0.00002
Acholeplasma	2147	G	65	0.00004	0	0.00000	21	0.00001
Mariniplasma	2903100	G	61	0.00003	0	0.00000	0	0.00000
Haploplasma	2903106	G	46	0.00003	0	0.00000	0	0.00000
Candidatus Phytoplasma	33926	G	27	0.00002	0	0.00000	0	0.00000
Mycoplasmopsis	2767358	G	186	0.00010	77	0.00003	80	0.00002
Metamycoplasma	2895509	G	129	0.00007	59	0.00002	22	0.00001
Mesomycoplasma	2923352	G	51	0.00003	32	0.00001	25	0.00001
Malacoplasma	2791001	G	31	0.00002	0	0.00000	0	0.00000
Mycoplasmoides	2995234	G	14	0.00001	0	0.00000	0	0.00000
Ureaplasma	2129	G	11	0.00001	0	0.00000	0	0.00000
Candidatus Xianfuyuplasma	2975521	G	31	0.00002	0	0.00000	0	0.00000
Prochlorococcus	1218	G	132	0.00007	49	0.00002	54	0.00001
Synechococcus	1129	G	16	0.00001	46	0.00002	183	0.00004
Candidatus Atelocyanobacterium	1453359	G	67	0.00004	15	0.00001	10	0.00000
Geminocystis	669357	G	37	0.00002	13	0.00000	18	0.00000
Nostoc	1177	G	72	0.00004	112	0.00004	57	0.00001
Rivularia	373984	G	10	0.00001	0	0.00000	0	0.00000
Leptolyngbya	47251	G	16	0.00001	0	0.00000	25	0.00001
Dehalococcoides	61434	G	31	0.00002	22	0.00001	36	0.00001
Deinococcus	1298	G	27	0.00002	85	0.00003	209	0.00005
Bacteroides	816	G	205974	0.11557	460237	0.16627	702613	0.16779
Phocaeicola	909656	G	132041	0.07408	150665	0.05443	181092	0.04325
Parabacteroides	375288	G	62516	0.03508	195065	0.07047	337574	0.08062
Tannerella	195950	G	25	0.00001	79	0.00003	159	0.00004
Alistipes	239759	G	25748	0.01445	16032	0.00579	44856	0.01071
Odoribacter	283168	G	19235	0.01079	49595	0.01792	58225	0.01390
Butyricimonas	574697	G	7899	0.00443	12389	0.00448	19028	0.00454
Segatella	2974251	G	1118	0.00063	4661	0.00168	6194	0.00148
Paraprevotella	577309	G	1085	0.00061	684	0.00025	1195	0.00029
Prevotella	838	G	227	0.00013	1791	0.00065	2626	0.00063
Hoylesella	2974257	G	44	0.00002	624	0.00023	931	0.00022
Coprobacter	1348911	G	975	0.00055	5928	0.00214	5789	0.00138
Barnesiella	397864	G	1625	0.00091	2021	0.00073	3663	0.00087
Muribaculum	1918540	G	154	0.00009	189	0.00007	307	0.00007
Duncaniella	2518495	G	77	0.00004	337	0.00012	546	0.00013
Sodaliphilus	2815786	G	19	0.00001	45	0.00002	101	0.00002
Porphyromonas	836	G	135	0.00008	319	0.00012	544	0.00013
Dysgonomonas	156973	G	27	0.00002	121	0.00004	245	0.00006
Petrimonas	307628	G	16	0.00001	68	0.00002	147	0.00004
Proteiniphilum	294702	G	12	0.00001	90	0.00003	129	0.00003
Draconibacterium	1471399	G	58	0.00003	227	0.00008	295	0.00007
Marinifilum	866673	G	26	0.00001	43	0.00002	55	0.00001
Labilibaculum	2060722	G	20	0.00001	41	0.00001	61	0.00001
Carboxylicivirga	1628153	G	10	0.00001	78	0.00003	94	0.00002
Flavobacterium	237	G	713	0.00040	902	0.00033	996	0.00024
Polaribacter	52959	G	226	0.00013	245	0.00009	117	0.00003
Winogradskyella	286104	G	79	0.00004	64	0.00002	51	0.00001
Lacinutrix	291183	G	267	0.00015	49	0.00002	47	0.00001
Capnocytophaga	1016	G	63	0.00004	110	0.00004	146	0.00003
Tenacibaculum	104267	G	59	0.00003	44	0.00002	44	0.00001
Cellulophaga	104264	G	68	0.00004	64	0.00002	50	0.00001
Lutibacter	358023	G	45	0.00003	24	0.00001	23	0.00001
Nonlabens	363408	G	51	0.00003	43	0.00002	86	0.00002
Aquimarina	290174	G	39	0.00002	25	0.00001	26	0.00001
Candidatus Arcticimaribacter	2953860	G	26	0.00001	0	0.00000	0	0.00000
Myroides	76831	G	60	0.00003	118	0.00004	138	0.00003
Zobellia	112040	G	25	0.00001	14	0.00001	33	0.00001
Maribacter	252356	G	23	0.00001	38	0.00001	57	0.00001
Formosa	225842	G	34	0.00002	54	0.00002	119	0.00003
Leeuwenhoekiella	283735	G	19	0.00001	21	0.00001	28	0.00001
Flaviramulus	369400	G	18	0.00001	0	0.00000	0	0.00000
Flagellimonas	444459	G	32	0.00002	39	0.00001	81	0.00002
Psychroflexus	83612	G	17	0.00001	13	0.00000	0	0.00000
Christiangramia	292691	G	18	0.00001	76	0.00003	75	0.00002
Seonamhaeicola	1649495	G	12	0.00001	0	0.00000	11	0.00000
Tamlana	393005	G	11	0.00001	11	0.00000	0	0.00000
Gilvibacter	379070	G	11	0.00001	0	0.00000	0	0.00000
Salegentibacter	143222	G	11	0.00001	18	0.00001	25	0.00001
Kordia	221065	G	10	0.00001	11	0.00000	12	0.00000
Mesoflavibacter	444051	G	10	0.00001	0	0.00000	0	0.00000
Chryseobacterium	59732	G	263	0.00015	599	0.00022	639	0.00015
Kaistella	2782231	G	15	0.00001	46	0.00002	43	0.00001
Elizabethkingia	308865	G	32	0.00002	69	0.00002	90	0.00002
Ornithobacterium	28250	G	30	0.00002	59	0.00002	64	0.00002
Riemerella	34084	G	25	0.00001	25	0.00001	172	0.00004
Empedobacter	59734	G	18	0.00001	19	0.00001	35	0.00001
Faecalibacter	2766734	G	14	0.00001	18	0.00001	28	0.00001
Blattabacterium	34098	G	167	0.00009	44	0.00002	60	0.00001
Ichthyobacterium	1755829	G	11	0.00001	0	0.00000	0	0.00000
Flammeovirga	59739	G	76	0.00004	56	0.00002	41	0.00001
Chondrinema	3051458	G	34	0.00002	14	0.00001	18	0.00000
Arcticibacterium	2173039	G	45	0.00003	0	0.00000	0	0.00000
Emticicia	312278	G	33	0.00002	10	0.00000	26	0.00001
Hymenobacter	89966	G	33	0.00002	118	0.00004	374	0.00009
Pontibacter	323449	G	19	0.00001	29	0.00001	104	0.00002
Aureibacter	1097443	G	27	0.00002	0	0.00000	0	0.00000
Spirosoma	107	G	23	0.00001	79	0.00003	182	0.00004
Algoriphagus	246875	G	12	0.00001	24	0.00001	44	0.00001
Bernardetia	1937972	G	27	0.00002	19	0.00001	14	0.00000
Marivirga	869806	G	23	0.00001	16	0.00001	15	0.00000
Dyadobacter	120831	G	11	0.00001	64	0.00002	100	0.00002
Fulvivirga	396811	G	14	0.00001	29	0.00001	36	0.00001
Sphingobacterium	28453	G	95	0.00005	254	0.00009	332	0.00008
Pedobacter	84567	G	71	0.00004	191	0.00007	204	0.00005
Mucilaginibacter	423349	G	68	0.00004	172	0.00006	303	0.00007
Chitinophaga	79328	G	36	0.00002	134	0.00005	288	0.00007
Flavisolibacter	398041	G	19	0.00001	12	0.00000	23	0.00001
Ferruginibacter	1004303	G	13	0.00001	18	0.00001	0	0.00000
Flavihumibacter	1004301	G	10	0.00001	17	0.00001	44	0.00001
Aureispira	365032	G	11	0.00001	0	0.00000	11	0.00000
Prosthecochloris	1101	G	39	0.00002	20	0.00001	55	0.00001
Ignavibacterium	795750	G	22	0.00001	0	0.00000	14	0.00000
Akkermansia	239934	G	12614	0.00708	36053	0.01302	157596	0.03764
Sulfuriroseicoccus	2911469	G	10	0.00001	0	0.00000	0	0.00000
Methylacidiphilum (ex Ratnadevi et al. 2023)	511745	G	11	0.00001	0	0.00000	0	0.00000
Candidatus Neptunochlamydia	1891669	G	29	0.00002	0	0.00000	0	0.00000
Chlamydia	810	G	16	0.00001	13	0.00000	17	0.00000
Aeromonas	642	G	924	0.00052	152	0.00005	282	0.00007
Candidatus Blochmanniella	203804	G	27	0.00002	11	0.00000	15	0.00000
Candidatus Westeberhardia	1699619	G	15	0.00001	0	0.00000	0	0.00000
Salmonella	590	G	1511	0.00085	560	0.00020	2085	0.00050
Klebsiella	570	G	39	0.00002	118	0.00004	307	0.00007
Enterobacter	547	G	1563	0.00088	2224	0.00080	2123	0.00051
Escherichia	561	G	136	0.00008	2004	0.00072	4581	0.00109
Citrobacter	544	G	23	0.00001	103	0.00004	122	0.00003
Buchnera	32199	G	125	0.00007	47	0.00002	22	0.00001
Erwinia	551	G	34	0.00002	52	0.00002	77	0.00002
Pantoea	53335	G	24	0.00001	52	0.00002	147	0.00004
Xenorhabdus	626	G	26	0.00001	34	0.00001	61	0.00001
Providencia	586	G	21	0.00001	45	0.00002	50	0.00001
Proteus	583	G	30	0.00002	201	0.00007	133	0.00003
Yersinia	629	G	29	0.00002	59	0.00002	91	0.00002
Serratia	613	G	18	0.00001	63	0.00002	163	0.00004
Pectobacterium	122277	G	15	0.00001	48	0.00002	80	0.00002
Shewanella	22	G	87	0.00005	56	0.00002	173	0.00004
Pseudoalteromonas	53246	G	46	0.00003	53	0.00002	143	0.00003
Alkalimarinus	1858563	G	15	0.00001	0	0.00000	0	0.00000
Colwellia	28228	G	18	0.00001	10	0.00000	15	0.00000
Thalassotalea	1518149	G	10	0.00001	0	0.00000	21	0.00001
Pasteurella	745	G	64	0.00004	60	0.00002	151	0.00004
Haemophilus	724	G	60	0.00003	40	0.00001	61	0.00001
Gallibacterium	155493	G	21	0.00001	28	0.00001	70	0.00002
Mannheimia	75984	G	19	0.00001	25	0.00001	27	0.00001
Bisgaardia	109471	G	14	0.00001	0	0.00000	0	0.00000
Otariodibacter	1249016	G	14	0.00001	0	0.00000	0	0.00000
Actinobacillus	713	G	12	0.00001	20	0.00001	154	0.00004
Bibersteinia	476528	G	10	0.00001	0	0.00000	11	0.00000
Acinetobacter	469	G	211	0.00012	317	0.00011	355	0.00008
Moraxella	475	G	17	0.00001	40	0.00001	51	0.00001
Psychrobacter	497	G	12	0.00001	50	0.00002	30	0.00001
Pseudomonas	286	G	355	0.00020	522	0.00019	2101	0.00050
Entomomonas	2758906	G	16	0.00001	0	0.00000	0	0.00000
Stutzerimonas	2901164	G	11	0.00001	16	0.00001	100	0.00002
Marinobacter	2742	G	34	0.00002	67	0.00002	184	0.00004
Vibrio	662	G	170	0.00010	245	0.00009	394	0.00009
Photobacterium	657	G	12	0.00001	38	0.00001	86	0.00002
Aliivibrio	511678	G	13	0.00001	0	0.00000	17	0.00000
Francisella	262	G	108	0.00006	23	0.00001	51	0.00001
Allofrancisella	1869285	G	54	0.00003	0	0.00000	0	0.00000
Thiosulfativibrio	2781120	G	10	0.00001	0	0.00000	0	0.00000
Spartinivicinus	2768738	G	48	0.00003	0	0.00000	0	0.00000
Candidatus Carsonella	114185	G	14	0.00001	0	0.00000	0	0.00000
Halomonas	2745	G	18	0.00001	64	0.00002	188	0.00004
Neptunomonas	75687	G	11	0.00001	0	0.00000	10	0.00000
Legionella	445	G	70	0.00004	56	0.00002	89	0.00002
Rickettsiella	59195	G	11	0.00001	0	0.00000	0	0.00000
Halorhodospira	85108	G	27	0.00002	0	0.00000	12	0.00000
Candidatus Nardonella	204619	G	27	0.00002	0	0.00000	0	0.00000
Xanthomonas	338	G	14	0.00001	29	0.00001	140	0.00003
Lysobacter	68	G	14	0.00001	20	0.00001	83	0.00002
Candidatus Paraluminiphilus	3040948	G	14	0.00001	0	0.00000	0	0.00000
Microbulbifer	48073	G	16	0.00001	27	0.00001	95	0.00002
Methylomonas	416	G	25	0.00001	23	0.00001	91	0.00002
Kangiella	261963	G	31	0.00002	0	0.00000	15	0.00000
Gilliamella	1193503	G	18	0.00001	21	0.00001	22	0.00001
Oxalobacter	846	G	914	0.00051	1026	0.00037	3089	0.00074
Janthinobacterium	29580	G	36	0.00002	31	0.00001	65	0.00002
Sutterella	40544	G	518	0.00029	2668	0.00096	4086	0.00098
Duodenibacillus	1980697	G	10	0.00001	0	0.00000	23	0.00001
Polynucleobacter	44013	G	39	0.00002	36	0.00001	102	0.00002
Paraburkholderia	1822464	G	41	0.00002	41	0.00001	147	0.00004
Caballeronia	1827195	G	23	0.00001	12	0.00000	36	0.00001
Burkholderia	32008	G	34	0.00002	273	0.00010	922	0.00022
Cupriavidus	106589	G	18	0.00001	26	0.00001	129	0.00003
Bordetella	517	G	26	0.00001	35	0.00001	103	0.00002
Neisseria	482	G	33	0.00002	102	0.00004	180	0.00004
Snodgrassella	1193515	G	19	0.00001	0	0.00000	0	0.00000
Aquitalea	407217	G	12	0.00001	0	0.00000	0	0.00000
Candidatus Methylopumilus	1679002	G	18	0.00001	0	0.00000	0	0.00000
Rhizobium	379	G	40	0.00002	104	0.00004	342	0.00008
Agrobacterium	357	G	47	0.00003	94	0.00003	262	0.00006
Liberibacter	34019	G	61	0.00003	13	0.00000	0	0.00000
Sinorhizobium	28105	G	15	0.00001	74	0.00003	177	0.00004
Bartonella	773	G	72	0.00004	42	0.00002	77	0.00002
Bradyrhizobium	374	G	61	0.00003	95	0.00003	338	0.00008
Mesorhizobium	68287	G	32	0.00002	62	0.00002	245	0.00006
Cohaesibacter	655352	G	20	0.00001	50	0.00002	114	0.00003
Devosia	46913	G	15	0.00001	31	0.00001	103	0.00002
Wolbachia	953	G	111	0.00006	14	0.00001	27	0.00001
Ehrlichia	943	G	75	0.00004	0	0.00000	0	0.00000
Rickettsia	780	G	56	0.00003	31	0.00001	42	0.00001
Candidatus Bandiella	2716172	G	13	0.00001	0	0.00000	0	0.00000
Sulfitobacter	60136	G	12	0.00001	32	0.00001	70	0.00002
Paracoccus	265	G	31	0.00002	60	0.00002	169	0.00004
Komagataeibacter	1434011	G	44	0.00002	54	0.00002	160	0.00004
Azospirillum	191	G	32	0.00002	23	0.00001	130	0.00003
Sphingomonas	13687	G	39	0.00002	106	0.00004	364	0.00009
Sphingobium	165695	G	73	0.00004	59	0.00002	269	0.00006
Candidatus Pelagibacter	198251	G	23	0.00001	16	0.00001	0	0.00000
Hyphomonas	85	G	16	0.00001	15	0.00001	56	0.00001
Fusobacterium	848	G	864	0.00048	467	0.00017	221	0.00005
Ilyobacter	167639	G	569	0.00032	38	0.00001	56	0.00001
Cetobacterium	180162	G	33	0.00002	35	0.00001	15	0.00000
Leptotrichia	32067	G	150	0.00008	108	0.00004	91	0.00002
Streptobacillus	34104	G	99	0.00006	14	0.00001	10	0.00000
Sneathia	168808	G	49	0.00003	0	0.00000	11	0.00000
Pseudoleptotrichia	2755140	G	36	0.00002	0	0.00000	10	0.00000
Sebaldella	32068	G	35	0.00002	0	0.00000	0	0.00000
Haliovirga	3072462	G	86	0.00005	0	0.00000	12	0.00000
Campylobacter	194	G	939	0.00053	3947	0.00143	4530	0.00108
Aliarcobacter	2321111	G	124	0.00007	101	0.00004	43	0.00001
Halarcobacter	2321115	G	109	0.00006	18	0.00001	15	0.00000
Arcobacter	28196	G	141	0.00008	36	0.00001	21	0.00001
Malaciobacter	2321114	G	37	0.00002	18	0.00001	0	0.00000
Poseidonibacter	2321187	G	32	0.00002	0	0.00000	0	0.00000
Helicobacter	209	G	88	0.00005	57	0.00002	78	0.00002
Sulfurimonas	202746	G	78	0.00004	67	0.00002	89	0.00002
Nitrosophilus	2795692	G	49	0.00003	0	0.00000	0	0.00000
Nitratiruptor	269258	G	24	0.00001	14	0.00001	19	0.00000
Nautilia	191291	G	12	0.00001	0	0.00000	0	0.00000
Hippea	84404	G	10	0.00001	0	0.00000	0	0.00000
Desulfovibrio	872	G	514	0.00029	2302	0.00083	8704	0.00208
Pseudodesulfovibrio	2035811	G	37	0.00002	80	0.00003	247	0.00006
Desulfonema	45654	G	10	0.00001	30	0.00001	21	0.00001
Desulfosarcina	2299	G	14	0.00001	21	0.00001	78	0.00002
Desulfuromonas	890	G	26	0.00001	39	0.00001	111	0.00003
Treponema	157	G	246	0.00014	531	0.00019	972	0.00023
Borreliella	64895	G	31	0.00002	28	0.00001	49	0.00001
Borrelia	138	G	36	0.00002	23	0.00001	27	0.00001
Entomospira	2834378	G	22	0.00001	0	0.00000	0	0.00000
Sphaerochaeta	399320	G	24	0.00001	70	0.00003	141	0.00003
Brachyspira	29521	G	104	0.00006	53	0.00002	58	0.00001
Leptospira	171	G	15	0.00001	55	0.00002	66	0.00002
Thermosipho	2420	G	134	0.00008	18	0.00001	0	0.00000
Thermotoga	2335	G	34	0.00002	15	0.00001	17	0.00000
Pseudothermotoga	1643951	G	19	0.00001	11	0.00000	0	0.00000
Marinitoga	160798	G	98	0.00005	25	0.00001	11	0.00000
Tepiditoga	2778400	G	32	0.00002	0	0.00000	0	0.00000
Oceanotoga	1255275	G	18	0.00001	11	0.00000	17	0.00000
Kosmotoga	651456	G	24	0.00001	0	0.00000	25	0.00001
Mesotoga	1184396	G	22	0.00001	0	0.00000	12	0.00000
Athalassotoga	1769718	G	13	0.00001	0	0.00000	0	0.00000
Halobacteriovorax	1652133	G	32	0.00002	11	0.00000	14	0.00000
Sulfurihydrogenibium	212790	G	39	0.00002	0	0.00000	15	0.00000
Hydrogenobaculum	168657	G	11	0.00001	0	0.00000	0	0.00000
Pyramidobacter	638847	G	22	0.00001	111	0.00004	299	0.00007
Fretibacterium	1434006	G	15	0.00001	20	0.00001	67	0.00002
Candidatus Nanosynbacter	2093823	G	34	0.00002	263	0.00010	481	0.00011
Deferribacter	53572	G	19	0.00001	0	0.00000	0	0.00000
Mucispirillum	248038	G	10	0.00001	0	0.00000	35	0.00001
Chloracidobacterium	458032	G	13	0.00001	0	0.00000	13	0.00000
Thermodesulfovibrio	28261	G	17	0.00001	0	0.00000	14	0.00000
Thermodesulfobium	227388	G	25	0.00001	0	0.00000	0	0.00000
Dictyoglomus	13	G	12	0.00001	13	0.00000	0	0.00000
Methanobrevibacter	2172	G	3204	0.00180	99737	0.03603	66063	0.01578
Methanobacterium	2160	G	16	0.00001	13	0.00000	0	0.00000
Methanosphaera	2316	G	15	0.00001	11	0.00000	0	0.00000
Methanococcus	2184	G	15	0.00001	23	0.00001	24	0.00001
Methanosarcina	2207	G	11	0.00001	23	0.00001	40	0.00001
Sulfolobus	2284	G	15	0.00001	0	0.00000	0	0.00000
Acidianus	12914	G	11	0.00001	0	0.00000	0	0.00000
Nitrosopumilus	338191	G	20	0.00001	0	0.00000	0	0.00000
Candidatus Nitrosotenuis	1825023	G	14	0.00001	0	0.00000	0	0.00000
Homo	9605	G	3186	0.00179	7619	0.00275	1714	0.00041
Drivevirus	2948684	G	8218	0.00461	0	0.00000	0	0.00000
Dabirmavirus	2948671	G	259	0.00015	0	0.00000	0	0.00000
Delmidovirus	2948688	G	15	0.00001	0	0.00000	0	0.00000
Carjivirus	2948652	G	13	0.00001	902	0.00033	347	0.00008
Culoivirus	2942992	G	27	0.00002	3384	0.00122	1571	0.00038
Oengusvirus	2733199	G	41	0.00002	0	0.00000	0	0.00000
Lazarusvirus	2842820	G	13	0.00001	0	0.00000	0	0.00000
Alphaendornavirus	2003394	G	24	0.00001	0	0.00000	0	0.00000
Carboxydocella	178898	G	0	0.00000	10	0.00000	18	0.00000
Butyricicoccus	580596	G	0	0.00000	48	0.00002	142	0.00003
Syntrophobotulus	51196	G	0	0.00000	25	0.00001	92	0.00002
Heliomicrobium	2831443	G	0	0.00000	18	0.00001	64	0.00002
Desulfotomaculum	1562	G	0	0.00000	51	0.00002	41	0.00001
Symbiobacterium	2733	G	0	0.00000	12	0.00000	32	0.00001
Thermincola	278993	G	0	0.00000	12	0.00000	30	0.00001
Gelria	189326	G	0	0.00000	24	0.00001	40	0.00001
Ammonifex	42837	G	0	0.00000	13	0.00000	39	0.00001
Iocasia	2899804	G	0	0.00000	23	0.00001	0	0.00000
Pectinatus	864	G	0	0.00000	10	0.00000	22	0.00001
Anaeromusa	81463	G	0	0.00000	26	0.00001	43	0.00001
Methylomusa	2093783	G	0	0.00000	23	0.00001	36	0.00001
Pelosinus	365348	G	0	0.00000	22	0.00001	58	0.00001
Levilactobacillus	2767886	G	0	0.00000	32	0.00001	83	0.00002
Fructilactobacillus	2767881	G	0	0.00000	19	0.00001	28	0.00001
Oenococcus	46254	G	0	0.00000	17	0.00001	22	0.00001
Trichococcus	82802	G	0	0.00000	29	0.00001	64	0.00002
Ignavigranum	89092	G	0	0.00000	19	0.00001	0	0.00000
Geobacillus	129337	G	0	0.00000	64	0.00002	119	0.00003
Terribacillus	459532	G	0	0.00000	24	0.00001	39	0.00001
Aeribacillus	1055323	G	0	0.00000	21	0.00001	18	0.00000
Salisediminibacterium	1434042	G	0	0.00000	22	0.00001	55	0.00001
Lederbergia	2804231	G	0	0.00000	19	0.00001	0	0.00000
Salicibibacter	2685905	G	0	0.00000	16	0.00001	40	0.00001
Siminovitchia	2837510	G	0	0.00000	15	0.00001	39	0.00001
Salipaludibacillus	1884449	G	0	0.00000	14	0.00001	23	0.00001
Salimicrobium	351195	G	0	0.00000	12	0.00000	16	0.00000
Cohnella	329857	G	0	0.00000	39	0.00001	121	0.00003
Aneurinibacillus	55079	G	0	0.00000	32	0.00001	52	0.00001
Thermobacillus	76632	G	0	0.00000	16	0.00001	62	0.00001
Tumebacillus	432330	G	0	0.00000	13	0.00000	42	0.00001
Sporolactobacillus	2077	G	0	0.00000	10	0.00000	12	0.00000
Limnochorda	1676651	G	0	0.00000	10	0.00000	35	0.00001
Kocuria	57493	G	0	0.00000	34	0.00001	70	0.00002
Glutamicibacter	1742989	G	0	0.00000	17	0.00001	26	0.00001
Paeniglutamicibacter	1742990	G	0	0.00000	10	0.00000	0	0.00000
Leucobacter	55968	G	0	0.00000	20	0.00001	53	0.00001
Curtobacterium	2034	G	0	0.00000	22	0.00001	57	0.00001
Cellulomonas	1707	G	0	0.00000	29	0.00001	92	0.00002
Brevibacterium	1696	G	0	0.00000	21	0.00001	82	0.00002
Brachybacterium	43668	G	0	0.00000	16	0.00001	55	0.00001
Arcanobacterium	28263	G	0	0.00000	27	0.00001	49	0.00001
Gleimia	2692113	G	0	0.00000	10	0.00000	29	0.00001
Nocardia	1817	G	0	0.00000	36	0.00001	146	0.00003
Actinacidiphila	2995702	G	0	0.00000	10	0.00000	21	0.00001
Propionibacterium	1743	G	0	0.00000	23	0.00001	131	0.00003
Tessaracoccus	72763	G	0	0.00000	14	0.00001	82	0.00002
Nocardioides	1839	G	0	0.00000	47	0.00002	158	0.00004
Amycolatopsis	1813	G	0	0.00000	30	0.00001	155	0.00004
Saccharopolyspora	1835	G	0	0.00000	15	0.00001	52	0.00001
Pseudonocardia	1847	G	0	0.00000	10	0.00000	36	0.00001
Actinoplanes	1865	G	0	0.00000	30	0.00001	95	0.00002
Nocardiopsis	2013	G	0	0.00000	13	0.00000	58	0.00001
Nonomuraea	83681	G	0	0.00000	22	0.00001	67	0.00002
Candidatus Nanopelagicus	2039639	G	0	0.00000	11	0.00000	0	0.00000
Candidatus Planktophila	622681	G	0	0.00000	10	0.00000	48	0.00001
Berryella	2815775	G	0	0.00000	23	0.00001	123	0.00003
Lancefieldella	2767353	G	0	0.00000	101	0.00004	305	0.00007
Thermophilibacter	2847307	G	0	0.00000	21	0.00001	89	0.00002
Leptogranulimonas	2995122	G	0	0.00000	11	0.00000	68	0.00002
Coriobacterium	33870	G	0	0.00000	21	0.00001	139	0.00003
Rubrobacter	42255	G	0	0.00000	12	0.00000	62	0.00001
Gloeocapsa	102231	G	0	0.00000	23	0.00001	15	0.00000
Planktothrix	54304	G	0	0.00000	21	0.00001	49	0.00001
Pleurocapsa	44474	G	0	0.00000	19	0.00001	30	0.00001
Acaryochloris	155977	G	0	0.00000	13	0.00000	28	0.00001
Gloeobacter	33071	G	0	0.00000	11	0.00000	41	0.00001
Pseudanabaena	1152	G	0	0.00000	11	0.00000	12	0.00000
Thermus	270	G	0	0.00000	25	0.00001	53	0.00001
Acetobacteroides	1647173	G	0	0.00000	13	0.00000	47	0.00001
Pseudoprevotella	2884814	G	0	0.00000	145	0.00005	286	0.00007
Xylanibacter	558436	G	0	0.00000	86	0.00003	186	0.00004
Paramuribaculum	2518497	G	0	0.00000	39	0.00001	69	0.00002
Macellibacteroides	1159323	G	0	0.00000	142	0.00005	136	0.00003
Paludibacter	346096	G	0	0.00000	65	0.00002	105	0.00003
Candidatus Azobacteroides	511434	G	0	0.00000	10	0.00000	10	0.00000
Mangrovibacterium	1573808	G	0	0.00000	32	0.00001	38	0.00001
Maribellus	2678352	G	0	0.00000	21	0.00001	44	0.00001
Aquipluma	2792393	G	0	0.00000	19	0.00001	32	0.00001
Sunxiuqinia	1254401	G	0	0.00000	11	0.00000	24	0.00001
Xiashengella	3129724	G	0	0.00000	18	0.00001	22	0.00001
Alkalitalea	1193324	G	0	0.00000	14	0.00001	16	0.00000
Zunongwangia	417127	G	0	0.00000	70	0.00003	70	0.00002
Mangrovimonas	1211036	G	0	0.00000	21	0.00001	11	0.00000
Algibacter	261827	G	0	0.00000	18	0.00001	25	0.00001
Aequorivita	153265	G	0	0.00000	18	0.00001	19	0.00000
Sinomicrobium	1434045	G	0	0.00000	14	0.00001	11	0.00000
Antarcticibacterium	2058174	G	0	0.00000	11	0.00000	14	0.00000
Dokdonia	326319	G	0	0.00000	13	0.00000	24	0.00001
Cloacibacterium	501783	G	0	0.00000	47	0.00002	33	0.00001
Marnyiella	3088764	G	0	0.00000	11	0.00000	0	0.00000
Rufibacter	1379908	G	0	0.00000	24	0.00001	50	0.00001
Adhaeribacter	299566	G	0	0.00000	11	0.00000	14	0.00000
Rhodocytophaga	455076	G	0	0.00000	23	0.00001	13	0.00000
Cytophaga	978	G	0	0.00000	15	0.00001	0	0.00000
Echinicola	390846	G	0	0.00000	52	0.00002	101	0.00002
Cyclobacterium	68288	G	0	0.00000	28	0.00001	0	0.00000
Tellurirhabdus	2674996	G	0	0.00000	17	0.00001	46	0.00001
Runella	105	G	0	0.00000	13	0.00000	26	0.00001
Imperialibacter	1649461	G	0	0.00000	17	0.00001	16	0.00000
Chryseolinea	1433993	G	0	0.00000	10	0.00000	28	0.00001
Marinilongibacter	2975149	G	0	0.00000	12	0.00000	29	0.00001
Catalinimonas	1522128	G	0	0.00000	12	0.00000	39	0.00001
Aquirufa	2676247	G	0	0.00000	19	0.00001	21	0.00001
Reichenbachiella	156993	G	0	0.00000	18	0.00001	10	0.00000
Persicobacter	59740	G	0	0.00000	10	0.00000	19	0.00000
Olivibacter	376469	G	0	0.00000	25	0.00001	20	0.00000
Pseudopedobacter	1649482	G	0	0.00000	39	0.00001	37	0.00001
Solitalea	929509	G	0	0.00000	18	0.00001	16	0.00000
Anseongella	1773450	G	0	0.00000	13	0.00000	20	0.00000
Aurantibacillus	3088889	G	0	0.00000	12	0.00000	10	0.00000
Arachidicoccus	1769012	G	0	0.00000	30	0.00001	51	0.00001
Niabella	379899	G	0	0.00000	20	0.00001	48	0.00001
Paraflavitalea	2698688	G	0	0.00000	18	0.00001	31	0.00001
Niastella	354354	G	0	0.00000	15	0.00001	0	0.00000
Chlorobaculum	256319	G	0	0.00000	13	0.00000	26	0.00001
Melioribacter	1134403	G	0	0.00000	19	0.00001	15	0.00000
Pirellulimonas	2795783	G	0	0.00000	12	0.00000	16	0.00000
Gimesia	1649453	G	0	0.00000	20	0.00001	38	0.00001
Sedimentisphaera	2483368	G	0	0.00000	11	0.00000	30	0.00001
Kosakonia	1330547	G	0	0.00000	26	0.00001	70	0.00002
Leclercia	83654	G	0	0.00000	13	0.00000	44	0.00001
Buttiauxella	82976	G	0	0.00000	12	0.00000	21	0.00001
Morganella	581	G	0	0.00000	23	0.00001	38	0.00001
Arsenophonus	637	G	0	0.00000	13	0.00000	0	0.00000
Chania	1745211	G	0	0.00000	11	0.00000	0	0.00000
Brenneria	71655	G	0	0.00000	20	0.00001	55	0.00001
Dickeya	204037	G	0	0.00000	19	0.00001	65	0.00002
Halopseudomonas	2901189	G	0	0.00000	21	0.00001	66	0.00002
Alteromonas	226	G	0	0.00000	50	0.00002	42	0.00001
Catenovulum	1172191	G	0	0.00000	12	0.00000	0	0.00000
Psychromonas	67572	G	0	0.00000	19	0.00001	25	0.00001
Moritella	58050	G	0	0.00000	15	0.00001	16	0.00000
Marinomonas	28253	G	0	0.00000	48	0.00002	22	0.00001
Marinobacterium	48075	G	0	0.00000	17	0.00001	31	0.00001
Amphritea	515417	G	0	0.00000	11	0.00000	28	0.00001
Endozoicomonas	305899	G	0	0.00000	13	0.00000	53	0.00001
Succinivibrio	83770	G	0	0.00000	25	0.00001	46	0.00001
Stenotrophomonas	40323	G	0	0.00000	59	0.00002	176	0.00004
Luteimonas	83614	G	0	0.00000	13	0.00000	37	0.00001
Dyella	231454	G	0	0.00000	13	0.00000	43	0.00001
Rheinheimera	67575	G	0	0.00000	15	0.00001	14	0.00000
Candidatus Nitrosacidococcus	2796146	G	0	0.00000	10	0.00000	0	0.00000
Thiomicrorhabdus	2039723	G	0	0.00000	22	0.00001	35	0.00001
Hydrogenovibrio	28884	G	0	0.00000	18	0.00001	21	0.00001
Thiothrix	1030	G	0	0.00000	10	0.00000	15	0.00000
Cardiobacterium	2717	G	0	0.00000	11	0.00000	32	0.00001
Turicimonas	1918598	G	0	0.00000	25	0.00001	52	0.00001
Massilia	149698	G	0	0.00000	27	0.00001	95	0.00002
Pseudoduganella	1522432	G	0	0.00000	17	0.00001	34	0.00001
Herbaspirillum	963	G	0	0.00000	23	0.00001	54	0.00001
Pandoraea	93217	G	0	0.00000	23	0.00001	83	0.00002
Ralstonia	48736	G	0	0.00000	18	0.00001	78	0.00002
Trinickia	2571160	G	0	0.00000	11	0.00000	22	0.00001
Comamonas	283	G	0	0.00000	27	0.00001	109	0.00003
Variovorax	34072	G	0	0.00000	20	0.00001	101	0.00002
Rhodoferax	28065	G	0	0.00000	18	0.00001	36	0.00001
Ottowia	219181	G	0	0.00000	15	0.00001	23	0.00001
Hydrogenophaga	47420	G	0	0.00000	10	0.00000	54	0.00001
Alcaligenes	507	G	0	0.00000	17	0.00001	34	0.00001
Achromobacter	222	G	0	0.00000	18	0.00001	133	0.00003
Roseateles	93681	G	0	0.00000	13	0.00000	55	0.00001
Kingella	32257	G	0	0.00000	13	0.00000	37	0.00001
Deefgea	400947	G	0	0.00000	17	0.00001	21	0.00001
Chromobacterium	535	G	0	0.00000	15	0.00001	68	0.00002
Nitrosomonas	914	G	0	0.00000	17	0.00001	28	0.00001
Candidatus Nitrotoga	453161	G	0	0.00000	10	0.00000	18	0.00000
Thauera	33057	G	0	0.00000	28	0.00001	46	0.00001
Neorhizobium	1525371	G	0	0.00000	20	0.00001	42	0.00001
Pararhizobium	1612611	G	0	0.00000	15	0.00001	26	0.00001
Tardiphaga	1395974	G	0	0.00000	11	0.00000	11	0.00000
Phyllobacterium	28100	G	0	0.00000	10	0.00000	29	0.00001
Pelagibacterium	1082930	G	0	0.00000	10	0.00000	29	0.00001
Methylobacterium	407	G	0	0.00000	23	0.00001	79	0.00002
Microvirga	186650	G	0	0.00000	10	0.00000	39	0.00001
Brucella	234	G	0	0.00000	17	0.00001	259	0.00006
Pseudochrobactrum	354349	G	0	0.00000	10	0.00000	32	0.00001
Methylocapsa	184923	G	0	0.00000	12	0.00000	10	0.00000
Ancylobacter	99	G	0	0.00000	14	0.00001	37	0.00001
Methylocystis	133	G	0	0.00000	14	0.00001	27	0.00001
Breoghania	1406135	G	0	0.00000	11	0.00000	12	0.00000
Phaeobacter	302485	G	0	0.00000	47	0.00002	24	0.00001
Thalassovita	335927	G	0	0.00000	20	0.00001	24	0.00001
Leisingera	191028	G	0	0.00000	23	0.00001	68	0.00002
Novosphingobium	165696	G	0	0.00000	20	0.00001	98	0.00002
Sphingopyxis	165697	G	0	0.00000	23	0.00001	65	0.00002
Erythrobacter	1041	G	0	0.00000	22	0.00001	59	0.00001
Zymomonas	541	G	0	0.00000	55	0.00002	92	0.00002
Acetobacter	434	G	0	0.00000	37	0.00001	92	0.00002
Roseomonas	125216	G	0	0.00000	11	0.00000	45	0.00001
Gluconobacter	441	G	0	0.00000	17	0.00001	67	0.00002
Thalassospira	168934	G	0	0.00000	21	0.00001	51	0.00001
Candidatus Tisiphia	2996317	G	0	0.00000	12	0.00000	0	0.00000
Caulobacter	75	G	0	0.00000	25	0.00001	72	0.00002
Brevundimonas	41275	G	0	0.00000	17	0.00001	107	0.00003
Candidatus Paracaedibacter	1521255	G	0	0.00000	14	0.00001	0	0.00000
Acidithiobacillus	119977	G	0	0.00000	10	0.00000	30	0.00001
Sulfurospirillum	57665	G	0	0.00000	21	0.00001	28	0.00001
Sulfurovum	265570	G	0	0.00000	16	0.00001	39	0.00001
Hydrogenimonas	223785	G	0	0.00000	15	0.00001	21	0.00001
Maridesulfovibrio	2794998	G	0	0.00000	37	0.00001	167	0.00004
Nitratidesulfovibrio	2802295	G	0	0.00000	21	0.00001	72	0.00002
Lawsonia	41707	G	0	0.00000	259	0.00009	15	0.00000
Solidesulfovibrio	2910984	G	0	0.00000	13	0.00000	48	0.00001
Taurinivorans	3126915	G	0	0.00000	10	0.00000	22	0.00001
Desulfomicrobium	898	G	0	0.00000	18	0.00001	42	0.00001
Desulfobacter	2289	G	0	0.00000	39	0.00001	59	0.00001
Desulfobacula	28222	G	0	0.00000	18	0.00001	28	0.00001
Desulfoluna	497721	G	0	0.00000	11	0.00000	10	0.00000
Geobacter	28231	G	0	0.00000	27	0.00001	91	0.00002
Geomonas	2651583	G	0	0.00000	14	0.00001	50	0.00001
Trichlorobacter	115782	G	0	0.00000	15	0.00001	47	0.00001
Geotalea	2910589	G	0	0.00000	11	0.00000	23	0.00001
Desulfobulbus	893	G	0	0.00000	34	0.00001	94	0.00002
Desulfosediminicola	2886823	G	0	0.00000	15	0.00001	20	0.00000
Brucepastera	2967962	G	0	0.00000	21	0.00001	26	0.00001
Marispirochaeta	1911565	G	0	0.00000	16	0.00001	45	0.00001
Candidatus Minimicrobia	2905967	G	0	0.00000	54	0.00002	121	0.00003
Cloacibacillus	508459	G	0	0.00000	17	0.00001	39	0.00001
Terriglobus	392733	G	0	0.00000	18	0.00001	28	0.00001
Geothrix	44675	G	0	0.00000	13	0.00000	62	0.00001
Anaeromyxobacter	161492	G	0	0.00000	17	0.00001	52	0.00001
Bdellovibrio	958	G	0	0.00000	23	0.00001	43	0.00001
Nitrospira	1234	G	0	0.00000	14	0.00001	44	0.00001
Methanocaldococcus	196118	G	0	0.00000	10	0.00000	0	0.00000
Methanolobus	2220	G	0	0.00000	30	0.00001	48	0.00001
Methanococcoides	2225	G	0	0.00000	13	0.00000	0	0.00000
Methanomicrobium	2204	G	0	0.00000	18	0.00001	22	0.00001
Thermococcus	2263	G	0	0.00000	21	0.00001	44	0.00001
Kingevirus	2948785	G	0	0.00000	49040	0.01772	26897	0.00642
Kahucivirus	2948778	G	0	0.00000	90	0.00003	23	0.00001
Junduvirus	2948774	G	0	0.00000	6680	0.00241	3310	0.00079
Jahgtovirus	2948767	G	0	0.00000	8389	0.00303	3934	0.00094
Cohcovirus	2942991	G	0	0.00000	3577	0.00129	1825	0.00044
Canhaevirus	2942990	G	0	0.00000	356	0.00013	155	0.00004
Buchavirus	2942994	G	0	0.00000	787	0.00028	401	0.00010
Aurodevirus	2946811	G	0	0.00000	22	0.00001	0	0.00000
Birpovirus	2946830	G	0	0.00000	15	0.00001	0	0.00000
Mahlunavirus	2948812	G	0	0.00000	123	0.00004	54	0.00001
Kahnovirus	2942979	G	0	0.00000	114	0.00004	46	0.00001
Lebriduvirus	2948797	G	0	0.00000	14	0.00001	0	0.00000
Brigitvirus	2733097	G	0	0.00000	261	0.00009	526	0.00013
Toutatisvirus	2733138	G	0	0.00000	28	0.00001	38	0.00001
Thermaerobacter	73918	G	0	0.00000	0	0.00000	51	0.00001
Acididesulfobacillus	2924872	G	0	0.00000	0	0.00000	22	0.00001
Candidatus Desulforudis	471826	G	0	0.00000	0	0.00000	15	0.00000
Heliorestis	79598	G	0	0.00000	0	0.00000	22	0.00001
Syntrophothermus	129001	G	0	0.00000	0	0.00000	20	0.00000
Caldinitratiruptor	1006480	G	0	0.00000	0	0.00000	29	0.00001
Carboxydothermus	129957	G	0	0.00000	0	0.00000	17	0.00000
Zhaonella	2748674	G	0	0.00000	0	0.00000	12	0.00000
Thermosediminibacter	291988	G	0	0.00000	0	0.00000	33	0.00001
Natranaerobius	375928	G	0	0.00000	0	0.00000	17	0.00000
Natranaerofaba	2807497	G	0	0.00000	0	0.00000	13	0.00000
Bulleidia	118747	G	0	0.00000	0	0.00000	10	0.00000
Schleiferilactobacillus	2767891	G	0	0.00000	0	0.00000	24	0.00001
Bombilactobacillus	2767878	G	0	0.00000	0	0.00000	21	0.00001
Amylolactobacillus	2767876	G	0	0.00000	0	0.00000	18	0.00000
Suicoccus	2689587	G	0	0.00000	0	0.00000	13	0.00000
Facklamia	66831	G	0	0.00000	0	0.00000	10	0.00000
Domibacillus	1433999	G	0	0.00000	0	0.00000	27	0.00001
Sediminibacillus	482460	G	0	0.00000	0	0.00000	20	0.00000
Alkalicoccus	2005375	G	0	0.00000	0	0.00000	13	0.00000
Anaerobacillus	704093	G	0	0.00000	0	0.00000	12	0.00000
Caldalkalibacillus	379065	G	0	0.00000	0	0.00000	12	0.00000
Alkalihalophilus	2893060	G	0	0.00000	0	0.00000	11	0.00000
Jeotgalicoccus	227979	G	0	0.00000	0	0.00000	35	0.00001
Kyrpidia	1129704	G	0	0.00000	0	0.00000	37	0.00001
Effusibacillus	1502725	G	0	0.00000	0	0.00000	13	0.00000
Hydrogenibacillus	1609627	G	0	0.00000	0	0.00000	14	0.00000
Kroppenstedtia	1274351	G	0	0.00000	0	0.00000	28	0.00001
Polycladomyces	1348505	G	0	0.00000	0	0.00000	19	0.00000
Staphylospora	2689589	G	0	0.00000	0	0.00000	11	0.00000
Candidatus Contubernalis	338648	G	0	0.00000	0	0.00000	30	0.00001
Parascardovia	196082	G	0	0.00000	0	0.00000	18	0.00000
Scardovia	196081	G	0	0.00000	0	0.00000	13	0.00000
Agrococcus	46352	G	0	0.00000	0	0.00000	35	0.00001
Cryobacterium	69578	G	0	0.00000	0	0.00000	35	0.00001
Agromyces	33877	G	0	0.00000	0	0.00000	33	0.00001
Rhodoluna	529883	G	0	0.00000	0	0.00000	17	0.00000
Aquiluna	529881	G	0	0.00000	0	0.00000	13	0.00000
Rathayibacter	33886	G	0	0.00000	0	0.00000	31	0.00001
Salinibacterium	235888	G	0	0.00000	0	0.00000	22	0.00001
Aurantimicrobium	1705353	G	0	0.00000	0	0.00000	20	0.00000
Leifsonia	110932	G	0	0.00000	0	0.00000	25	0.00001
Clavibacter	1573	G	0	0.00000	0	0.00000	34	0.00001
Microcella	337004	G	0	0.00000	0	0.00000	15	0.00000
Mycetocola	76634	G	0	0.00000	0	0.00000	11	0.00000
Naasia	1434022	G	0	0.00000	0	0.00000	11	0.00000
Gryllotalpicola	1195526	G	0	0.00000	0	0.00000	10	0.00000
Micrococcus	1269	G	0	0.00000	0	0.00000	39	0.00001
Paenarthrobacter	1742992	G	0	0.00000	0	0.00000	54	0.00001
Dermabacter	36739	G	0	0.00000	0	0.00000	16	0.00000
Janibacter	53457	G	0	0.00000	0	0.00000	26	0.00001
Ornithinimicrobium	125287	G	0	0.00000	0	0.00000	25	0.00001
Serinicoccus	265976	G	0	0.00000	0	0.00000	11	0.00000
Dermacoccus	57495	G	0	0.00000	0	0.00000	57	0.00001
Xylanimonas	186188	G	0	0.00000	0	0.00000	29	0.00001
Isoptericola	254250	G	0	0.00000	0	0.00000	15	0.00000
Georgenia	154116	G	0	0.00000	0	0.00000	23	0.00001
Ruania	626119	G	0	0.00000	0	0.00000	17	0.00000
Demequina	577469	G	0	0.00000	0	0.00000	10	0.00000
Mycobacteroides	670516	G	0	0.00000	0	0.00000	23	0.00001
Lawsonella	1847725	G	0	0.00000	0	0.00000	21	0.00001
Dietzia	37914	G	0	0.00000	0	0.00000	13	0.00000
Tsukamurella	2060	G	0	0.00000	0	0.00000	12	0.00000
Tomitella	741759	G	0	0.00000	0	0.00000	10	0.00000
Kitasatospora	2063	G	0	0.00000	0	0.00000	50	0.00001
Yinghuangia	2805681	G	0	0.00000	0	0.00000	14	0.00000
Mobiluncus	2050	G	0	0.00000	0	0.00000	22	0.00001
Actinotignum	1653174	G	0	0.00000	0	0.00000	16	0.00000
Cutibacterium	1912216	G	0	0.00000	0	0.00000	37	0.00001
Microlunatus	29404	G	0	0.00000	0	0.00000	26	0.00001
Acidipropionibacterium	1912215	G	0	0.00000	0	0.00000	27	0.00001
Arachnia	2801844	G	0	0.00000	0	0.00000	15	0.00000
Aeromicrobium	2040	G	0	0.00000	0	0.00000	27	0.00001
Pimelobacter	2044	G	0	0.00000	0	0.00000	14	0.00000
Kribbella	182639	G	0	0.00000	0	0.00000	21	0.00001
Kutzneria	43356	G	0	0.00000	0	0.00000	36	0.00001
Saccharothrix	2071	G	0	0.00000	0	0.00000	30	0.00001
Actinoalloteichus	65496	G	0	0.00000	0	0.00000	15	0.00000
Kibdelosporangium	2029	G	0	0.00000	0	0.00000	12	0.00000
Lentzea	165301	G	0	0.00000	0	0.00000	10	0.00000
Umezawaea	583360	G	0	0.00000	0	0.00000	10	0.00000
Dactylosporangium	35753	G	0	0.00000	0	0.00000	59	0.00001
Phytohabitans	907364	G	0	0.00000	0	0.00000	13	0.00000
Actinocatenispora	390988	G	0	0.00000	0	0.00000	11	0.00000
Solwaraspora	265431	G	0	0.00000	0	0.00000	10	0.00000
Streptosporangium	2000	G	0	0.00000	0	0.00000	47	0.00001
Thermobifida	83677	G	0	0.00000	0	0.00000	21	0.00001
Streptomonospora	104204	G	0	0.00000	0	0.00000	10	0.00000
Actinomadura	1988	G	0	0.00000	0	0.00000	39	0.00001
Nakamurella	53460	G	0	0.00000	0	0.00000	17	0.00000
Stackebrandtia	283810	G	0	0.00000	0	0.00000	10	0.00000
Kineococcus	33981	G	0	0.00000	0	0.00000	15	0.00000
Jatrophihabitans	1434010	G	0	0.00000	0	0.00000	13	0.00000
Jiangella	281472	G	0	0.00000	0	0.00000	12	0.00000
Cryptobacterium	84162	G	0	0.00000	0	0.00000	55	0.00001
Conexibacter	191494	G	0	0.00000	0	0.00000	31	0.00001
Baekduia	2600304	G	0	0.00000	0	0.00000	14	0.00000
Miltoncostaea	2843200	G	0	0.00000	0	0.00000	13	0.00000
Acidimicrobium	53634	G	0	0.00000	0	0.00000	27	0.00001
Ilumatobacter	682522	G	0	0.00000	0	0.00000	13	0.00000
Egibacter	1747770	G	0	0.00000	0	0.00000	12	0.00000
Cyanobium	167375	G	0	0.00000	0	0.00000	23	0.00001
Synechocystis	1142	G	0	0.00000	0	0.00000	12	0.00000
Picosynechococcus	3079908	G	0	0.00000	0	0.00000	19	0.00000
Microcystis	1125	G	0	0.00000	0	0.00000	12	0.00000
Calothrix	1186	G	0	0.00000	0	0.00000	21	0.00001
Anthocerotibacter	2857076	G	0	0.00000	0	0.00000	11	0.00000
Thermosynechococcus	146785	G	0	0.00000	0	0.00000	16	0.00000
Thermoleptolyngbya	2303528	G	0	0.00000	0	0.00000	11	0.00000
Candidatus Hepatoplasma	295595	G	0	0.00000	0	0.00000	12	0.00000
Hujiaoplasma	3078171	G	0	0.00000	0	0.00000	12	0.00000
Oceanithermus	208447	G	0	0.00000	0	0.00000	13	0.00000
Meiothermus	65551	G	0	0.00000	0	0.00000	11	0.00000
Marinithermus	186191	G	0	0.00000	0	0.00000	11	0.00000
Dehalogenimonas	670486	G	0	0.00000	0	0.00000	18	0.00000
Roseiflexus	120961	G	0	0.00000	0	0.00000	20	0.00000
Chloroflexus	1107	G	0	0.00000	0	0.00000	10	0.00000
Candidatus Chlorohelix	3139173	G	0	0.00000	0	0.00000	12	0.00000
Brevefilum	2019482	G	0	0.00000	0	0.00000	14	0.00000
Pelolinea	1649478	G	0	0.00000	0	0.00000	11	0.00000
Ktedonosporobacter	2692417	G	0	0.00000	0	0.00000	14	0.00000
Candidatus Promineifilum	1988031	G	0	0.00000	0	0.00000	13	0.00000
Thermoflexus	1495649	G	0	0.00000	0	0.00000	11	0.00000
Tepidiforma	2682228	G	0	0.00000	0	0.00000	11	0.00000
Capsulimonas	2494209	G	0	0.00000	0	0.00000	13	0.00000
Sphaerobacter	2056	G	0	0.00000	0	0.00000	17	0.00000
Thermomicrobium	499	G	0	0.00000	0	0.00000	10	0.00000
Tenuifilum	2760873	G	0	0.00000	0	0.00000	21	0.00001
Salinivirga	1970191	G	0	0.00000	0	0.00000	13	0.00000
Amniculibacterium	2715289	G	0	0.00000	0	0.00000	32	0.00001
Allomuricauda	111500	G	0	0.00000	0	0.00000	31	0.00001
Aestuariibaculum	1386924	G	0	0.00000	0	0.00000	18	0.00000
Flavivirga	1209327	G	0	0.00000	0	0.00000	12	0.00000
Euzebyella	1287916	G	0	0.00000	0	0.00000	12	0.00000
Constantimarinum	2907134	G	0	0.00000	0	0.00000	11	0.00000
Siansivirga	1204360	G	0	0.00000	0	0.00000	27	0.00001
Epilithonimonas	2782229	G	0	0.00000	0	0.00000	11	0.00000
Apibacter	1778601	G	0	0.00000	0	0.00000	14	0.00000
Candidatus Karelsulcia	336809	G	0	0.00000	0	0.00000	27	0.00001
Owenweeksia	267986	G	0	0.00000	0	0.00000	17	0.00000
Parvicella	2975260	G	0	0.00000	0	0.00000	15	0.00000
Nibribacter	1649474	G	0	0.00000	0	0.00000	11	0.00000
Larkinella	332157	G	0	0.00000	0	0.00000	12	0.00000
Fibrella	861914	G	0	0.00000	0	0.00000	15	0.00000
Mongoliitalea	1511649	G	0	0.00000	0	0.00000	12	0.00000
Pseudocnuella	2812019	G	0	0.00000	0	0.00000	26	0.00001
Panacibacter	1874621	G	0	0.00000	0	0.00000	17	0.00000
Pseudobacter	1860196	G	0	0.00000	0	0.00000	16	0.00000
Lacibacter	649461	G	0	0.00000	0	0.00000	12	0.00000
Filimonas	649460	G	0	0.00000	0	0.00000	11	0.00000
Thermoflavifilum	1649506	G	0	0.00000	0	0.00000	10	0.00000
Candidatus Sulfidibacterium	2923290	G	0	0.00000	0	0.00000	30	0.00001
Saprospira	1007	G	0	0.00000	0	0.00000	13	0.00000
Chlorobium	1091	G	0	0.00000	0	0.00000	25	0.00001
Pelodictyon	1099	G	0	0.00000	0	0.00000	17	0.00000
Rhodothermus	29548	G	0	0.00000	0	0.00000	26	0.00001
Rhodocaloribacter	2893090	G	0	0.00000	0	0.00000	10	0.00000
Salinibacter	146918	G	0	0.00000	0	0.00000	12	0.00000
Gemmatimonas	173479	G	0	0.00000	0	0.00000	19	0.00000
Gemmatirosa	1706036	G	0	0.00000	0	0.00000	16	0.00000
Fibrobacter	832	G	0	0.00000	0	0.00000	32	0.00001
Luteolibacter	518753	G	0	0.00000	0	0.00000	33	0.00001
Fontisphaera	3050007	G	0	0.00000	0	0.00000	10	0.00000
Opitutus	178440	G	0	0.00000	0	0.00000	19	0.00000
Ereboglobus	2028344	G	0	0.00000	0	0.00000	10	0.00000
Coraliomargarita	442430	G	0	0.00000	0	0.00000	13	0.00000
Rosistilla	2795779	G	0	0.00000	0	0.00000	28	0.00001
Bremerella	2714594	G	0	0.00000	0	0.00000	13	0.00000
Pirellula	123	G	0	0.00000	0	0.00000	14	0.00000
Lignipirellula	2795775	G	0	0.00000	0	0.00000	10	0.00000
Planctomyces	118	G	0	0.00000	0	0.00000	17	0.00000
Planctopirus	1649480	G	0	0.00000	0	0.00000	15	0.00000
Rubinisphaera	1649490	G	0	0.00000	0	0.00000	18	0.00000
Maioricimonas	2795777	G	0	0.00000	0	0.00000	13	0.00000
Telmatocola	1382832	G	0	0.00000	0	0.00000	19	0.00000
Urbifossiella	2807415	G	0	0.00000	0	0.00000	17	0.00000
Tuwongella	2051044	G	0	0.00000	0	0.00000	13	0.00000
Limnoglobus	2731450	G	0	0.00000	0	0.00000	13	0.00000
Gemmata	113	G	0	0.00000	0	0.00000	12	0.00000
Isosphaera	127	G	0	0.00000	0	0.00000	18	0.00000
Singulisphaera	466152	G	0	0.00000	0	0.00000	17	0.00000
Aquisphaera	1511635	G	0	0.00000	0	0.00000	10	0.00000
Mucisphaera	2913022	G	0	0.00000	0	0.00000	11	0.00000
Humisphaera	2807511	G	0	0.00000	0	0.00000	13	0.00000
Candidatus Kuenenia	380738	G	0	0.00000	0	0.00000	12	0.00000
Waddlia	71666	G	0	0.00000	0	0.00000	11	0.00000
Kiritimatiella	1921784	G	0	0.00000	0	0.00000	16	0.00000
Candidatus Velamenicoccus	2789201	G	0	0.00000	0	0.00000	20	0.00000
Raoultella	160674	G	0	0.00000	0	0.00000	22	0.00001
Cedecea	158483	G	0	0.00000	0	0.00000	29	0.00001
Plesiomonas	702	G	0	0.00000	0	0.00000	25	0.00001
Cronobacter	413496	G	0	0.00000	0	0.00000	23	0.00001
Kluyvera	579	G	0	0.00000	0	0.00000	18	0.00000
Lelliottia	1330545	G	0	0.00000	0	0.00000	13	0.00000
Pluralibacter	1330546	G	0	0.00000	0	0.00000	13	0.00000
Phytobacter	447792	G	0	0.00000	0	0.00000	15	0.00000
Rahnella	34037	G	0	0.00000	0	0.00000	27	0.00001
Winslowiella	2997349	G	0	0.00000	0	0.00000	15	0.00000
Tatumella	82986	G	0	0.00000	0	0.00000	11	0.00000
Photorhabdus	29487	G	0	0.00000	0	0.00000	13	0.00000
Edwardsiella	635	G	0	0.00000	0	0.00000	19	0.00000
Sodalis	84565	G	0	0.00000	0	0.00000	25	0.00001
Gallaecimonas	745410	G	0	0.00000	0	0.00000	25	0.00001
Thiopseudomonas	1654787	G	0	0.00000	0	0.00000	23	0.00001
Azotobacter	352	G	0	0.00000	0	0.00000	19	0.00000
Pseudoxanthomonas	83618	G	0	0.00000	0	0.00000	40	0.00001
Thermomonas	141948	G	0	0.00000	0	0.00000	36	0.00001
Pseudolysobacter	2709666	G	0	0.00000	0	0.00000	10	0.00000
Luteibacter	242605	G	0	0.00000	0	0.00000	24	0.00001
Rhodanobacter	75309	G	0	0.00000	0	0.00000	27	0.00001
Tahibacter	1453544	G	0	0.00000	0	0.00000	15	0.00000
Salinimonas	288793	G	0	0.00000	0	0.00000	13	0.00000
Paraglaciecola	1621534	G	0	0.00000	0	0.00000	18	0.00000
Thalassomonas	137583	G	0	0.00000	0	0.00000	16	0.00000
Ferrimonas	44011	G	0	0.00000	0	0.00000	40	0.00001
Idiomarina	135575	G	0	0.00000	0	0.00000	26	0.00001
Cobetia	204286	G	0	0.00000	0	0.00000	13	0.00000
Vreelandella	3137766	G	0	0.00000	0	0.00000	11	0.00000
Venatoribacter	2893036	G	0	0.00000	0	0.00000	21	0.00001
Aliamphritea	3018276	G	0	0.00000	0	0.00000	16	0.00000
Neptuniibacter	459520	G	0	0.00000	0	0.00000	11	0.00000
Hahella	158481	G	0	0.00000	0	0.00000	33	0.00001
Alloalcanivorax	3020832	G	0	0.00000	0	0.00000	16	0.00000
Salinivibrio	51366	G	0	0.00000	0	0.00000	23	0.00001
Tolumonas	43947	G	0	0.00000	0	0.00000	23	0.00001
Oceanimonas	129577	G	0	0.00000	0	0.00000	20	0.00000
Zobellella	347533	G	0	0.00000	0	0.00000	11	0.00000
Glaesserella	2094023	G	0	0.00000	0	0.00000	14	0.00000
Aggregatibacter	416916	G	0	0.00000	0	0.00000	13	0.00000
Rodentibacter	1960084	G	0	0.00000	0	0.00000	11	0.00000
Thiorhodovibrio	61593	G	0	0.00000	0	0.00000	14	0.00000
Thiocapsa	1056	G	0	0.00000	0	0.00000	11	0.00000
Thiodictyon	53392	G	0	0.00000	0	0.00000	10	0.00000
Thermochromatium	85073	G	0	0.00000	0	0.00000	10	0.00000
Spiribacter	1335745	G	0	0.00000	0	0.00000	19	0.00000
Thioalkalivibrio	106633	G	0	0.00000	0	0.00000	21	0.00001
Ectothiorhodospira	1051	G	0	0.00000	0	0.00000	16	0.00000
Sedimenticola	349742	G	0	0.00000	0	0.00000	15	0.00000
Guyparkeria	2035712	G	0	0.00000	0	0.00000	21	0.00001
Halothiobacillus	109262	G	0	0.00000	0	0.00000	16	0.00000
Wenzhouxiangella	1676142	G	0	0.00000	0	0.00000	15	0.00000
Teredinibacter	2425	G	0	0.00000	0	0.00000	36	0.00001
Cellvibrio	10	G	0	0.00000	0	0.00000	32	0.00001
Halioglobus	1217416	G	0	0.00000	0	0.00000	16	0.00000
Spongiibacter	630749	G	0	0.00000	0	0.00000	17	0.00000
Methylococcus	413	G	0	0.00000	0	0.00000	30	0.00001
Methylocaldum	73778	G	0	0.00000	0	0.00000	14	0.00000
Methylotuvimicrobium	2822410	G	0	0.00000	0	0.00000	14	0.00000
Methylobacter	429	G	0	0.00000	0	0.00000	13	0.00000
Methylomarinovum	1486720	G	0	0.00000	0	0.00000	11	0.00000
Thiomicrospira	933	G	0	0.00000	0	0.00000	19	0.00000
Methylophaga	40222	G	0	0.00000	0	0.00000	14	0.00000
Zophobihabitans	2894762	G	0	0.00000	0	0.00000	12	0.00000
Candidatus Pseudothioglobus	2841677	G	0	0.00000	0	0.00000	10	0.00000
Acidiferrobacter	986106	G	0	0.00000	0	0.00000	13	0.00000
Sulfurifustis	1692042	G	0	0.00000	0	0.00000	10	0.00000
Thiohalobacter	1273155	G	0	0.00000	0	0.00000	20	0.00000
Sulfurivermis	2034504	G	0	0.00000	0	0.00000	15	0.00000
Rugamonas	212744	G	0	0.00000	0	0.00000	14	0.00000
Undibacterium	401469	G	0	0.00000	0	0.00000	34	0.00001
Collimonas	202907	G	0	0.00000	0	0.00000	11	0.00000
Mycetohabitans	2571159	G	0	0.00000	0	0.00000	13	0.00000
Acidovorax	12916	G	0	0.00000	0	0.00000	46	0.00001
Delftia	80865	G	0	0.00000	0	0.00000	31	0.00001
Diaphorobacter	238749	G	0	0.00000	0	0.00000	19	0.00000
Limnohabitans	665874	G	0	0.00000	0	0.00000	32	0.00001
Polaromonas	52972	G	0	0.00000	0	0.00000	16	0.00000
Melaminivora	1649468	G	0	0.00000	0	0.00000	13	0.00000
Paracidovorax	3051137	G	0	0.00000	0	0.00000	11	0.00000
Serpentinimonas	2490452	G	0	0.00000	0	0.00000	16	0.00000
Pigmentiphaga	152267	G	0	0.00000	0	0.00000	11	0.00000
Pusillimonas	305976	G	0	0.00000	0	0.00000	10	0.00000
Piscinibacter	1114981	G	0	0.00000	0	0.00000	16	0.00000
Rubrivivax	28067	G	0	0.00000	0	0.00000	18	0.00000
Caldimonas	196013	G	0	0.00000	0	0.00000	11	0.00000
Thiomonas	32012	G	0	0.00000	0	0.00000	25	0.00001
Aquabacterium	92793	G	0	0.00000	0	0.00000	23	0.00001
Uruburuella	299568	G	0	0.00000	0	0.00000	18	0.00000
Paludibacterium	400060	G	0	0.00000	0	0.00000	20	0.00000
Vogesella	57739	G	0	0.00000	0	0.00000	14	0.00000
Iodobacter	32014	G	0	0.00000	0	0.00000	25	0.00001
Jeongeupia	885864	G	0	0.00000	0	0.00000	12	0.00000
Microvirgula	57479	G	0	0.00000	0	0.00000	15	0.00000
Denitratisoma	311181	G	0	0.00000	0	0.00000	16	0.00000
Sulfuricystis	3050898	G	0	0.00000	0	0.00000	14	0.00000
Methylotenera	359407	G	0	0.00000	0	0.00000	19	0.00000
Methylophilus	16	G	0	0.00000	0	0.00000	16	0.00000
Nitrosospira	35798	G	0	0.00000	0	0.00000	15	0.00000
Sulfuricella	935200	G	0	0.00000	0	0.00000	20	0.00000
Sulfuriferula	1778653	G	0	0.00000	0	0.00000	10	0.00000
Thiobacillus	919	G	0	0.00000	0	0.00000	15	0.00000
Azoarcus	12960	G	0	0.00000	0	0.00000	36	0.00001
Parazoarcus	2891322	G	0	0.00000	0	0.00000	19	0.00000
Nitrogeniibacter	2891294	G	0	0.00000	0	0.00000	15	0.00000
Aromatoleum	551759	G	0	0.00000	0	0.00000	22	0.00001
Niveibacterium	1769726	G	0	0.00000	0	0.00000	18	0.00000
Azospira	146937	G	0	0.00000	0	0.00000	16	0.00000
Propionivibrio	83766	G	0	0.00000	0	0.00000	10	0.00000
Dechloromonas	73029	G	0	0.00000	0	0.00000	29	0.00001
Azonexus	146936	G	0	0.00000	0	0.00000	11	0.00000
Candidatus Kinetoplastibacterium	33055	G	0	0.00000	0	0.00000	22	0.00001
Ensifer	106591	G	0	0.00000	0	0.00000	34	0.00001
Shinella	323620	G	0	0.00000	0	0.00000	40	0.00001
Rhodopseudomonas	1073	G	0	0.00000	0	0.00000	52	0.00001
Afipia	1033	G	0	0.00000	0	0.00000	10	0.00000
Nitratireductor	245876	G	0	0.00000	0	0.00000	42	0.00001
Aminobacter	31988	G	0	0.00000	0	0.00000	15	0.00000
Youhaiella	1827478	G	0	0.00000	0	0.00000	12	0.00000
Mariluticola	3064792	G	0	0.00000	0	0.00000	10	0.00000
Methylorubrum	2282523	G	0	0.00000	0	0.00000	55	0.00001
Hyphomicrobium	81	G	0	0.00000	0	0.00000	23	0.00001
Methyloceanibacter	1484898	G	0	0.00000	0	0.00000	21	0.00001
Rhodomicrobium	1068	G	0	0.00000	0	0.00000	18	0.00000
Methyloligella	1485594	G	0	0.00000	0	0.00000	14	0.00000
Xanthobacter	279	G	0	0.00000	0	0.00000	13	0.00000
Roseibium	150830	G	0	0.00000	0	0.00000	32	0.00001
Pseudovibrio	258255	G	0	0.00000	0	0.00000	16	0.00000
Martelella	293088	G	0	0.00000	0	0.00000	25	0.00001
Aureimonas	414371	G	0	0.00000	0	0.00000	27	0.00001
Jiella	1775688	G	0	0.00000	0	0.00000	13	0.00000
Bosea	85413	G	0	0.00000	0	0.00000	56	0.00001
Methylosinus	425	G	0	0.00000	0	0.00000	16	0.00000
Methylovirgula	1156568	G	0	0.00000	0	0.00000	18	0.00000
Methylocella	120652	G	0	0.00000	0	0.00000	15	0.00000
Acuticoccus	1904377	G	0	0.00000	0	0.00000	17	0.00000
Phreatobacter	1632780	G	0	0.00000	0	0.00000	12	0.00000
Kaistia	166953	G	0	0.00000	0	0.00000	11	0.00000
Sphingorhabdus	1434046	G	0	0.00000	0	0.00000	22	0.00001
Parasphingorhabdus	2709685	G	0	0.00000	0	0.00000	13	0.00000
Allosphingosinicella	2823232	G	0	0.00000	0	0.00000	11	0.00000
Blastomonas	150203	G	0	0.00000	0	0.00000	10	0.00000
Qipengyuania	1855416	G	0	0.00000	0	0.00000	54	0.00001
Altererythrobacter	361177	G	0	0.00000	0	0.00000	21	0.00001
Aurantiacibacter	2800681	G	0	0.00000	0	0.00000	34	0.00001
Croceicoccus	1295327	G	0	0.00000	0	0.00000	32	0.00001
Roseovarius	74030	G	0	0.00000	0	0.00000	45	0.00001
Celeribacter	875170	G	0	0.00000	0	0.00000	133	0.00003
Ruegeria	97050	G	0	0.00000	0	0.00000	30	0.00001
Jannaschia	188905	G	0	0.00000	0	0.00000	20	0.00000
Ketogulonicigenium	92944	G	0	0.00000	0	0.00000	38	0.00001
Roseobacter	2433	G	0	0.00000	0	0.00000	13	0.00000
Pseudosulfitobacter	2854186	G	0	0.00000	0	0.00000	11	0.00000
Ponticoccus	983507	G	0	0.00000	0	0.00000	10	0.00000
Pseudooceanicola	1679449	G	0	0.00000	0	0.00000	18	0.00000
Rhodobacter	1060	G	0	0.00000	0	0.00000	22	0.00001
Parasedimentitalea	2738399	G	0	0.00000	0	0.00000	14	0.00000
Aliiroseovarius	1658781	G	0	0.00000	0	0.00000	13	0.00000
Fuscovulum	2818469	G	0	0.00000	0	0.00000	12	0.00000
Gemmobacter	204456	G	0	0.00000	0	0.00000	10	0.00000
Sediminicoccus	1706033	G	0	0.00000	0	0.00000	22	0.00001
Acidocella	50709	G	0	0.00000	0	0.00000	11	0.00000
Rhodovastum	504465	G	0	0.00000	0	0.00000	10	0.00000
Skermanella	204447	G	0	0.00000	0	0.00000	17	0.00000
Niveispirillum	1543704	G	0	0.00000	0	0.00000	10	0.00000
Magnetospirillum	13134	G	0	0.00000	0	0.00000	38	0.00001
Terasakiella	196080	G	0	0.00000	0	0.00000	16	0.00000
Varunaivibrio	1866954	G	0	0.00000	0	0.00000	13	0.00000
Hypericibacter	2705399	G	0	0.00000	0	0.00000	12	0.00000
Aestuariispira	1647175	G	0	0.00000	0	0.00000	11	0.00000
Asticcacaulis	76890	G	0	0.00000	0	0.00000	35	0.00001
Phenylobacterium	20	G	0	0.00000	0	0.00000	42	0.00001
Candidatus Megaera	1742636	G	0	0.00000	0	0.00000	11	0.00000
Hirschia	2723	G	0	0.00000	0	0.00000	12	0.00000
Kordiimonas	288021	G	0	0.00000	0	0.00000	20	0.00000
Emcibacter	1602338	G	0	0.00000	0	0.00000	14	0.00000
Sneathiella	510690	G	0	0.00000	0	0.00000	16	0.00000
Tistrella	171436	G	0	0.00000	0	0.00000	20	0.00000
Mariprofundus	377315	G	0	0.00000	0	0.00000	42	0.00001
Oleidesulfovibrio	2909705	G	0	0.00000	0	0.00000	113	0.00003
Oceanidesulfovibrio	2905722	G	0	0.00000	0	0.00000	22	0.00001
Desulfobaculum	1433996	G	0	0.00000	0	0.00000	21	0.00001
Desulfolutivibrio	2773294	G	0	0.00000	0	0.00000	20	0.00000
Salidesulfovibrio	2950010	G	0	0.00000	0	0.00000	19	0.00000
Megalodesulfovibrio	2910978	G	0	0.00000	0	0.00000	14	0.00000
Thermodesulfomicrobium	2905949	G	0	0.00000	0	0.00000	10	0.00000
Citrifermentans	2883512	G	0	0.00000	0	0.00000	34	0.00001
Pelobacter	18	G	0	0.00000	0	0.00000	22	0.00001
Geoalkalibacter	392332	G	0	0.00000	0	0.00000	64	0.00002
Syntrophotalea	2812025	G	0	0.00000	0	0.00000	34	0.00001
Desulfuromusa	37817	G	0	0.00000	0	0.00000	10	0.00000
Desulforapulum	2904687	G	0	0.00000	0	0.00000	28	0.00001
Desulfococcus	896	G	0	0.00000	0	0.00000	32	0.00001
Desulfatibacillum	218207	G	0	0.00000	0	0.00000	16	0.00000
Desulfosudis	2904716	G	0	0.00000	0	0.00000	17	0.00000
Candidatus Electrothrix	1859128	G	0	0.00000	0	0.00000	11	0.00000
Desulfolithobacter	3003266	G	0	0.00000	0	0.00000	11	0.00000
Desulfocapsa	53318	G	0	0.00000	0	0.00000	12	0.00000
Desulfarculus	453229	G	0	0.00000	0	0.00000	24	0.00001
Desulfoferula	3093638	G	0	0.00000	0	0.00000	12	0.00000
Desulfoglaeba	361106	G	0	0.00000	0	0.00000	10	0.00000
Desulfomonile	2357	G	0	0.00000	0	0.00000	14	0.00000
Candidatus Desulfofervidus	1902583	G	0	0.00000	0	0.00000	13	0.00000
Parasphaerochaeta	3062336	G	0	0.00000	0	0.00000	12	0.00000
Spirochaeta	146	G	0	0.00000	0	0.00000	23	0.00001
Sediminispirochaeta	1911556	G	0	0.00000	0	0.00000	20	0.00000
Candidatus Haliotispira	3115661	G	0	0.00000	0	0.00000	15	0.00000
Breznakiella	2845254	G	0	0.00000	0	0.00000	64	0.00002
Leadbettera	2951107	G	0	0.00000	0	0.00000	17	0.00000
Jonquetella	428711	G	0	0.00000	0	0.00000	30	0.00001
Thermanaerovibrio	81461	G	0	0.00000	0	0.00000	26	0.00001
Aminomonas	81411	G	0	0.00000	0	0.00000	20	0.00000
Aminobacterium	81466	G	0	0.00000	0	0.00000	13	0.00000
Aminithiophilus	3029078	G	0	0.00000	0	0.00000	30	0.00001
Myxococcus	32	G	0	0.00000	0	0.00000	35	0.00001
Corallococcus	83461	G	0	0.00000	0	0.00000	33	0.00001
Archangium	47	G	0	0.00000	0	0.00000	36	0.00001
Cystobacter	42	G	0	0.00000	0	0.00000	18	0.00000
Stigmatella	40	G	0	0.00000	0	0.00000	26	0.00001
Sorangium	39643	G	0	0.00000	0	0.00000	40	0.00001
Chondromyces	50	G	0	0.00000	0	0.00000	14	0.00000
Haliangium	162027	G	0	0.00000	0	0.00000	26	0.00001
Occallatibacter	1742983	G	0	0.00000	0	0.00000	24	0.00001
Alloacidobacterium	2951993	G	0	0.00000	0	0.00000	23	0.00001
Granulicella	940557	G	0	0.00000	0	0.00000	26	0.00001
Edaphobacter	388463	G	0	0.00000	0	0.00000	16	0.00000
Candidatus Korobacter	658061	G	0	0.00000	0	0.00000	18	0.00000
Paludibaculum	1649475	G	0	0.00000	0	0.00000	27	0.00001
Mesoterricola	3074468	G	0	0.00000	0	0.00000	19	0.00000
Thermotomaculum	1172428	G	0	0.00000	0	0.00000	15	0.00000
Luteitalea	2004797	G	0	0.00000	0	0.00000	14	0.00000
Fervidobacterium	2422	G	0	0.00000	0	0.00000	38	0.00001
Micavibrio	213485	G	0	0.00000	0	0.00000	11	0.00000
Geovibrio	46200	G	0	0.00000	0	0.00000	22	0.00001
Denitrovibrio	117999	G	0	0.00000	0	0.00000	20	0.00000
Calditerrivibrio	545865	G	0	0.00000	0	0.00000	11	0.00000
Bradymonas	1779136	G	0	0.00000	0	0.00000	27	0.00001
Persicimonas	2766927	G	0	0.00000	0	0.00000	16	0.00000
Dissulfurimicrobium	1769732	G	0	0.00000	0	0.00000	12	0.00000
Elusimicrobium	423604	G	0	0.00000	0	0.00000	23	0.00001
Endomicrobium	1408194	G	0	0.00000	0	0.00000	18	0.00000
Caldithrix	187144	G	0	0.00000	0	0.00000	13	0.00000
Desulfurispirillum	393029	G	0	0.00000	0	0.00000	12	0.00000
Methanoplanus	2314	G	0	0.00000	0	0.00000	20	0.00000
Methanogenium	2195	G	0	0.00000	0	0.00000	16	0.00000
Methanocorpusculum	2192	G	0	0.00000	0	0.00000	16	0.00000
Methanoregula	395331	G	0	0.00000	0	0.00000	15	0.00000
Methanocella	570266	G	0	0.00000	0	0.00000	16	0.00000
Halosegnis	2841540	G	0	0.00000	0	0.00000	12	0.00000
Halobacterium	2239	G	0	0.00000	0	0.00000	10	0.00000
Halorussus	1070314	G	0	0.00000	0	0.00000	12	0.00000
Natrinema	88723	G	0	0.00000	0	0.00000	13	0.00000
Haloplanus	376170	G	0	0.00000	0	0.00000	17	0.00000
Ferroplasma	74968	G	0	0.00000	0	0.00000	11	0.00000
Diorhovirus	2948680	G	0	0.00000	0	0.00000	10	0.00000
Taranisvirus	2733134	G	0	0.00000	0	0.00000	18	0.00000
