name	taxonomy_id	taxonomy_lvl	ERR011347_contigs.bracken_num	ERR011347_contigs.bracken_frac	ERR011349_contigs.bracken_num	ERR011349_contigs.bracken_frac	ERR011348_contigs.bracken_num	ERR011348_contigs.bracken_frac
Mediterraneibacter	2316020	G	6730	0.09797	175	0.00746	6193	0.08963
Blautia	572511	G	5572	0.08112	438	0.01868	4639	0.06714
Agathobacter	1766253	G	4700	0.06842	156	0.00665	3282	0.04750
Anaerostipes	207244	G	4185	0.06093	2332	0.09946	3171	0.04589
Coprococcus	33042	G	3119	0.04541	175	0.00746	2071	0.02997
Anaerobutyricum	2569097	G	2332	0.03395	2741	0.11690	2658	0.03847
Dorea	189330	G	1764	0.02568	610	0.02602	4358	0.06307
Roseburia	841	G	929	0.01352	285	0.01216	837	0.01211
Lachnoclostridium	1506553	G	188	0.00274	63	0.00269	174	0.00252
Simiaoa	2944193	G	108	0.00157	27	0.00115	123	0.00178
Enterocloster	2719313	G	84	0.00122	37	0.00158	127	0.00184
Lachnospira	28050	G	108	0.00157	139	0.00593	67	0.00097
Butyrivibrio	830	G	52	0.00076	469	0.02000	49	0.00071
Claveliimonas	3076670	G	32	0.00047	0	0.00000	42	0.00061
Wujia	2944152	G	25	0.00036	217	0.00925	20	0.00029
Wansuia	2944198	G	23	0.00033	0	0.00000	26	0.00038
Lacrimispora	2719231	G	23	0.00033	0	0.00000	36	0.00052
Anaerocolumna	1843210	G	23	0.00033	11	0.00047	21	0.00030
Marvinbryantia	248744	G	22	0.00032	0	0.00000	36	0.00052
Qiania	2944195	G	21	0.00031	0	0.00000	28	0.00041
Sellimonas	1769710	G	17	0.00025	0	0.00000	18	0.00026
Novisyntrophococcus	2888809	G	15	0.00022	0	0.00000	12	0.00017
Chordicoccus	3031933	G	13	0.00019	0	0.00000	0	0.00000
Lachnoanaerobaculum	1164882	G	11	0.00016	0	0.00000	14	0.00020
Faecalibacterium	216851	G	2497	0.03635	593	0.02529	3902	0.05647
Ruminococcus	1263	G	2519	0.03667	2519	0.10743	1739	0.02517
Vescimonas	2892396	G	335	0.00488	643	0.02742	864	0.01250
Oscillibacter	459786	G	136	0.00198	81	0.00345	192	0.00278
Subdoligranulum	292632	G	124	0.00181	24	0.00102	432	0.00625
Dysosmobacter	2591381	G	119	0.00173	39	0.00166	98	0.00142
Flavonifractor	946234	G	111	0.00162	53	0.00226	189	0.00274
Ruthenibacterium	1905344	G	60	0.00087	61	0.00260	198	0.00287
Pusillibacter	2892397	G	38	0.00055	16	0.00068	63	0.00091
Lawsonibacter	2172004	G	33	0.00048	14	0.00060	58	0.00084
Caproicibacterium	2834348	G	31	0.00045	0	0.00000	39	0.00056
Anaerotruncus	244127	G	27	0.00039	15	0.00064	42	0.00061
Eubacterium	1730	G	2263	0.03294	98	0.00418	281	0.00407
Clostridium	1485	G	284	0.00413	343	0.01463	242	0.00350
Hungatella	1649459	G	25	0.00036	0	0.00000	39	0.00056
Intestinimonas	1392389	G	85	0.00124	42	0.00179	160	0.00232
Flintibacter	1918454	G	27	0.00039	0	0.00000	45	0.00065
Massilistercora	2717089	G	21	0.00031	0	0.00000	51	0.00074
Caproiciproducens	1738645	G	16	0.00023	0	0.00000	21	0.00030
Agathobaculum	2048137	G	16	0.00023	0	0.00000	29	0.00042
Clostridioides	1870884	G	173	0.00252	138	0.00589	196	0.00284
Romboutsia	1501226	G	12	0.00017	12	0.00051	0	0.00000
Filifactor	44259	G	15	0.00022	0	0.00000	0	0.00000
Monoglobus	2039302	G	22	0.00032	0	0.00000	19	0.00027
Christensenella	990721	G	10	0.00015	0	0.00000	0	0.00000
Phascolarctobacterium	33024	G	2386	0.03474	0	0.00000	1573	0.02276
Dialister	39948	G	45	0.00066	321	0.01369	135	0.00195
Selenomonas	970	G	11	0.00016	0	0.00000	27	0.00039
Faecalibacillus	2678885	G	2156	0.03139	63	0.00269	1904	0.02756
Thomasclavelia	3025755	G	56	0.00082	32	0.00136	42	0.00061
Catenibacterium	135858	G	33	0.00048	15	0.00064	20	0.00029
Bacillus	1386	G	157	0.00229	148	0.00631	77	0.00111
Neobacillus	2675232	G	13	0.00019	0	0.00000	0	0.00000
Paenibacillus	44249	G	96	0.00140	40	0.00171	145	0.00210
Staphylococcus	1279	G	34	0.00049	33	0.00141	40	0.00058
Streptococcus	1301	G	205	0.00298	91	0.00388	131	0.00190
Ligilactobacillus	2767887	G	26	0.00038	0	0.00000	12	0.00017
Lactobacillus	1578	G	16	0.00023	10	0.00043	11	0.00016
Enterococcus	1350	G	55	0.00080	43	0.00183	52	0.00075
Caldicellulosiruptor	44000	G	11	0.00016	0	0.00000	0	0.00000
Bifidobacterium	1678	G	379	0.00552	13	0.00055	3213	0.04650
Streptomyces	1883	G	23	0.00033	0	0.00000	120	0.00174
Collinsella	102106	G	10	0.00015	0	0.00000	23	0.00033
Bacteroides	816	G	8516	0.12398	3578	0.15260	5409	0.07828
Phocaeicola	909656	G	5800	0.08444	4609	0.19657	4976	0.07201
Parabacteroides	375288	G	5403	0.07866	1000	0.04265	7140	0.10333
Odoribacter	283168	G	591	0.00860	23	0.00098	333	0.00482
Butyricimonas	574697	G	48	0.00070	13	0.00055	44	0.00064
Alistipes	239759	G	327	0.00476	273	0.01164	989	0.01431
Segatella	2974251	G	109	0.00159	0	0.00000	68	0.00098
Prevotella	838	G	78	0.00114	0	0.00000	43	0.00062
Paraprevotella	577309	G	48	0.00070	0	0.00000	31	0.00045
Hoylesella	2974257	G	14	0.00020	0	0.00000	0	0.00000
Barnesiella	397864	G	39	0.00057	58	0.00247	103	0.00149
Coprobacter	1348911	G	19	0.00028	0	0.00000	32	0.00046
Duncaniella	2518495	G	13	0.00019	0	0.00000	0	0.00000
Draconibacterium	1471399	G	13	0.00019	0	0.00000	11	0.00016
Flavobacterium	237	G	80	0.00116	23	0.00098	40	0.00058
Chryseobacterium	59732	G	33	0.00048	0	0.00000	21	0.00030
Mucilaginibacter	423349	G	11	0.00016	0	0.00000	15	0.00022
Sphingobacterium	28453	G	10	0.00015	0	0.00000	15	0.00022
Chitinophaga	79328	G	10	0.00015	0	0.00000	14	0.00020
Akkermansia	239934	G	1020	0.01485	198	0.00844	1966	0.02845
Pseudomonas	286	G	62	0.00090	0	0.00000	100	0.00145
Acinetobacter	469	G	35	0.00051	26	0.00111	16	0.00023
Vibrio	662	G	11	0.00016	11	0.00047	24	0.00035
Campylobacter	194	G	26	0.00038	11	0.00047	29	0.00042
Treponema	157	G	18	0.00026	0	0.00000	31	0.00045
Fusobacterium	848	G	25	0.00036	15	0.00064	11	0.00016
Methanobrevibacter	2172	G	1049	0.01527	0	0.00000	1310	0.01896
Homo	9605	G	177	0.00258	127	0.00542	72	0.00104
Cohcovirus	2942991	G	96	0.00140	0	0.00000	63	0.00091
Culoivirus	2942992	G	87	0.00127	0	0.00000	48	0.00069
Buchavirus	2942994	G	23	0.00033	0	0.00000	0	0.00000
Junduvirus	2948774	G	39	0.00057	0	0.00000	78	0.00113
Jahgtovirus	2948767	G	23	0.00033	0	0.00000	76	0.00110
Carjivirus	2948652	G	20	0.00029	0	0.00000	0	0.00000
Mahlunavirus	2948812	G	11	0.00016	0	0.00000	0	0.00000
Ruminiclostridium	1508657	G	0	0.00000	10	0.00043	0	0.00000
Crassaminicella	1848399	G	0	0.00000	11	0.00047	0	0.00000
Maliibacterium	3047433	G	0	0.00000	11	0.00047	14	0.00020
Paraclostridium	1849822	G	0	0.00000	10	0.00043	0	0.00000
Spiroplasma	2132	G	0	0.00000	13	0.00055	0	0.00000
Polaribacter	52959	G	0	0.00000	15	0.00064	0	0.00000
Drivevirus	2948684	G	0	0.00000	37	0.00158	0	0.00000
Stomatobaculum	1213720	G	0	0.00000	0	0.00000	12	0.00017
Solibaculum	2842531	G	0	0.00000	0	0.00000	14	0.00020
Ethanoligenens	253238	G	0	0.00000	0	0.00000	11	0.00016
Acutalibacter	1918385	G	0	0.00000	0	0.00000	18	0.00026
Caproicibacter	2576755	G	0	0.00000	0	0.00000	12	0.00017
Intestinibacillus	1928820	G	0	0.00000	0	0.00000	18	0.00026
Aristaeella	3046369	G	0	0.00000	0	0.00000	28	0.00041
Emergencia	1926556	G	0	0.00000	0	0.00000	17	0.00025
Aminipila	2060094	G	0	0.00000	0	0.00000	12	0.00017
Lysinibacillus	400634	G	0	0.00000	0	0.00000	16	0.00023
Brevibacillus	55080	G	0	0.00000	0	0.00000	10	0.00014
Sporosarcina	1569	G	0	0.00000	0	0.00000	11	0.00016
Listeria	1637	G	0	0.00000	0	0.00000	13	0.00019
Microbacterium	33882	G	0	0.00000	0	0.00000	25	0.00036
Arthrobacter	1663	G	0	0.00000	0	0.00000	28	0.00041
Corynebacterium	1716	G	0	0.00000	0	0.00000	29	0.00042
Mycolicibacterium	1866885	G	0	0.00000	0	0.00000	13	0.00019
Nocardia	1817	G	0	0.00000	0	0.00000	13	0.00019
Micromonospora	1873	G	0	0.00000	0	0.00000	12	0.00017
Adlercreutzia	447020	G	0	0.00000	0	0.00000	441	0.00638
Eggerthella	84111	G	0	0.00000	0	0.00000	31	0.00045
Gordonibacter	644652	G	0	0.00000	0	0.00000	20	0.00029
Raoultibacter	1926677	G	0	0.00000	0	0.00000	15	0.00022
Deinococcus	1298	G	0	0.00000	0	0.00000	15	0.00022
Hymenobacter	89966	G	0	0.00000	0	0.00000	16	0.00023
Enterobacter	547	G	0	0.00000	0	0.00000	474	0.00686
Pantoea	53335	G	0	0.00000	0	0.00000	10	0.00014
Xanthomonas	338	G	0	0.00000	0	0.00000	13	0.00019
Aeromonas	642	G	0	0.00000	0	0.00000	11	0.00016
Rhizobium	379	G	0	0.00000	0	0.00000	28	0.00041
Sinorhizobium	28105	G	0	0.00000	0	0.00000	18	0.00026
Bradyrhizobium	374	G	0	0.00000	0	0.00000	33	0.00048
Mesorhizobium	68287	G	0	0.00000	0	0.00000	12	0.00017
Sphingomonas	13687	G	0	0.00000	0	0.00000	23	0.00033
Burkholderia	32008	G	0	0.00000	0	0.00000	25	0.00036
Achromobacter	222	G	0	0.00000	0	0.00000	17	0.00025
Desulfovibrio	872	G	0	0.00000	0	0.00000	23	0.00033
Pyramidobacter	638847	G	0	0.00000	0	0.00000	13	0.00019
