k79_11130	ERR011349_MEGAHIT_MetaBinner.1
k79_272	ERR011349_MEGAHIT_MetaBinner.1
k79_463	ERR011349_MEGAHIT_MetaBinner.1
k79_35913	ERR011349_MEGAHIT_MetaBinner.1
k79_12469	ERR011349_MEGAHIT_MetaBinner.1
k79_28019	ERR011349_MEGAHIT_MetaBinner.1
k79_6080	ERR011349_MEGAHIT_MetaBinner.1
k79_35466	ERR011349_MEGAHIT_MetaBinner.1
k79_18742	ERR011349_MEGAHIT_MetaBinner.1
k79_26722	ERR011349_MEGAHIT_MetaBinner.1
k79_27869	ERR011349_MEGAHIT_MetaBinner.1
k79_15508	ERR011349_MEGAHIT_MetaBinner.1
k79_15783	ERR011349_MEGAHIT_MetaBinner.1
k79_24826	ERR011349_MEGAHIT_MetaBinner.1
k79_2824	ERR011349_MEGAHIT_MetaBinner.1
k79_28493	ERR011349_MEGAHIT_MetaBinner.1
k79_29438	ERR011349_MEGAHIT_MetaBinner.1
k79_5476	ERR011349_MEGAHIT_MetaBinner.1
k79_9815	ERR011349_MEGAHIT_MetaBinner.1
k79_9021	ERR011349_MEGAHIT_MetaBinner.1
k79_20318	ERR011349_MEGAHIT_MetaBinner.1
k79_35325	ERR011349_MEGAHIT_MetaBinner.1
k79_18517	ERR011349_MEGAHIT_MetaBinner.1
k79_6681	ERR011349_MEGAHIT_MetaBinner.1
k79_20128	ERR011349_MEGAHIT_MetaBinner.1
k79_8128	ERR011349_MEGAHIT_MetaBinner.1
k79_28197	ERR011349_MEGAHIT_MetaBinner.1
k79_6572	ERR011349_MEGAHIT_MetaBinner.1
k79_13685	ERR011349_MEGAHIT_MetaBinner.1
k79_24080	ERR011349_MEGAHIT_MetaBinner.1
k79_18263	ERR011349_MEGAHIT_MetaBinner.1
k79_626	ERR011349_MEGAHIT_MetaBinner.1
k79_24306	ERR011349_MEGAHIT_MetaBinner.1
k79_28739	ERR011349_MEGAHIT_MetaBinner.1
k79_14242	ERR011349_MEGAHIT_MetaBinner.1
k79_28620	ERR011349_MEGAHIT_MetaBinner.1
k79_17163	ERR011349_MEGAHIT_MetaBinner.1
k79_5812	ERR011349_MEGAHIT_MetaBinner.1
k79_17233	ERR011349_MEGAHIT_MetaBinner.1
k79_24276	ERR011349_MEGAHIT_MetaBinner.1
k79_29973	ERR011349_MEGAHIT_MetaBinner.1
k79_21027	ERR011349_MEGAHIT_MetaBinner.1
k79_17828	ERR011349_MEGAHIT_MetaBinner.1
k79_18807	ERR011349_MEGAHIT_MetaBinner.1
k79_26505	ERR011349_MEGAHIT_MetaBinner.1
k79_31123	ERR011349_MEGAHIT_MetaBinner.1
k79_36557	ERR011349_MEGAHIT_MetaBinner.1
k79_5635	ERR011349_MEGAHIT_MetaBinner.1
k79_5591	ERR011349_MEGAHIT_MetaBinner.1
k79_10834	ERR011349_MEGAHIT_MetaBinner.1
k79_13747	ERR011349_MEGAHIT_MetaBinner.1
k79_36635	ERR011349_MEGAHIT_MetaBinner.1
k79_30462	ERR011349_MEGAHIT_MetaBinner.1
k79_11202	ERR011349_MEGAHIT_MetaBinner.1
k79_30275	ERR011349_MEGAHIT_MetaBinner.1
k79_15153	ERR011349_MEGAHIT_MetaBinner.1
k79_2561	ERR011349_MEGAHIT_MetaBinner.1
k79_7880	ERR011349_MEGAHIT_MetaBinner.1
k79_281	ERR011349_MEGAHIT_MetaBinner.1
k79_29583	ERR011349_MEGAHIT_MetaBinner.1
k79_8766	ERR011349_MEGAHIT_MetaBinner.1
k79_26162	ERR011349_MEGAHIT_MetaBinner.1
k79_14857	ERR011349_MEGAHIT_MetaBinner.1
k79_1073	ERR011349_MEGAHIT_MetaBinner.1
k79_15638	ERR011349_MEGAHIT_MetaBinner.1
k79_30078	ERR011349_MEGAHIT_MetaBinner.1
k79_9827	ERR011349_MEGAHIT_MetaBinner.1
k79_35572	ERR011349_MEGAHIT_MetaBinner.1
k79_28885	ERR011349_MEGAHIT_MetaBinner.1
k79_5649	ERR011349_MEGAHIT_MetaBinner.1
k79_34311	ERR011349_MEGAHIT_MetaBinner.1
k79_23065	ERR011349_MEGAHIT_MetaBinner.1
k79_12293	ERR011349_MEGAHIT_MetaBinner.1
k79_16090	ERR011349_MEGAHIT_MetaBinner.1
k79_13930	ERR011349_MEGAHIT_MetaBinner.1
k79_6577	ERR011349_MEGAHIT_MetaBinner.1
k79_5596	ERR011349_MEGAHIT_MetaBinner.1
k79_20364	ERR011349_MEGAHIT_MetaBinner.1
k79_54	ERR011349_MEGAHIT_MetaBinner.1
k79_19810	ERR011349_MEGAHIT_MetaBinner.1
k79_34139	ERR011349_MEGAHIT_MetaBinner.1
k79_28609	ERR011349_MEGAHIT_MetaBinner.1
k79_34409	ERR011349_MEGAHIT_MetaBinner.1
k79_14618	ERR011349_MEGAHIT_MetaBinner.1
k79_34983	ERR011349_MEGAHIT_MetaBinner.1
k79_25303	ERR011349_MEGAHIT_MetaBinner.1
k79_13384	ERR011349_MEGAHIT_MetaBinner.1
k79_26749	ERR011349_MEGAHIT_MetaBinner.1
k79_30726	ERR011349_MEGAHIT_MetaBinner.1
k79_2257	ERR011349_MEGAHIT_MetaBinner.1
k79_8736	ERR011349_MEGAHIT_MetaBinner.1
k79_32281	ERR011349_MEGAHIT_MetaBinner.1
k79_16798	ERR011349_MEGAHIT_MetaBinner.1
k79_29242	ERR011349_MEGAHIT_MetaBinner.1
k79_26199	ERR011349_MEGAHIT_MetaBinner.1
k79_8732	ERR011349_MEGAHIT_MetaBinner.1
k79_27458	ERR011349_MEGAHIT_MetaBinner.1
k79_22411	ERR011349_MEGAHIT_MetaBinner.1
k79_20682	ERR011349_MEGAHIT_MetaBinner.1
k79_7085	ERR011349_MEGAHIT_MetaBinner.1
k79_3601	ERR011349_MEGAHIT_MetaBinner.1
k79_3152	ERR011349_MEGAHIT_MetaBinner.1
k79_3537	ERR011349_MEGAHIT_MetaBinner.1
k79_31384	ERR011349_MEGAHIT_MetaBinner.1
k79_32560	ERR011349_MEGAHIT_MetaBinner.1
k79_36687	ERR011349_MEGAHIT_MetaBinner.1
k79_36470	ERR011349_MEGAHIT_MetaBinner.1
k79_13351	ERR011349_MEGAHIT_MetaBinner.1
k79_29642	ERR011349_MEGAHIT_MetaBinner.1
k79_25310	ERR011349_MEGAHIT_MetaBinner.1
k79_13369	ERR011349_MEGAHIT_MetaBinner.1
k79_26094	ERR011349_MEGAHIT_MetaBinner.1
k79_18238	ERR011349_MEGAHIT_MetaBinner.1
k79_22450	ERR011349_MEGAHIT_MetaBinner.1
k79_2301	ERR011349_MEGAHIT_MetaBinner.1
k79_29507	ERR011349_MEGAHIT_MetaBinner.1
k79_29053	ERR011349_MEGAHIT_MetaBinner.1
k79_7958	ERR011349_MEGAHIT_MetaBinner.1
k79_25692	ERR011349_MEGAHIT_MetaBinner.1
k79_6293	ERR011349_MEGAHIT_MetaBinner.1
k79_19652	ERR011349_MEGAHIT_MetaBinner.1
k79_26361	ERR011349_MEGAHIT_MetaBinner.1
k79_28074	ERR011349_MEGAHIT_MetaBinner.1
k79_21737	ERR011349_MEGAHIT_MetaBinner.1
k79_33432	ERR011349_MEGAHIT_MetaBinner.1
k79_29355	ERR011349_MEGAHIT_MetaBinner.1
k79_33807	ERR011349_MEGAHIT_MetaBinner.1
k79_7531	ERR011349_MEGAHIT_MetaBinner.1
k79_22531	ERR011349_MEGAHIT_MetaBinner.1
k79_18961	ERR011349_MEGAHIT_MetaBinner.1
k79_36680	ERR011349_MEGAHIT_MetaBinner.1
k79_22321	ERR011349_MEGAHIT_MetaBinner.1
k79_33917	ERR011349_MEGAHIT_MetaBinner.1
k79_22142	ERR011349_MEGAHIT_MetaBinner.1
k79_21392	ERR011349_MEGAHIT_MetaBinner.1
k79_15928	ERR011349_MEGAHIT_MetaBinner.1
k79_22709	ERR011349_MEGAHIT_MetaBinner.1
k79_32227	ERR011349_MEGAHIT_MetaBinner.1
k79_35417	ERR011349_MEGAHIT_MetaBinner.1
k79_32084	ERR011349_MEGAHIT_MetaBinner.1
k79_10862	ERR011349_MEGAHIT_MetaBinner.1
k79_29967	ERR011349_MEGAHIT_MetaBinner.1
k79_17560	ERR011349_MEGAHIT_MetaBinner.1
k79_29913	ERR011349_MEGAHIT_MetaBinner.1
k79_18678	ERR011349_MEGAHIT_MetaBinner.1
k79_20142	ERR011349_MEGAHIT_MetaBinner.1
k79_4580	ERR011349_MEGAHIT_MetaBinner.1
k79_2176	ERR011349_MEGAHIT_MetaBinner.1
k79_17666	ERR011349_MEGAHIT_MetaBinner.1
k79_23765	ERR011349_MEGAHIT_MetaBinner.1
k79_34367	ERR011349_MEGAHIT_MetaBinner.1
k79_29351	ERR011349_MEGAHIT_MetaBinner.1
k79_26448	ERR011349_MEGAHIT_MetaBinner.1
k79_21006	ERR011349_MEGAHIT_MetaBinner.1
k79_2125	ERR011349_MEGAHIT_MetaBinner.1
k79_34197	ERR011349_MEGAHIT_MetaBinner.1
k79_7675	ERR011349_MEGAHIT_MetaBinner.1
k79_15275	ERR011349_MEGAHIT_MetaBinner.1
k79_23119	ERR011349_MEGAHIT_MetaBinner.1
k79_12460	ERR011349_MEGAHIT_MetaBinner.1
k79_10073	ERR011349_MEGAHIT_MetaBinner.1
k79_20259	ERR011349_MEGAHIT_MetaBinner.1
k79_23084	ERR011349_MEGAHIT_MetaBinner.1
k79_21380	ERR011349_MEGAHIT_MetaBinner.1
k79_32364	ERR011349_MEGAHIT_MetaBinner.1
k79_13058	ERR011349_MEGAHIT_MetaBinner.1
k79_29047	ERR011349_MEGAHIT_MetaBinner.1
k79_27515	ERR011349_MEGAHIT_MetaBinner.1
k79_17596	ERR011349_MEGAHIT_MetaBinner.1
k79_12597	ERR011349_MEGAHIT_MetaBinner.1
k79_17809	ERR011349_MEGAHIT_MetaBinner.1
k79_25003	ERR011349_MEGAHIT_MetaBinner.1
k79_9816	ERR011349_MEGAHIT_MetaBinner.1
k79_24005	ERR011349_MEGAHIT_MetaBinner.1
k79_20776	ERR011349_MEGAHIT_MetaBinner.1
k79_5982	ERR011349_MEGAHIT_MetaBinner.1
k79_31109	ERR011349_MEGAHIT_MetaBinner.1
k79_22218	ERR011349_MEGAHIT_MetaBinner.1
k79_2527	ERR011349_MEGAHIT_MetaBinner.1
k79_3636	ERR011349_MEGAHIT_MetaBinner.1
k79_33276	ERR011349_MEGAHIT_MetaBinner.1
k79_12805	ERR011349_MEGAHIT_MetaBinner.1
k79_13884	ERR011349_MEGAHIT_MetaBinner.1
k79_25370	ERR011349_MEGAHIT_MetaBinner.1
k79_18446	ERR011349_MEGAHIT_MetaBinner.1
k79_7799	ERR011349_MEGAHIT_MetaBinner.1
k79_36400	ERR011349_MEGAHIT_MetaBinner.1
k79_27939	ERR011349_MEGAHIT_MetaBinner.1
k79_26382	ERR011349_MEGAHIT_MetaBinner.1
k79_12713	ERR011349_MEGAHIT_MetaBinner.1
k79_22585	ERR011349_MEGAHIT_MetaBinner.1
k79_1935	ERR011349_MEGAHIT_MetaBinner.1
k79_1356	ERR011349_MEGAHIT_MetaBinner.1
k79_651	ERR011349_MEGAHIT_MetaBinner.1
k79_35219	ERR011349_MEGAHIT_MetaBinner.1
k79_10099	ERR011349_MEGAHIT_MetaBinner.1
k79_7388	ERR011349_MEGAHIT_MetaBinner.1
k79_22196	ERR011349_MEGAHIT_MetaBinner.1
k79_33749	ERR011349_MEGAHIT_MetaBinner.1
k79_16899	ERR011349_MEGAHIT_MetaBinner.1
k79_36223	ERR011349_MEGAHIT_MetaBinner.1
k79_21480	ERR011349_MEGAHIT_MetaBinner.1
k79_22057	ERR011349_MEGAHIT_MetaBinner.1
k79_25816	ERR011349_MEGAHIT_MetaBinner.1
k79_17343	ERR011349_MEGAHIT_MetaBinner.1
k79_7459	ERR011349_MEGAHIT_MetaBinner.1
k79_7859	ERR011349_MEGAHIT_MetaBinner.1
k79_4224	ERR011349_MEGAHIT_MetaBinner.1
k79_34590	ERR011349_MEGAHIT_MetaBinner.1
k79_20357	ERR011349_MEGAHIT_MetaBinner.1
k79_22389	ERR011349_MEGAHIT_MetaBinner.1
k79_22843	ERR011349_MEGAHIT_MetaBinner.1
k79_14466	ERR011349_MEGAHIT_MetaBinner.1
k79_20455	ERR011349_MEGAHIT_MetaBinner.1
k79_24373	ERR011349_MEGAHIT_MetaBinner.1
k79_4402	ERR011349_MEGAHIT_MetaBinner.1
k79_11103	ERR011349_MEGAHIT_MetaBinner.1
k79_29620	ERR011349_MEGAHIT_MetaBinner.1
k79_6995	ERR011349_MEGAHIT_MetaBinner.1
k79_10598	ERR011349_MEGAHIT_MetaBinner.1
k79_16506	ERR011349_MEGAHIT_MetaBinner.1
k79_28860	ERR011349_MEGAHIT_MetaBinner.1
k79_2425	ERR011349_MEGAHIT_MetaBinner.1
k79_4002	ERR011349_MEGAHIT_MetaBinner.1
k79_17149	ERR011349_MEGAHIT_MetaBinner.1
k79_36345	ERR011349_MEGAHIT_MetaBinner.1
k79_8041	ERR011349_MEGAHIT_MetaBinner.1
k79_3091	ERR011349_MEGAHIT_MetaBinner.1
k79_143	ERR011349_MEGAHIT_MetaBinner.1
k79_17951	ERR011349_MEGAHIT_MetaBinner.1
k79_24729	ERR011349_MEGAHIT_MetaBinner.1
k79_20837	ERR011349_MEGAHIT_MetaBinner.1
k79_17025	ERR011349_MEGAHIT_MetaBinner.1
k79_31385	ERR011349_MEGAHIT_MetaBinner.1
k79_13603	ERR011349_MEGAHIT_MetaBinner.1
k79_30617	ERR011349_MEGAHIT_MetaBinner.1
k79_34593	ERR011349_MEGAHIT_MetaBinner.1
k79_31724	ERR011349_MEGAHIT_MetaBinner.1
k79_23642	ERR011349_MEGAHIT_MetaBinner.1
k79_14017	ERR011349_MEGAHIT_MetaBinner.1
k79_30610	ERR011349_MEGAHIT_MetaBinner.1
k79_36740	ERR011349_MEGAHIT_MetaBinner.1
k79_33671	ERR011349_MEGAHIT_MetaBinner.1
k79_14477	ERR011349_MEGAHIT_MetaBinner.1
k79_5092	ERR011349_MEGAHIT_MetaBinner.1
k79_36472	ERR011349_MEGAHIT_MetaBinner.1
k79_15912	ERR011349_MEGAHIT_MetaBinner.1
k79_36356	ERR011349_MEGAHIT_MetaBinner.1
k79_20980	ERR011349_MEGAHIT_MetaBinner.1
k79_5504	ERR011349_MEGAHIT_MetaBinner.1
k79_26637	ERR011349_MEGAHIT_MetaBinner.1
k79_4229	ERR011349_MEGAHIT_MetaBinner.1
k79_8122	ERR011349_MEGAHIT_MetaBinner.1
k79_2760	ERR011349_MEGAHIT_MetaBinner.1
k79_10147	ERR011349_MEGAHIT_MetaBinner.1
k79_28935	ERR011349_MEGAHIT_MetaBinner.1
k79_3665	ERR011349_MEGAHIT_MetaBinner.1
k79_29752	ERR011349_MEGAHIT_MetaBinner.1
k79_10749	ERR011349_MEGAHIT_MetaBinner.1
k79_22075	ERR011349_MEGAHIT_MetaBinner.1
k79_11535	ERR011349_MEGAHIT_MetaBinner.1
k79_28999	ERR011349_MEGAHIT_MetaBinner.1
k79_11754	ERR011349_MEGAHIT_MetaBinner.1
k79_3202	ERR011349_MEGAHIT_MetaBinner.1
k79_27782	ERR011349_MEGAHIT_MetaBinner.1
k79_29252	ERR011349_MEGAHIT_MetaBinner.1
k79_16181	ERR011349_MEGAHIT_MetaBinner.1
k79_22429	ERR011349_MEGAHIT_MetaBinner.1
k79_35880	ERR011349_MEGAHIT_MetaBinner.1
k79_33821	ERR011349_MEGAHIT_MetaBinner.1
k79_7947	ERR011349_MEGAHIT_MetaBinner.1
k79_4221	ERR011349_MEGAHIT_MetaBinner.1
k79_26202	ERR011349_MEGAHIT_MetaBinner.1
k79_13756	ERR011349_MEGAHIT_MetaBinner.1
k79_33487	ERR011349_MEGAHIT_MetaBinner.1
k79_25841	ERR011349_MEGAHIT_MetaBinner.1
k79_14881	ERR011349_MEGAHIT_MetaBinner.1
k79_8769	ERR011349_MEGAHIT_MetaBinner.1
k79_35017	ERR011349_MEGAHIT_MetaBinner.1
k79_11496	ERR011349_MEGAHIT_MetaBinner.1
k79_1220	ERR011349_MEGAHIT_MetaBinner.1
k79_33685	ERR011349_MEGAHIT_MetaBinner.1
k79_24269	ERR011349_MEGAHIT_MetaBinner.1
k79_22309	ERR011349_MEGAHIT_MetaBinner.1
k79_30450	ERR011349_MEGAHIT_MetaBinner.1
k79_10894	ERR011349_MEGAHIT_MetaBinner.1
k79_19459	ERR011349_MEGAHIT_MetaBinner.1
k79_2974	ERR011349_MEGAHIT_MetaBinner.1
k79_31158	ERR011349_MEGAHIT_MetaBinner.1
k79_23378	ERR011349_MEGAHIT_MetaBinner.1
k79_6156	ERR011349_MEGAHIT_MetaBinner.1
k79_7949	ERR011349_MEGAHIT_MetaBinner.1
k79_32824	ERR011349_MEGAHIT_MetaBinner.1
k79_21239	ERR011349_MEGAHIT_MetaBinner.1
k79_13892	ERR011349_MEGAHIT_MetaBinner.1
k79_25986	ERR011349_MEGAHIT_MetaBinner.1
k79_18275	ERR011349_MEGAHIT_MetaBinner.1
k79_32186	ERR011349_MEGAHIT_MetaBinner.1
k79_35771	ERR011349_MEGAHIT_MetaBinner.1
k79_17710	ERR011349_MEGAHIT_MetaBinner.1
k79_8548	ERR011349_MEGAHIT_MetaBinner.1
k79_17618	ERR011349_MEGAHIT_MetaBinner.1
k79_32537	ERR011349_MEGAHIT_MetaBinner.1
k79_17726	ERR011349_MEGAHIT_MetaBinner.1
k79_9889	ERR011349_MEGAHIT_MetaBinner.1
k79_33900	ERR011349_MEGAHIT_MetaBinner.1
k79_24313	ERR011349_MEGAHIT_MetaBinner.1
k79_13878	ERR011349_MEGAHIT_MetaBinner.1
k79_1360	ERR011349_MEGAHIT_MetaBinner.1
k79_35632	ERR011349_MEGAHIT_MetaBinner.1
k79_30034	ERR011349_MEGAHIT_MetaBinner.1
k79_12426	ERR011349_MEGAHIT_MetaBinner.1
k79_2897	ERR011349_MEGAHIT_MetaBinner.1
k79_8663	ERR011349_MEGAHIT_MetaBinner.1
k79_30158	ERR011349_MEGAHIT_MetaBinner.1
k79_10354	ERR011349_MEGAHIT_MetaBinner.1
k79_11105	ERR011349_MEGAHIT_MetaBinner.1
k79_6940	ERR011349_MEGAHIT_MetaBinner.1
k79_21536	ERR011349_MEGAHIT_MetaBinner.1
k79_9656	ERR011349_MEGAHIT_MetaBinner.1
k79_25658	ERR011349_MEGAHIT_MetaBinner.1
k79_36086	ERR011349_MEGAHIT_MetaBinner.1
k79_18023	ERR011349_MEGAHIT_MetaBinner.1
k79_27093	ERR011349_MEGAHIT_MetaBinner.1
k79_34004	ERR011349_MEGAHIT_MetaBinner.1
k79_5182	ERR011349_MEGAHIT_MetaBinner.1
k79_32309	ERR011349_MEGAHIT_MetaBinner.1
k79_16311	ERR011349_MEGAHIT_MetaBinner.1
k79_15630	ERR011349_MEGAHIT_MetaBinner.1
k79_14250	ERR011349_MEGAHIT_MetaBinner.1
k79_33998	ERR011349_MEGAHIT_MetaBinner.1
k79_23054	ERR011349_MEGAHIT_MetaBinner.2
k79_26306	ERR011349_MEGAHIT_MetaBinner.2
k79_10126	ERR011349_MEGAHIT_MetaBinner.2
k79_21281	ERR011349_MEGAHIT_MetaBinner.2
k79_34309	ERR011349_MEGAHIT_MetaBinner.2
k79_7769	ERR011349_MEGAHIT_MetaBinner.2
k79_15523	ERR011349_MEGAHIT_MetaBinner.2
k79_11485	ERR011349_MEGAHIT_MetaBinner.2
k79_15141	ERR011349_MEGAHIT_MetaBinner.2
k79_10604	ERR011349_MEGAHIT_MetaBinner.2
k79_22430	ERR011349_MEGAHIT_MetaBinner.2
k79_3611	ERR011349_MEGAHIT_MetaBinner.2
k79_11598	ERR011349_MEGAHIT_MetaBinner.2
k79_1106	ERR011349_MEGAHIT_MetaBinner.2
k79_8893	ERR011349_MEGAHIT_MetaBinner.2
k79_18541	ERR011349_MEGAHIT_MetaBinner.2
k79_9552	ERR011349_MEGAHIT_MetaBinner.2
k79_14315	ERR011349_MEGAHIT_MetaBinner.2
k79_11303	ERR011349_MEGAHIT_MetaBinner.2
k79_7464	ERR011349_MEGAHIT_MetaBinner.2
k79_21611	ERR011349_MEGAHIT_MetaBinner.2
k79_7394	ERR011349_MEGAHIT_MetaBinner.2
k79_34502	ERR011349_MEGAHIT_MetaBinner.2
k79_25608	ERR011349_MEGAHIT_MetaBinner.2
k79_26676	ERR011349_MEGAHIT_MetaBinner.2
k79_36707	ERR011349_MEGAHIT_MetaBinner.2
k79_29916	ERR011349_MEGAHIT_MetaBinner.2
k79_24903	ERR011349_MEGAHIT_MetaBinner.2
k79_26449	ERR011349_MEGAHIT_MetaBinner.2
k79_28355	ERR011349_MEGAHIT_MetaBinner.2
k79_10805	ERR011349_MEGAHIT_MetaBinner.2
k79_22821	ERR011349_MEGAHIT_MetaBinner.2
k79_16821	ERR011349_MEGAHIT_MetaBinner.2
k79_8815	ERR011349_MEGAHIT_MetaBinner.2
k79_29424	ERR011349_MEGAHIT_MetaBinner.2
k79_12775	ERR011349_MEGAHIT_MetaBinner.2
k79_7207	ERR011349_MEGAHIT_MetaBinner.2
k79_4342	ERR011349_MEGAHIT_MetaBinner.2
k79_22831	ERR011349_MEGAHIT_MetaBinner.2
k79_17817	ERR011349_MEGAHIT_MetaBinner.2
k79_4623	ERR011349_MEGAHIT_MetaBinner.2
k79_34666	ERR011349_MEGAHIT_MetaBinner.2
k79_23856	ERR011349_MEGAHIT_MetaBinner.2
k79_708	ERR011349_MEGAHIT_MetaBinner.2
k79_29554	ERR011349_MEGAHIT_MetaBinner.2
k79_234	ERR011349_MEGAHIT_MetaBinner.2
k79_6663	ERR011349_MEGAHIT_MetaBinner.2
k79_10641	ERR011349_MEGAHIT_MetaBinner.2
k79_953	ERR011349_MEGAHIT_MetaBinner.2
k79_20005	ERR011349_MEGAHIT_MetaBinner.2
k79_2711	ERR011349_MEGAHIT_MetaBinner.2
k79_22524	ERR011349_MEGAHIT_MetaBinner.2
k79_29998	ERR011349_MEGAHIT_MetaBinner.2
k79_7533	ERR011349_MEGAHIT_MetaBinner.2
k79_30054	ERR011349_MEGAHIT_MetaBinner.2
k79_8141	ERR011349_MEGAHIT_MetaBinner.2
k79_8866	ERR011349_MEGAHIT_MetaBinner.2
k79_31847	ERR011349_MEGAHIT_MetaBinner.2
k79_9410	ERR011349_MEGAHIT_MetaBinner.3
k79_3451	ERR011349_MEGAHIT_MetaBinner.3
k79_27372	ERR011349_MEGAHIT_MetaBinner.3
k79_14706	ERR011349_MEGAHIT_MetaBinner.3
k79_32591	ERR011349_MEGAHIT_MetaBinner.3
k79_22858	ERR011349_MEGAHIT_MetaBinner.3
k79_16419	ERR011349_MEGAHIT_MetaBinner.3
k79_16188	ERR011349_MEGAHIT_MetaBinner.3
k79_4332	ERR011349_MEGAHIT_MetaBinner.3
k79_12973	ERR011349_MEGAHIT_MetaBinner.3
k79_7422	ERR011349_MEGAHIT_MetaBinner.3
k79_30566	ERR011349_MEGAHIT_MetaBinner.3
k79_16492	ERR011349_MEGAHIT_MetaBinner.3
k79_4766	ERR011349_MEGAHIT_MetaBinner.3
k79_1057	ERR011349_MEGAHIT_MetaBinner.3
k79_26534	ERR011349_MEGAHIT_MetaBinner.3
k79_418	ERR011349_MEGAHIT_MetaBinner.3
k79_32843	ERR011349_MEGAHIT_MetaBinner.3
k79_30163	ERR011349_MEGAHIT_MetaBinner.3
k79_20577	ERR011349_MEGAHIT_MetaBinner.3
k79_10183	ERR011349_MEGAHIT_MetaBinner.3
k79_29037	ERR011349_MEGAHIT_MetaBinner.3
k79_2458	ERR011349_MEGAHIT_MetaBinner.3
k79_26819	ERR011349_MEGAHIT_MetaBinner.3
k79_13478	ERR011349_MEGAHIT_MetaBinner.3
k79_22988	ERR011349_MEGAHIT_MetaBinner.3
k79_13719	ERR011349_MEGAHIT_MetaBinner.3
k79_8080	ERR011349_MEGAHIT_MetaBinner.3
k79_10747	ERR011349_MEGAHIT_MetaBinner.3
k79_20055	ERR011349_MEGAHIT_MetaBinner.3
k79_5815	ERR011349_MEGAHIT_MetaBinner.3
k79_15811	ERR011349_MEGAHIT_MetaBinner.3
k79_10646	ERR011349_MEGAHIT_MetaBinner.3
k79_26582	ERR011349_MEGAHIT_MetaBinner.3
k79_35458	ERR011349_MEGAHIT_MetaBinner.3
k79_16961	ERR011349_MEGAHIT_MetaBinner.3
k79_34403	ERR011349_MEGAHIT_MetaBinner.3
k79_11108	ERR011349_MEGAHIT_MetaBinner.3
k79_20241	ERR011349_MEGAHIT_MetaBinner.3
k79_2834	ERR011349_MEGAHIT_MetaBinner.3
k79_8046	ERR011349_MEGAHIT_MetaBinner.3
k79_30323	ERR011349_MEGAHIT_MetaBinner.3
k79_11155	ERR011349_MEGAHIT_MetaBinner.3
k79_7623	ERR011349_MEGAHIT_MetaBinner.3
k79_5180	ERR011349_MEGAHIT_MetaBinner.3
k79_7399	ERR011349_MEGAHIT_MetaBinner.3
k79_31876	ERR011349_MEGAHIT_MetaBinner.3
k79_28590	ERR011349_MEGAHIT_MetaBinner.3
k79_7248	ERR011349_MEGAHIT_MetaBinner.3
k79_8707	ERR011349_MEGAHIT_MetaBinner.3
k79_11667	ERR011349_MEGAHIT_MetaBinner.3
k79_35332	ERR011349_MEGAHIT_MetaBinner.3
k79_17029	ERR011349_MEGAHIT_MetaBinner.3
k79_35805	ERR011349_MEGAHIT_MetaBinner.3
k79_21490	ERR011349_MEGAHIT_MetaBinner.3
k79_8988	ERR011349_MEGAHIT_MetaBinner.3
k79_19785	ERR011349_MEGAHIT_MetaBinner.3
k79_6176	ERR011349_MEGAHIT_MetaBinner.3
k79_35235	ERR011349_MEGAHIT_MetaBinner.3
k79_22856	ERR011349_MEGAHIT_MetaBinner.3
k79_17602	ERR011349_MEGAHIT_MetaBinner.3
k79_27317	ERR011349_MEGAHIT_MetaBinner.3
k79_6473	ERR011349_MEGAHIT_MetaBinner.3
k79_108	ERR011349_MEGAHIT_MetaBinner.3
k79_32935	ERR011349_MEGAHIT_MetaBinner.3
k79_347	ERR011349_MEGAHIT_MetaBinner.3
k79_5269	ERR011349_MEGAHIT_MetaBinner.3
k79_33976	ERR011349_MEGAHIT_MetaBinner.3
k79_11470	ERR011349_MEGAHIT_MetaBinner.3
k79_10561	ERR011349_MEGAHIT_MetaBinner.3
k79_6275	ERR011349_MEGAHIT_MetaBinner.3
k79_24884	ERR011349_MEGAHIT_MetaBinner.3
k79_1365	ERR011349_MEGAHIT_MetaBinner.3
k79_3928	ERR011349_MEGAHIT_MetaBinner.3
k79_10136	ERR011349_MEGAHIT_MetaBinner.3
k79_15967	ERR011349_MEGAHIT_MetaBinner.3
k79_25148	ERR011349_MEGAHIT_MetaBinner.3
k79_2191	ERR011349_MEGAHIT_MetaBinner.3
k79_15743	ERR011349_MEGAHIT_MetaBinner.3
k79_7122	ERR011349_MEGAHIT_MetaBinner.3
k79_14977	ERR011349_MEGAHIT_MetaBinner.3
k79_5121	ERR011349_MEGAHIT_MetaBinner.3
k79_3949	ERR011349_MEGAHIT_MetaBinner.3
k79_25414	ERR011349_MEGAHIT_MetaBinner.3
k79_22559	ERR011349_MEGAHIT_MetaBinner.3
k79_18688	ERR011349_MEGAHIT_MetaBinner.3
k79_33451	ERR011349_MEGAHIT_MetaBinner.3
k79_4405	ERR011349_MEGAHIT_MetaBinner.3
k79_12566	ERR011349_MEGAHIT_MetaBinner.3
k79_33598	ERR011349_MEGAHIT_MetaBinner.3
k79_2030	ERR011349_MEGAHIT_MetaBinner.3
k79_237	ERR011349_MEGAHIT_MetaBinner.3
k79_25332	ERR011349_MEGAHIT_MetaBinner.3
k79_25250	ERR011349_MEGAHIT_MetaBinner.3
k79_29092	ERR011349_MEGAHIT_MetaBinner.3
k79_25163	ERR011349_MEGAHIT_MetaBinner.3
k79_17303	ERR011349_MEGAHIT_MetaBinner.3
k79_33803	ERR011349_MEGAHIT_MetaBinner.3
k79_24004	ERR011349_MEGAHIT_MetaBinner.3
k79_18933	ERR011349_MEGAHIT_MetaBinner.3
k79_30741	ERR011349_MEGAHIT_MetaBinner.3
k79_28845	ERR011349_MEGAHIT_MetaBinner.3
k79_26097	ERR011349_MEGAHIT_MetaBinner.3
k79_23805	ERR011349_MEGAHIT_MetaBinner.3
k79_18358	ERR011349_MEGAHIT_MetaBinner.3
k79_7222	ERR011349_MEGAHIT_MetaBinner.3
k79_23886	ERR011349_MEGAHIT_MetaBinner.3
k79_29022	ERR011349_MEGAHIT_MetaBinner.3
k79_20631	ERR011349_MEGAHIT_MetaBinner.3
k79_6499	ERR011349_MEGAHIT_MetaBinner.3
k79_17103	ERR011349_MEGAHIT_MetaBinner.3
k79_15558	ERR011349_MEGAHIT_MetaBinner.3
k79_16648	ERR011349_MEGAHIT_MetaBinner.3
k79_11263	ERR011349_MEGAHIT_MetaBinner.3
k79_2350	ERR011349_MEGAHIT_MetaBinner.3
k79_26363	ERR011349_MEGAHIT_MetaBinner.3
k79_31773	ERR011349_MEGAHIT_MetaBinner.3
k79_16151	ERR011349_MEGAHIT_MetaBinner.3
k79_36744	ERR011349_MEGAHIT_MetaBinner.3
k79_11681	ERR011349_MEGAHIT_MetaBinner.3
k79_7086	ERR011349_MEGAHIT_MetaBinner.3
k79_16785	ERR011349_MEGAHIT_MetaBinner.3
k79_17628	ERR011349_MEGAHIT_MetaBinner.3
k79_10252	ERR011349_MEGAHIT_MetaBinner.3
k79_10155	ERR011349_MEGAHIT_MetaBinner.3
k79_28861	ERR011349_MEGAHIT_MetaBinner.3
k79_10575	ERR011349_MEGAHIT_MetaBinner.3
k79_5564	ERR011349_MEGAHIT_MetaBinner.3
k79_14831	ERR011349_MEGAHIT_MetaBinner.3
k79_13867	ERR011349_MEGAHIT_MetaBinner.3
k79_25393	ERR011349_MEGAHIT_MetaBinner.3
k79_17667	ERR011349_MEGAHIT_MetaBinner.3
k79_20258	ERR011349_MEGAHIT_MetaBinner.3
k79_5359	ERR011349_MEGAHIT_MetaBinner.3
k79_14038	ERR011349_MEGAHIT_MetaBinner.3
k79_14021	ERR011349_MEGAHIT_MetaBinner.3
k79_34971	ERR011349_MEGAHIT_MetaBinner.3
k79_535	ERR011349_MEGAHIT_MetaBinner.3
k79_31796	ERR011349_MEGAHIT_MetaBinner.3
k79_8113	ERR011349_MEGAHIT_MetaBinner.3
k79_15397	ERR011349_MEGAHIT_MetaBinner.3
k79_10218	ERR011349_MEGAHIT_MetaBinner.3
k79_11004	ERR011349_MEGAHIT_MetaBinner.3
k79_32046	ERR011349_MEGAHIT_MetaBinner.3
k79_34642	ERR011349_MEGAHIT_MetaBinner.3
k79_23123	ERR011349_MEGAHIT_MetaBinner.3
k79_25583	ERR011349_MEGAHIT_MetaBinner.3
k79_11815	ERR011349_MEGAHIT_MetaBinner.3
k79_36269	ERR011349_MEGAHIT_MetaBinner.3
k79_21925	ERR011349_MEGAHIT_MetaBinner.3
k79_24543	ERR011349_MEGAHIT_MetaBinner.3
k79_10582	ERR011349_MEGAHIT_MetaBinner.3
k79_26087	ERR011349_MEGAHIT_MetaBinner.3
k79_17456	ERR011349_MEGAHIT_MetaBinner.3
k79_26950	ERR011349_MEGAHIT_MetaBinner.3
k79_21257	ERR011349_MEGAHIT_MetaBinner.3
k79_7475	ERR011349_MEGAHIT_MetaBinner.3
k79_35954	ERR011349_MEGAHIT_MetaBinner.3
k79_23577	ERR011349_MEGAHIT_MetaBinner.3
k79_401	ERR011349_MEGAHIT_MetaBinner.3
k79_8096	ERR011349_MEGAHIT_MetaBinner.3
k79_25549	ERR011349_MEGAHIT_MetaBinner.3
k79_10025	ERR011349_MEGAHIT_MetaBinner.3
k79_30252	ERR011349_MEGAHIT_MetaBinner.3
k79_10870	ERR011349_MEGAHIT_MetaBinner.3
k79_13457	ERR011349_MEGAHIT_MetaBinner.3
k79_13153	ERR011349_MEGAHIT_MetaBinner.3
k79_9328	ERR011349_MEGAHIT_MetaBinner.3
k79_13763	ERR011349_MEGAHIT_MetaBinner.3
k79_20390	ERR011349_MEGAHIT_MetaBinner.3
k79_23853	ERR011349_MEGAHIT_MetaBinner.3
k79_27817	ERR011349_MEGAHIT_MetaBinner.3
k79_4659	ERR011349_MEGAHIT_MetaBinner.3
k79_7739	ERR011349_MEGAHIT_MetaBinner.3
k79_25591	ERR011349_MEGAHIT_MetaBinner.3
k79_27273	ERR011349_MEGAHIT_MetaBinner.3
k79_20271	ERR011349_MEGAHIT_MetaBinner.3
k79_18456	ERR011349_MEGAHIT_MetaBinner.3
k79_14991	ERR011349_MEGAHIT_MetaBinner.3
k79_18507	ERR011349_MEGAHIT_MetaBinner.3
k79_18240	ERR011349_MEGAHIT_MetaBinner.3
k79_25844	ERR011349_MEGAHIT_MetaBinner.3
k79_9585	ERR011349_MEGAHIT_MetaBinner.3
k79_26035	ERR011349_MEGAHIT_MetaBinner.3
k79_36524	ERR011349_MEGAHIT_MetaBinner.3
k79_31444	ERR011349_MEGAHIT_MetaBinner.3
k79_2062	ERR011349_MEGAHIT_MetaBinner.3
k79_5622	ERR011349_MEGAHIT_MetaBinner.3
k79_6277	ERR011349_MEGAHIT_MetaBinner.3
k79_28080	ERR011349_MEGAHIT_MetaBinner.3
k79_20352	ERR011349_MEGAHIT_MetaBinner.3
k79_12078	ERR011349_MEGAHIT_MetaBinner.3
k79_30233	ERR011349_MEGAHIT_MetaBinner.3
k79_7080	ERR011349_MEGAHIT_MetaBinner.3
k79_17852	ERR011349_MEGAHIT_MetaBinner.3
k79_16154	ERR011349_MEGAHIT_MetaBinner.3
k79_31218	ERR011349_MEGAHIT_MetaBinner.3
k79_16502	ERR011349_MEGAHIT_MetaBinner.3
k79_34671	ERR011349_MEGAHIT_MetaBinner.3
k79_7862	ERR011349_MEGAHIT_MetaBinner.3
k79_16903	ERR011349_MEGAHIT_MetaBinner.3
k79_12920	ERR011349_MEGAHIT_MetaBinner.3
k79_16855	ERR011349_MEGAHIT_MetaBinner.3
k79_31907	ERR011349_MEGAHIT_MetaBinner.3
k79_4709	ERR011349_MEGAHIT_MetaBinner.3
k79_17268	ERR011349_MEGAHIT_MetaBinner.3
k79_9610	ERR011349_MEGAHIT_MetaBinner.3
k79_32275	ERR011349_MEGAHIT_MetaBinner.3
k79_24683	ERR011349_MEGAHIT_MetaBinner.3
k79_18737	ERR011349_MEGAHIT_MetaBinner.3
k79_18994	ERR011349_MEGAHIT_MetaBinner.3
k79_14710	ERR011349_MEGAHIT_MetaBinner.3
k79_27726	ERR011349_MEGAHIT_MetaBinner.3
k79_28807	ERR011349_MEGAHIT_MetaBinner.3
k79_29665	ERR011349_MEGAHIT_MetaBinner.3
k79_32258	ERR011349_MEGAHIT_MetaBinner.3
k79_28841	ERR011349_MEGAHIT_MetaBinner.3
k79_22689	ERR011349_MEGAHIT_MetaBinner.3
k79_849	ERR011349_MEGAHIT_MetaBinner.3
k79_21483	ERR011349_MEGAHIT_MetaBinner.3
k79_36008	ERR011349_MEGAHIT_MetaBinner.3
k79_25186	ERR011349_MEGAHIT_MetaBinner.3
k79_24466	ERR011349_MEGAHIT_MetaBinner.3
k79_24487	ERR011349_MEGAHIT_MetaBinner.3
k79_35346	ERR011349_MEGAHIT_MetaBinner.3
k79_253	ERR011349_MEGAHIT_MetaBinner.3
k79_10017	ERR011349_MEGAHIT_MetaBinner.3
k79_36007	ERR011349_MEGAHIT_MetaBinner.3
k79_31782	ERR011349_MEGAHIT_MetaBinner.3
k79_33820	ERR011349_MEGAHIT_MetaBinner.3
k79_29569	ERR011349_MEGAHIT_MetaBinner.3
k79_31962	ERR011349_MEGAHIT_MetaBinner.3
k79_2977	ERR011349_MEGAHIT_MetaBinner.3
k79_1679	ERR011349_MEGAHIT_MetaBinner.3
k79_1911	ERR011349_MEGAHIT_MetaBinner.3
k79_8302	ERR011349_MEGAHIT_MetaBinner.3
k79_9534	ERR011349_MEGAHIT_MetaBinner.3
k79_2984	ERR011349_MEGAHIT_MetaBinner.3
k79_6565	ERR011349_MEGAHIT_MetaBinner.3
k79_4924	ERR011349_MEGAHIT_MetaBinner.3
k79_32769	ERR011349_MEGAHIT_MetaBinner.3
k79_16950	ERR011349_MEGAHIT_MetaBinner.3
k79_16472	ERR011349_MEGAHIT_MetaBinner.3
k79_19430	ERR011349_MEGAHIT_MetaBinner.3
k79_3514	ERR011349_MEGAHIT_MetaBinner.3
k79_11529	ERR011349_MEGAHIT_MetaBinner.3
k79_31729	ERR011349_MEGAHIT_MetaBinner.3
k79_3600	ERR011349_MEGAHIT_MetaBinner.3
k79_19076	ERR011349_MEGAHIT_MetaBinner.3
k79_12799	ERR011349_MEGAHIT_MetaBinner.3
k79_23679	ERR011349_MEGAHIT_MetaBinner.3
k79_16939	ERR011349_MEGAHIT_MetaBinner.3
k79_7143	ERR011349_MEGAHIT_MetaBinner.3
k79_9189	ERR011349_MEGAHIT_MetaBinner.3
k79_28313	ERR011349_MEGAHIT_MetaBinner.3
k79_35160	ERR011349_MEGAHIT_MetaBinner.3
k79_13843	ERR011349_MEGAHIT_MetaBinner.3
k79_7942	ERR011349_MEGAHIT_MetaBinner.3
k79_2872	ERR011349_MEGAHIT_MetaBinner.3
k79_22496	ERR011349_MEGAHIT_MetaBinner.3
k79_26052	ERR011349_MEGAHIT_MetaBinner.3
k79_23125	ERR011349_MEGAHIT_MetaBinner.3
k79_22690	ERR011349_MEGAHIT_MetaBinner.3
k79_19225	ERR011349_MEGAHIT_MetaBinner.3
k79_24684	ERR011349_MEGAHIT_MetaBinner.3
k79_10650	ERR011349_MEGAHIT_MetaBinner.3
k79_28268	ERR011349_MEGAHIT_MetaBinner.3
k79_13355	ERR011349_MEGAHIT_MetaBinner.3
k79_18733	ERR011349_MEGAHIT_MetaBinner.3
k79_12398	ERR011349_MEGAHIT_MetaBinner.3
k79_18361	ERR011349_MEGAHIT_MetaBinner.3
k79_29250	ERR011349_MEGAHIT_MetaBinner.3
k79_2830	ERR011349_MEGAHIT_MetaBinner.3
k79_7237	ERR011349_MEGAHIT_MetaBinner.3
k79_10263	ERR011349_MEGAHIT_MetaBinner.3
k79_14582	ERR011349_MEGAHIT_MetaBinner.3
k79_14784	ERR011349_MEGAHIT_MetaBinner.3
k79_34840	ERR011349_MEGAHIT_MetaBinner.3
k79_19683	ERR011349_MEGAHIT_MetaBinner.3
k79_29660	ERR011349_MEGAHIT_MetaBinner.3
k79_27247	ERR011349_MEGAHIT_MetaBinner.3
k79_15790	ERR011349_MEGAHIT_MetaBinner.3
k79_3861	ERR011349_MEGAHIT_MetaBinner.3
k79_19846	ERR011349_MEGAHIT_MetaBinner.3
k79_33580	ERR011349_MEGAHIT_MetaBinner.3
k79_28568	ERR011349_MEGAHIT_MetaBinner.3
k79_5977	ERR011349_MEGAHIT_MetaBinner.3
k79_28646	ERR011349_MEGAHIT_MetaBinner.3
k79_29539	ERR011349_MEGAHIT_MetaBinner.3
k79_30953	ERR011349_MEGAHIT_MetaBinner.3
k79_10768	ERR011349_MEGAHIT_MetaBinner.3
k79_23991	ERR011349_MEGAHIT_MetaBinner.3
k79_607	ERR011349_MEGAHIT_MetaBinner.3
k79_18128	ERR011349_MEGAHIT_MetaBinner.3
k79_19465	ERR011349_MEGAHIT_MetaBinner.3
k79_7055	ERR011349_MEGAHIT_MetaBinner.3
k79_22703	ERR011349_MEGAHIT_MetaBinner.3
k79_12947	ERR011349_MEGAHIT_MetaBinner.3
k79_35837	ERR011349_MEGAHIT_MetaBinner.3
k79_31441	ERR011349_MEGAHIT_MetaBinner.3
k79_2260	ERR011349_MEGAHIT_MetaBinner.3
k79_10324	ERR011349_MEGAHIT_MetaBinner.3
k79_29125	ERR011349_MEGAHIT_MetaBinner.3
k79_176	ERR011349_MEGAHIT_MetaBinner.3
k79_18663	ERR011349_MEGAHIT_MetaBinner.3
k79_31741	ERR011349_MEGAHIT_MetaBinner.3
k79_36167	ERR011349_MEGAHIT_MetaBinner.3
k79_5741	ERR011349_MEGAHIT_MetaBinner.3
k79_35766	ERR011349_MEGAHIT_MetaBinner.3
k79_13103	ERR011349_MEGAHIT_MetaBinner.3
k79_23088	ERR011349_MEGAHIT_MetaBinner.3
k79_28987	ERR011349_MEGAHIT_MetaBinner.3
k79_34425	ERR011349_MEGAHIT_MetaBinner.3
k79_6462	ERR011349_MEGAHIT_MetaBinner.3
k79_19238	ERR011349_MEGAHIT_MetaBinner.3
k79_30412	ERR011349_MEGAHIT_MetaBinner.3
k79_7981	ERR011349_MEGAHIT_MetaBinner.3
k79_5357	ERR011349_MEGAHIT_MetaBinner.3
k79_31963	ERR011349_MEGAHIT_MetaBinner.3
k79_29088	ERR011349_MEGAHIT_MetaBinner.3
k79_5070	ERR011349_MEGAHIT_MetaBinner.3
k79_31903	ERR011349_MEGAHIT_MetaBinner.3
k79_19086	ERR011349_MEGAHIT_MetaBinner.3
k79_14581	ERR011349_MEGAHIT_MetaBinner.3
k79_10426	ERR011349_MEGAHIT_MetaBinner.3
k79_20000	ERR011349_MEGAHIT_MetaBinner.3
k79_36236	ERR011349_MEGAHIT_MetaBinner.3
k79_27041	ERR011349_MEGAHIT_MetaBinner.3
k79_31319	ERR011349_MEGAHIT_MetaBinner.3
k79_25984	ERR011349_MEGAHIT_MetaBinner.3
k79_2307	ERR011349_MEGAHIT_MetaBinner.3
k79_27480	ERR011349_MEGAHIT_MetaBinner.3
k79_3937	ERR011349_MEGAHIT_MetaBinner.3
k79_16614	ERR011349_MEGAHIT_MetaBinner.3
k79_19381	ERR011349_MEGAHIT_MetaBinner.3
k79_19388	ERR011349_MEGAHIT_MetaBinner.3
k79_6332	ERR011349_MEGAHIT_MetaBinner.3
k79_27980	ERR011349_MEGAHIT_MetaBinner.3
k79_8974	ERR011349_MEGAHIT_MetaBinner.3
k79_13781	ERR011349_MEGAHIT_MetaBinner.3
k79_35519	ERR011349_MEGAHIT_MetaBinner.3
k79_23668	ERR011349_MEGAHIT_MetaBinner.3
k79_23394	ERR011349_MEGAHIT_MetaBinner.3
k79_15268	ERR011349_MEGAHIT_MetaBinner.3
k79_31483	ERR011349_MEGAHIT_MetaBinner.3
k79_11661	ERR011349_MEGAHIT_MetaBinner.3
k79_29361	ERR011349_MEGAHIT_MetaBinner.3
k79_4329	ERR011349_MEGAHIT_MetaBinner.3
k79_25097	ERR011349_MEGAHIT_MetaBinner.3
k79_5296	ERR011349_MEGAHIT_MetaBinner.3
k79_2121	ERR011349_MEGAHIT_MetaBinner.3
k79_32441	ERR011349_MEGAHIT_MetaBinner.3
k79_29296	ERR011349_MEGAHIT_MetaBinner.3
k79_29082	ERR011349_MEGAHIT_MetaBinner.3
k79_34832	ERR011349_MEGAHIT_MetaBinner.3
k79_6805	ERR011349_MEGAHIT_MetaBinner.3
k79_19581	ERR011349_MEGAHIT_MetaBinner.3
k79_12833	ERR011349_MEGAHIT_MetaBinner.3
k79_18025	ERR011349_MEGAHIT_MetaBinner.3
k79_33190	ERR011349_MEGAHIT_MetaBinner.3
k79_8578	ERR011349_MEGAHIT_MetaBinner.3
k79_21687	ERR011349_MEGAHIT_MetaBinner.3
k79_9966	ERR011349_MEGAHIT_MetaBinner.3
k79_31398	ERR011349_MEGAHIT_MetaBinner.3
k79_31072	ERR011349_MEGAHIT_MetaBinner.3
k79_7800	ERR011349_MEGAHIT_MetaBinner.3
k79_342	ERR011349_MEGAHIT_MetaBinner.3
k79_36517	ERR011349_MEGAHIT_MetaBinner.3
k79_17508	ERR011349_MEGAHIT_MetaBinner.3
k79_29530	ERR011349_MEGAHIT_MetaBinner.3
k79_11963	ERR011349_MEGAHIT_MetaBinner.3
k79_4646	ERR011349_MEGAHIT_MetaBinner.3
k79_19522	ERR011349_MEGAHIT_MetaBinner.3
k79_18333	ERR011349_MEGAHIT_MetaBinner.3
k79_13319	ERR011349_MEGAHIT_MetaBinner.3
k79_7843	ERR011349_MEGAHIT_MetaBinner.3
k79_30834	ERR011349_MEGAHIT_MetaBinner.3
k79_1997	ERR011349_MEGAHIT_MetaBinner.3
k79_22422	ERR011349_MEGAHIT_MetaBinner.3
k79_33201	ERR011349_MEGAHIT_MetaBinner.3
k79_21044	ERR011349_MEGAHIT_MetaBinner.3
k79_31542	ERR011349_MEGAHIT_MetaBinner.3
k79_13088	ERR011349_MEGAHIT_MetaBinner.3
k79_34881	ERR011349_MEGAHIT_MetaBinner.3
k79_36439	ERR011349_MEGAHIT_MetaBinner.3
k79_28653	ERR011349_MEGAHIT_MetaBinner.3
k79_1695	ERR011349_MEGAHIT_MetaBinner.3
k79_5347	ERR011349_MEGAHIT_MetaBinner.3
k79_5368	ERR011349_MEGAHIT_MetaBinner.3
k79_32986	ERR011349_MEGAHIT_MetaBinner.3
k79_22573	ERR011349_MEGAHIT_MetaBinner.3
k79_5364	ERR011349_MEGAHIT_MetaBinner.3
k79_5920	ERR011349_MEGAHIT_MetaBinner.3
k79_9091	ERR011349_MEGAHIT_MetaBinner.3
k79_10812	ERR011349_MEGAHIT_MetaBinner.3
k79_9212	ERR011349_MEGAHIT_MetaBinner.3
k79_3716	ERR011349_MEGAHIT_MetaBinner.3
k79_7853	ERR011349_MEGAHIT_MetaBinner.3
k79_35634	ERR011349_MEGAHIT_MetaBinner.3
k79_8404	ERR011349_MEGAHIT_MetaBinner.3
k79_22898	ERR011349_MEGAHIT_MetaBinner.3
k79_22181	ERR011349_MEGAHIT_MetaBinner.3
k79_34449	ERR011349_MEGAHIT_MetaBinner.3
k79_934	ERR011349_MEGAHIT_MetaBinner.3
k79_33601	ERR011349_MEGAHIT_MetaBinner.3
k79_8791	ERR011349_MEGAHIT_MetaBinner.3
k79_9795	ERR011349_MEGAHIT_MetaBinner.3
k79_31206	ERR011349_MEGAHIT_MetaBinner.3
k79_25466	ERR011349_MEGAHIT_MetaBinner.3
k79_31280	ERR011349_MEGAHIT_MetaBinner.3
k79_2209	ERR011349_MEGAHIT_MetaBinner.3
k79_19299	ERR011349_MEGAHIT_MetaBinner.3
k79_34233	ERR011349_MEGAHIT_MetaBinner.3
k79_36080	ERR011349_MEGAHIT_MetaBinner.3
k79_13566	ERR011349_MEGAHIT_MetaBinner.3
k79_25742	ERR011349_MEGAHIT_MetaBinner.3
k79_17715	ERR011349_MEGAHIT_MetaBinner.3
k79_22246	ERR011349_MEGAHIT_MetaBinner.3
k79_26126	ERR011349_MEGAHIT_MetaBinner.3
k79_5901	ERR011349_MEGAHIT_MetaBinner.3
k79_16412	ERR011349_MEGAHIT_MetaBinner.3
k79_32034	ERR011349_MEGAHIT_MetaBinner.3
k79_34121	ERR011349_MEGAHIT_MetaBinner.3
k79_23128	ERR011349_MEGAHIT_MetaBinner.3
k79_15288	ERR011349_MEGAHIT_MetaBinner.3
k79_11695	ERR011349_MEGAHIT_MetaBinner.3
k79_28929	ERR011349_MEGAHIT_MetaBinner.3
k79_20535	ERR011349_MEGAHIT_MetaBinner.3
k79_14759	ERR011349_MEGAHIT_MetaBinner.3
k79_5701	ERR011349_MEGAHIT_MetaBinner.3
k79_10933	ERR011349_MEGAHIT_MetaBinner.3
k79_1774	ERR011349_MEGAHIT_MetaBinner.3
k79_25248	ERR011349_MEGAHIT_MetaBinner.3
k79_4192	ERR011349_MEGAHIT_MetaBinner.3
k79_13202	ERR011349_MEGAHIT_MetaBinner.3
k79_32371	ERR011349_MEGAHIT_MetaBinner.3
k79_4846	ERR011349_MEGAHIT_MetaBinner.3
k79_27433	ERR011349_MEGAHIT_MetaBinner.3
k79_5339	ERR011349_MEGAHIT_MetaBinner.3
k79_17939	ERR011349_MEGAHIT_MetaBinner.3
k79_290	ERR011349_MEGAHIT_MetaBinner.3
k79_26526	ERR011349_MEGAHIT_MetaBinner.3
k79_4349	ERR011349_MEGAHIT_MetaBinner.3
k79_13370	ERR011349_MEGAHIT_MetaBinner.3
k79_13302	ERR011349_MEGAHIT_MetaBinner.3
k79_5758	ERR011349_MEGAHIT_MetaBinner.3
k79_12496	ERR011349_MEGAHIT_MetaBinner.3
k79_35555	ERR011349_MEGAHIT_MetaBinner.3
k79_2192	ERR011349_MEGAHIT_MetaBinner.3
k79_11522	ERR011349_MEGAHIT_MetaBinner.3
k79_15176	ERR011349_MEGAHIT_MetaBinner.3
k79_13513	ERR011349_MEGAHIT_MetaBinner.3
k79_2445	ERR011349_MEGAHIT_MetaBinner.3
k79_11083	ERR011349_MEGAHIT_MetaBinner.3
k79_5911	ERR011349_MEGAHIT_MetaBinner.3
k79_24230	ERR011349_MEGAHIT_MetaBinner.3
k79_23376	ERR011349_MEGAHIT_MetaBinner.3
k79_23250	ERR011349_MEGAHIT_MetaBinner.3
k79_33728	ERR011349_MEGAHIT_MetaBinner.3
k79_358	ERR011349_MEGAHIT_MetaBinner.3
k79_14010	ERR011349_MEGAHIT_MetaBinner.3
k79_22289	ERR011349_MEGAHIT_MetaBinner.3
k79_8204	ERR011349_MEGAHIT_MetaBinner.3
k79_2466	ERR011349_MEGAHIT_MetaBinner.3
k79_5181	ERR011349_MEGAHIT_MetaBinner.3
k79_12466	ERR011349_MEGAHIT_MetaBinner.3
k79_30096	ERR011349_MEGAHIT_MetaBinner.3
k79_25653	ERR011349_MEGAHIT_MetaBinner.3
k79_30369	ERR011349_MEGAHIT_MetaBinner.3
k79_9755	ERR011349_MEGAHIT_MetaBinner.3
k79_1775	ERR011349_MEGAHIT_MetaBinner.3
k79_24488	ERR011349_MEGAHIT_MetaBinner.3
k79_20312	ERR011349_MEGAHIT_MetaBinner.3
k79_12257	ERR011349_MEGAHIT_MetaBinner.3
k79_33213	ERR011349_MEGAHIT_MetaBinner.3
k79_14243	ERR011349_MEGAHIT_MetaBinner.3
k79_11557	ERR011349_MEGAHIT_MetaBinner.3
k79_5900	ERR011349_MEGAHIT_MetaBinner.3
k79_15629	ERR011349_MEGAHIT_MetaBinner.3
k79_4242	ERR011349_MEGAHIT_MetaBinner.3
k79_25353	ERR011349_MEGAHIT_MetaBinner.3
k79_31966	ERR011349_MEGAHIT_MetaBinner.3
k79_36414	ERR011349_MEGAHIT_MetaBinner.3
k79_15894	ERR011349_MEGAHIT_MetaBinner.3
k79_3174	ERR011349_MEGAHIT_MetaBinner.3
k79_32901	ERR011349_MEGAHIT_MetaBinner.3
k79_239	ERR011349_MEGAHIT_MetaBinner.3
k79_17328	ERR011349_MEGAHIT_MetaBinner.3
k79_34963	ERR011349_MEGAHIT_MetaBinner.3
k79_2593	ERR011349_MEGAHIT_MetaBinner.3
k79_2116	ERR011349_MEGAHIT_MetaBinner.3
k79_8289	ERR011349_MEGAHIT_MetaBinner.3
k79_5149	ERR011349_MEGAHIT_MetaBinner.3
k79_22960	ERR011349_MEGAHIT_MetaBinner.3
k79_9485	ERR011349_MEGAHIT_MetaBinner.3
k79_8624	ERR011349_MEGAHIT_MetaBinner.3
k79_27355	ERR011349_MEGAHIT_MetaBinner.3
k79_11222	ERR011349_MEGAHIT_MetaBinner.3
k79_33112	ERR011349_MEGAHIT_MetaBinner.3
k79_33904	ERR011349_MEGAHIT_MetaBinner.3
k79_24103	ERR011349_MEGAHIT_MetaBinner.3
k79_17437	ERR011349_MEGAHIT_MetaBinner.3
k79_10462	ERR011349_MEGAHIT_MetaBinner.3
k79_36618	ERR011349_MEGAHIT_MetaBinner.3
k79_4194	ERR011349_MEGAHIT_MetaBinner.3
k79_8457	ERR011349_MEGAHIT_MetaBinner.3
k79_10128	ERR011349_MEGAHIT_MetaBinner.3
k79_5825	ERR011349_MEGAHIT_MetaBinner.3
k79_20573	ERR011349_MEGAHIT_MetaBinner.3
k79_33768	ERR011349_MEGAHIT_MetaBinner.3
k79_5332	ERR011349_MEGAHIT_MetaBinner.3
k79_19250	ERR011349_MEGAHIT_MetaBinner.3
k79_14656	ERR011349_MEGAHIT_MetaBinner.3
k79_8987	ERR011349_MEGAHIT_MetaBinner.3
k79_15346	ERR011349_MEGAHIT_MetaBinner.3
k79_15870	ERR011349_MEGAHIT_MetaBinner.3
k79_30762	ERR011349_MEGAHIT_MetaBinner.3
k79_26973	ERR011349_MEGAHIT_MetaBinner.3
k79_25398	ERR011349_MEGAHIT_MetaBinner.3
k79_22803	ERR011349_MEGAHIT_MetaBinner.3
k79_7398	ERR011349_MEGAHIT_MetaBinner.3
k79_22694	ERR011349_MEGAHIT_MetaBinner.3
k79_12710	ERR011349_MEGAHIT_MetaBinner.3
k79_13003	ERR011349_MEGAHIT_MetaBinner.3
k79_8768	ERR011349_MEGAHIT_MetaBinner.3
k79_29584	ERR011349_MEGAHIT_MetaBinner.3
k79_6124	ERR011349_MEGAHIT_MetaBinner.3
k79_20323	ERR011349_MEGAHIT_MetaBinner.3
k79_22648	ERR011349_MEGAHIT_MetaBinner.3
k79_32280	ERR011349_MEGAHIT_MetaBinner.3
k79_19908	ERR011349_MEGAHIT_MetaBinner.3
k79_13834	ERR011349_MEGAHIT_MetaBinner.3
k79_4400	ERR011349_MEGAHIT_MetaBinner.3
k79_30768	ERR011349_MEGAHIT_MetaBinner.3
k79_1962	ERR011349_MEGAHIT_MetaBinner.3
k79_18898	ERR011349_MEGAHIT_MetaBinner.3
k79_35759	ERR011349_MEGAHIT_MetaBinner.3
k79_31442	ERR011349_MEGAHIT_MetaBinner.3
k79_26647	ERR011349_MEGAHIT_MetaBinner.3
k79_23335	ERR011349_MEGAHIT_MetaBinner.3
k79_19768	ERR011349_MEGAHIT_MetaBinner.3
k79_26909	ERR011349_MEGAHIT_MetaBinner.3
k79_26090	ERR011349_MEGAHIT_MetaBinner.3
k79_33499	ERR011349_MEGAHIT_MetaBinner.3
k79_4247	ERR011349_MEGAHIT_MetaBinner.3
k79_31333	ERR011349_MEGAHIT_MetaBinner.3
k79_9095	ERR011349_MEGAHIT_MetaBinner.3
k79_36540	ERR011349_MEGAHIT_MetaBinner.3
k79_31771	ERR011349_MEGAHIT_MetaBinner.3
k79_11075	ERR011349_MEGAHIT_MetaBinner.3
k79_24853	ERR011349_MEGAHIT_MetaBinner.3
k79_22872	ERR011349_MEGAHIT_MetaBinner.3
k79_21339	ERR011349_MEGAHIT_MetaBinner.3
k79_12563	ERR011349_MEGAHIT_MetaBinner.3
k79_15407	ERR011349_MEGAHIT_MetaBinner.3
k79_21055	ERR011349_MEGAHIT_MetaBinner.3
k79_25810	ERR011349_MEGAHIT_MetaBinner.3
k79_9511	ERR011349_MEGAHIT_MetaBinner.3
k79_31038	ERR011349_MEGAHIT_MetaBinner.3
k79_26976	ERR011349_MEGAHIT_MetaBinner.3
k79_28953	ERR011349_MEGAHIT_MetaBinner.3
k79_12459	ERR011349_MEGAHIT_MetaBinner.3
k79_9063	ERR011349_MEGAHIT_MetaBinner.3
k79_28312	ERR011349_MEGAHIT_MetaBinner.3
k79_33202	ERR011349_MEGAHIT_MetaBinner.3
k79_15756	ERR011349_MEGAHIT_MetaBinner.3
k79_23792	ERR011349_MEGAHIT_MetaBinner.3
k79_11348	ERR011349_MEGAHIT_MetaBinner.3
k79_24221	ERR011349_MEGAHIT_MetaBinner.3
k79_34435	ERR011349_MEGAHIT_MetaBinner.3
k79_17346	ERR011349_MEGAHIT_MetaBinner.3
k79_18874	ERR011349_MEGAHIT_MetaBinner.3
k79_14799	ERR011349_MEGAHIT_MetaBinner.3
k79_16970	ERR011349_MEGAHIT_MetaBinner.3
k79_30703	ERR011349_MEGAHIT_MetaBinner.3
k79_36673	ERR011349_MEGAHIT_MetaBinner.3
k79_30964	ERR011349_MEGAHIT_MetaBinner.3
k79_11985	ERR011349_MEGAHIT_MetaBinner.3
k79_3809	ERR011349_MEGAHIT_MetaBinner.3
k79_26788	ERR011349_MEGAHIT_MetaBinner.3
k79_6324	ERR011349_MEGAHIT_MetaBinner.3
k79_8626	ERR011349_MEGAHIT_MetaBinner.3
k79_20680	ERR011349_MEGAHIT_MetaBinner.3
k79_26667	ERR011349_MEGAHIT_MetaBinner.3
k79_23258	ERR011349_MEGAHIT_MetaBinner.3
k79_14424	ERR011349_MEGAHIT_MetaBinner.3
k79_28025	ERR011349_MEGAHIT_MetaBinner.3
k79_779	ERR011349_MEGAHIT_MetaBinner.3
k79_4212	ERR011349_MEGAHIT_MetaBinner.3
k79_9232	ERR011349_MEGAHIT_MetaBinner.3
k79_34154	ERR011349_MEGAHIT_MetaBinner.3
k79_117	ERR011349_MEGAHIT_MetaBinner.3
k79_123	ERR011349_MEGAHIT_MetaBinner.3
k79_11274	ERR011349_MEGAHIT_MetaBinner.3
k79_34675	ERR011349_MEGAHIT_MetaBinner.3
k79_12343	ERR011349_MEGAHIT_MetaBinner.3
k79_6765	ERR011349_MEGAHIT_MetaBinner.3
k79_30745	ERR011349_MEGAHIT_MetaBinner.3
k79_35999	ERR011349_MEGAHIT_MetaBinner.3
k79_28033	ERR011349_MEGAHIT_MetaBinner.3
k79_29801	ERR011349_MEGAHIT_MetaBinner.3
k79_12987	ERR011349_MEGAHIT_MetaBinner.3
k79_2096	ERR011349_MEGAHIT_MetaBinner.3
k79_19698	ERR011349_MEGAHIT_MetaBinner.3
k79_9109	ERR011349_MEGAHIT_MetaBinner.3
k79_5072	ERR011349_MEGAHIT_MetaBinner.3
k79_18936	ERR011349_MEGAHIT_MetaBinner.3
k79_11850	ERR011349_MEGAHIT_MetaBinner.3
k79_35300	ERR011349_MEGAHIT_MetaBinner.3
k79_8537	ERR011349_MEGAHIT_MetaBinner.3
k79_7010	ERR011349_MEGAHIT_MetaBinner.3
k79_20793	ERR011349_MEGAHIT_MetaBinner.3
k79_24581	ERR011349_MEGAHIT_MetaBinner.3
k79_8532	ERR011349_MEGAHIT_MetaBinner.3
k79_30148	ERR011349_MEGAHIT_MetaBinner.3
k79_36515	ERR011349_MEGAHIT_MetaBinner.3
k79_7199	ERR011349_MEGAHIT_MetaBinner.3
k79_28459	ERR011349_MEGAHIT_MetaBinner.3
k79_31813	ERR011349_MEGAHIT_MetaBinner.3
k79_12792	ERR011349_MEGAHIT_MetaBinner.3
k79_12107	ERR011349_MEGAHIT_MetaBinner.3
k79_17036	ERR011349_MEGAHIT_MetaBinner.3
k79_24132	ERR011349_MEGAHIT_MetaBinner.3
k79_2509	ERR011349_MEGAHIT_MetaBinner.3
k79_35358	ERR011349_MEGAHIT_MetaBinner.3
k79_18036	ERR011349_MEGAHIT_MetaBinner.3
k79_13581	ERR011349_MEGAHIT_MetaBinner.3
k79_28337	ERR011349_MEGAHIT_MetaBinner.3
k79_31117	ERR011349_MEGAHIT_MetaBinner.3
k79_17548	ERR011349_MEGAHIT_MetaBinner.3
k79_33952	ERR011349_MEGAHIT_MetaBinner.3
k79_19909	ERR011349_MEGAHIT_MetaBinner.3
k79_3334	ERR011349_MEGAHIT_MetaBinner.3
k79_22922	ERR011349_MEGAHIT_MetaBinner.3
k79_32942	ERR011349_MEGAHIT_MetaBinner.3
k79_33033	ERR011349_MEGAHIT_MetaBinner.3
k79_35006	ERR011349_MEGAHIT_MetaBinner.3
k79_14918	ERR011349_MEGAHIT_MetaBinner.3
k79_20490	ERR011349_MEGAHIT_MetaBinner.3
k79_15313	ERR011349_MEGAHIT_MetaBinner.3
k79_27220	ERR011349_MEGAHIT_MetaBinner.3
k79_5831	ERR011349_MEGAHIT_MetaBinner.3
k79_3268	ERR011349_MEGAHIT_MetaBinner.3
k79_1444	ERR011349_MEGAHIT_MetaBinner.3
k79_36171	ERR011349_MEGAHIT_MetaBinner.3
k79_22937	ERR011349_MEGAHIT_MetaBinner.3
k79_26699	ERR011349_MEGAHIT_MetaBinner.3
k79_32620	ERR011349_MEGAHIT_MetaBinner.3
k79_24428	ERR011349_MEGAHIT_MetaBinner.3
k79_2347	ERR011349_MEGAHIT_MetaBinner.3
k79_12492	ERR011349_MEGAHIT_MetaBinner.3
k79_30174	ERR011349_MEGAHIT_MetaBinner.3
k79_30313	ERR011349_MEGAHIT_MetaBinner.3
k79_9048	ERR011349_MEGAHIT_MetaBinner.3
k79_4449	ERR011349_MEGAHIT_MetaBinner.3
k79_9549	ERR011349_MEGAHIT_MetaBinner.3
k79_30564	ERR011349_MEGAHIT_MetaBinner.3
k79_6601	ERR011349_MEGAHIT_MetaBinner.3
k79_27981	ERR011349_MEGAHIT_MetaBinner.3
k79_10879	ERR011349_MEGAHIT_MetaBinner.3
k79_17977	ERR011349_MEGAHIT_MetaBinner.3
k79_6514	ERR011349_MEGAHIT_MetaBinner.3
k79_1062	ERR011349_MEGAHIT_MetaBinner.3
k79_23127	ERR011349_MEGAHIT_MetaBinner.3
k79_12284	ERR011349_MEGAHIT_MetaBinner.3
k79_17918	ERR011349_MEGAHIT_MetaBinner.3
k79_7307	ERR011349_MEGAHIT_MetaBinner.3
k79_4857	ERR011349_MEGAHIT_MetaBinner.3
k79_5579	ERR011349_MEGAHIT_MetaBinner.3
k79_11132	ERR011349_MEGAHIT_MetaBinner.3
k79_6187	ERR011349_MEGAHIT_MetaBinner.3
k79_33829	ERR011349_MEGAHIT_MetaBinner.3
k79_1952	ERR011349_MEGAHIT_MetaBinner.3
k79_26569	ERR011349_MEGAHIT_MetaBinner.3
k79_7798	ERR011349_MEGAHIT_MetaBinner.3
k79_10829	ERR011349_MEGAHIT_MetaBinner.3
k79_17455	ERR011349_MEGAHIT_MetaBinner.3
k79_7573	ERR011349_MEGAHIT_MetaBinner.3
k79_19106	ERR011349_MEGAHIT_MetaBinner.3
k79_23460	ERR011349_MEGAHIT_MetaBinner.3
k79_29518	ERR011349_MEGAHIT_MetaBinner.3
k79_3504	ERR011349_MEGAHIT_MetaBinner.3
k79_20251	ERR011349_MEGAHIT_MetaBinner.3
k79_12918	ERR011349_MEGAHIT_MetaBinner.3
k79_6762	ERR011349_MEGAHIT_MetaBinner.3
k79_8903	ERR011349_MEGAHIT_MetaBinner.3
k79_25594	ERR011349_MEGAHIT_MetaBinner.3
k79_981	ERR011349_MEGAHIT_MetaBinner.3
k79_13883	ERR011349_MEGAHIT_MetaBinner.3
k79_22664	ERR011349_MEGAHIT_MetaBinner.3
k79_33888	ERR011349_MEGAHIT_MetaBinner.3
k79_6864	ERR011349_MEGAHIT_MetaBinner.3
k79_13236	ERR011349_MEGAHIT_MetaBinner.3
k79_19375	ERR011349_MEGAHIT_MetaBinner.3
k79_19116	ERR011349_MEGAHIT_MetaBinner.3
k79_27633	ERR011349_MEGAHIT_MetaBinner.3
k79_2842	ERR011349_MEGAHIT_MetaBinner.3
