k79_4623	ERR011349_MEGAHIT_MetaBAT2.1
k79_23054	ERR011349_MEGAHIT_MetaBAT2.1
k79_18541	ERR011349_MEGAHIT_MetaBAT2.1
k79_234	ERR011349_MEGAHIT_MetaBAT2.1
k79_9552	ERR011349_MEGAHIT_MetaBAT2.1
k79_708	ERR011349_MEGAHIT_MetaBAT2.1
k79_10126	ERR011349_MEGAHIT_MetaBAT2.1
k79_28337	ERR011349_MEGAHIT_MetaBAT2.1
k79_28355	ERR011349_MEGAHIT_MetaBAT2.1
k79_23856	ERR011349_MEGAHIT_MetaBAT2.1
k79_953	ERR011349_MEGAHIT_MetaBAT2.1
k79_10462	ERR011349_MEGAHIT_MetaBAT2.1
k79_19581	ERR011349_MEGAHIT_MetaBAT2.1
k79_1106	ERR011349_MEGAHIT_MetaBAT2.1
k79_10604	ERR011349_MEGAHIT_MetaBAT2.1
k79_10641	ERR011349_MEGAHIT_MetaBAT2.1
k79_24272	ERR011349_MEGAHIT_MetaBAT2.1
k79_15141	ERR011349_MEGAHIT_MetaBAT2.1
k79_10805	ERR011349_MEGAHIT_MetaBAT2.1
k79_20005	ERR011349_MEGAHIT_MetaBAT2.1
k79_15523	ERR011349_MEGAHIT_MetaBAT2.1
k79_34309	ERR011349_MEGAHIT_MetaBAT2.1
k79_29424	ERR011349_MEGAHIT_MetaBAT2.1
k79_11303	ERR011349_MEGAHIT_MetaBAT2.1
k79_24903	ERR011349_MEGAHIT_MetaBAT2.1
k79_6663	ERR011349_MEGAHIT_MetaBAT2.1
k79_34502	ERR011349_MEGAHIT_MetaBAT2.1
k79_11485	ERR011349_MEGAHIT_MetaBAT2.1
k79_29554	ERR011349_MEGAHIT_MetaBAT2.1
k79_34666	ERR011349_MEGAHIT_MetaBAT2.1
k79_11598	ERR011349_MEGAHIT_MetaBAT2.1
k79_7084	ERR011349_MEGAHIT_MetaBAT2.1
k79_29916	ERR011349_MEGAHIT_MetaBAT2.1
k79_2711	ERR011349_MEGAHIT_MetaBAT2.1
k79_29998	ERR011349_MEGAHIT_MetaBAT2.1
k79_30054	ERR011349_MEGAHIT_MetaBAT2.1
k79_25608	ERR011349_MEGAHIT_MetaBAT2.1
k79_12065	ERR011349_MEGAHIT_MetaBAT2.1
k79_7464	ERR011349_MEGAHIT_MetaBAT2.1
k79_21281	ERR011349_MEGAHIT_MetaBAT2.1
k79_7533	ERR011349_MEGAHIT_MetaBAT2.1
k79_16821	ERR011349_MEGAHIT_MetaBAT2.1
k79_7769	ERR011349_MEGAHIT_MetaBAT2.1
k79_26306	ERR011349_MEGAHIT_MetaBAT2.1
k79_12775	ERR011349_MEGAHIT_MetaBAT2.1
k79_8141	ERR011349_MEGAHIT_MetaBAT2.1
k79_3611	ERR011349_MEGAHIT_MetaBAT2.1
k79_13088	ERR011349_MEGAHIT_MetaBAT2.1
k79_26676	ERR011349_MEGAHIT_MetaBAT2.1
k79_13355	ERR011349_MEGAHIT_MetaBAT2.1
k79_17817	ERR011349_MEGAHIT_MetaBAT2.1
k79_26973	ERR011349_MEGAHIT_MetaBAT2.1
k79_22430	ERR011349_MEGAHIT_MetaBAT2.1
k79_8815	ERR011349_MEGAHIT_MetaBAT2.1
k79_22524	ERR011349_MEGAHIT_MetaBAT2.1
k79_8866	ERR011349_MEGAHIT_MetaBAT2.1
k79_8893	ERR011349_MEGAHIT_MetaBAT2.1
k79_4342	ERR011349_MEGAHIT_MetaBAT2.1
k79_31847	ERR011349_MEGAHIT_MetaBAT2.1
k79_22821	ERR011349_MEGAHIT_MetaBAT2.1
k79_22831	ERR011349_MEGAHIT_MetaBAT2.1
k79_117	ERR011349_MEGAHIT_MetaBAT2.2
k79_4696	ERR011349_MEGAHIT_MetaBAT2.2
k79_4770	ERR011349_MEGAHIT_MetaBAT2.2
k79_9511	ERR011349_MEGAHIT_MetaBAT2.2
k79_9534	ERR011349_MEGAHIT_MetaBAT2.2
k79_18663	ERR011349_MEGAHIT_MetaBAT2.2
k79_347	ERR011349_MEGAHIT_MetaBAT2.2
k79_18898	ERR011349_MEGAHIT_MetaBAT2.2
k79_485	ERR011349_MEGAHIT_MetaBAT2.2
k79_32769	ERR011349_MEGAHIT_MetaBAT2.2
k79_32986	ERR011349_MEGAHIT_MetaBAT2.2
k79_5318	ERR011349_MEGAHIT_MetaBAT2.2
k79_28268	ERR011349_MEGAHIT_MetaBAT2.2
k79_28342	ERR011349_MEGAHIT_MetaBAT2.2
k79_849	ERR011349_MEGAHIT_MetaBAT2.2
k79_33252	ERR011349_MEGAHIT_MetaBAT2.2
k79_5622	ERR011349_MEGAHIT_MetaBAT2.2
k79_19500	ERR011349_MEGAHIT_MetaBAT2.2
k79_5815	ERR011349_MEGAHIT_MetaBAT2.2
k79_28841	ERR011349_MEGAHIT_MetaBAT2.2
k79_19785	ERR011349_MEGAHIT_MetaBAT2.2
k79_15120	ERR011349_MEGAHIT_MetaBAT2.2
k79_33768	ERR011349_MEGAHIT_MetaBAT2.2
k79_10812	ERR011349_MEGAHIT_MetaBAT2.2
k79_15268	ERR011349_MEGAHIT_MetaBAT2.2
k79_6187	ERR011349_MEGAHIT_MetaBAT2.2
k79_24488	ERR011349_MEGAHIT_MetaBAT2.2
k79_24543	ERR011349_MEGAHIT_MetaBAT2.2
k79_24684	ERR011349_MEGAHIT_MetaBAT2.2
k79_11075	ERR011349_MEGAHIT_MetaBAT2.2
k79_15558	ERR011349_MEGAHIT_MetaBAT2.2
k79_6473	ERR011349_MEGAHIT_MetaBAT2.2
k79_24810	ERR011349_MEGAHIT_MetaBAT2.2
k79_2121	ERR011349_MEGAHIT_MetaBAT2.2
k79_15743	ERR011349_MEGAHIT_MetaBAT2.2
k79_20431	ERR011349_MEGAHIT_MetaBAT2.2
k79_2191	ERR011349_MEGAHIT_MetaBAT2.2
k79_11375	ERR011349_MEGAHIT_MetaBAT2.2
k79_11470	ERR011349_MEGAHIT_MetaBAT2.2
k79_25250	ERR011349_MEGAHIT_MetaBAT2.2
k79_29665	ERR011349_MEGAHIT_MetaBAT2.2
k79_11681	ERR011349_MEGAHIT_MetaBAT2.2
k79_7143	ERR011349_MEGAHIT_MetaBAT2.2
k79_25437	ERR011349_MEGAHIT_MetaBAT2.2
k79_16412	ERR011349_MEGAHIT_MetaBAT2.2
k79_25549	ERR011349_MEGAHIT_MetaBAT2.2
k79_25591	ERR011349_MEGAHIT_MetaBAT2.2
k79_7307	ERR011349_MEGAHIT_MetaBAT2.2
k79_30163	ERR011349_MEGAHIT_MetaBAT2.2
k79_7573	ERR011349_MEGAHIT_MetaBAT2.2
k79_26052	ERR011349_MEGAHIT_MetaBAT2.2
k79_16939	ERR011349_MEGAHIT_MetaBAT2.2
k79_12492	ERR011349_MEGAHIT_MetaBAT2.2
k79_17023	ERR011349_MEGAHIT_MetaBAT2.2
k79_21611	ERR011349_MEGAHIT_MetaBAT2.2
k79_17029	ERR011349_MEGAHIT_MetaBAT2.2
k79_21925	ERR011349_MEGAHIT_MetaBAT2.2
k79_3520	ERR011349_MEGAHIT_MetaBAT2.2
k79_12918	ERR011349_MEGAHIT_MetaBAT2.2
k79_8113	ERR011349_MEGAHIT_MetaBAT2.2
k79_17455	ERR011349_MEGAHIT_MetaBAT2.2
k79_30964	ERR011349_MEGAHIT_MetaBAT2.2
k79_8217	ERR011349_MEGAHIT_MetaBAT2.2
k79_26690	ERR011349_MEGAHIT_MetaBAT2.2
k79_26699	ERR011349_MEGAHIT_MetaBAT2.2
k79_17649	ERR011349_MEGAHIT_MetaBAT2.2
k79_31218	ERR011349_MEGAHIT_MetaBAT2.2
k79_26739	ERR011349_MEGAHIT_MetaBAT2.2
k79_31319	ERR011349_MEGAHIT_MetaBAT2.2
k79_13478	ERR011349_MEGAHIT_MetaBAT2.2
k79_4192	ERR011349_MEGAHIT_MetaBAT2.2
k79_36686	ERR011349_MEGAHIT_MetaBAT2.2
k79_18025	ERR011349_MEGAHIT_MetaBAT2.2
k79_4332	ERR011349_MEGAHIT_MetaBAT2.2
k79_22689	ERR011349_MEGAHIT_MetaBAT2.2
k79_4349	ERR011349_MEGAHIT_MetaBAT2.2
k79_9109	ERR011349_MEGAHIT_MetaBAT2.2
k79_9145	ERR011349_MEGAHIT_MetaBAT2.2
k79_31876	ERR011349_MEGAHIT_MetaBAT2.2
k79_18361	ERR011349_MEGAHIT_MetaBAT2.2
k79_22925	ERR011349_MEGAHIT_MetaBAT2.2
k79_54	ERR011349_MEGAHIT_MetaBAT2.3
k79_32227	ERR011349_MEGAHIT_MetaBAT2.3
k79_18446	ERR011349_MEGAHIT_MetaBAT2.3
k79_143	ERR011349_MEGAHIT_MetaBAT2.3
k79_23065	ERR011349_MEGAHIT_MetaBAT2.3
k79_32309	ERR011349_MEGAHIT_MetaBAT2.3
k79_23084	ERR011349_MEGAHIT_MetaBAT2.3
k79_18517	ERR011349_MEGAHIT_MetaBAT2.3
k79_13878	ERR011349_MEGAHIT_MetaBAT2.3
k79_13884	ERR011349_MEGAHIT_MetaBAT2.3
k79_13892	ERR011349_MEGAHIT_MetaBAT2.3
k79_32364	ERR011349_MEGAHIT_MetaBAT2.3
k79_23119	ERR011349_MEGAHIT_MetaBAT2.3
k79_13930	ERR011349_MEGAHIT_MetaBAT2.3
k79_27782	ERR011349_MEGAHIT_MetaBAT2.3
k79_272	ERR011349_MEGAHIT_MetaBAT2.3
k79_14017	ERR011349_MEGAHIT_MetaBAT2.3
k79_18678	ERR011349_MEGAHIT_MetaBAT2.3
k79_32560	ERR011349_MEGAHIT_MetaBAT2.3
k79_27869	ERR011349_MEGAHIT_MetaBAT2.3
k79_18742	ERR011349_MEGAHIT_MetaBAT2.3
k79_9656	ERR011349_MEGAHIT_MetaBAT2.3
k79_27939	ERR011349_MEGAHIT_MetaBAT2.3
k79_463	ERR011349_MEGAHIT_MetaBAT2.3
k79_28019	ERR011349_MEGAHIT_MetaBAT2.3
k79_9815	ERR011349_MEGAHIT_MetaBAT2.3
k79_9827	ERR011349_MEGAHIT_MetaBAT2.3
k79_5182	ERR011349_MEGAHIT_MetaBAT2.3
k79_18961	ERR011349_MEGAHIT_MetaBAT2.3
k79_28074	ERR011349_MEGAHIT_MetaBAT2.3
k79_32824	ERR011349_MEGAHIT_MetaBAT2.3
k79_14242	ERR011349_MEGAHIT_MetaBAT2.3
k79_5198	ERR011349_MEGAHIT_MetaBAT2.3
k79_9889	ERR011349_MEGAHIT_MetaBAT2.3
k79_651	ERR011349_MEGAHIT_MetaBAT2.3
k79_28197	ERR011349_MEGAHIT_MetaBAT2.3
k79_23642	ERR011349_MEGAHIT_MetaBAT2.3
k79_10073	ERR011349_MEGAHIT_MetaBAT2.3
k79_10099	ERR011349_MEGAHIT_MetaBAT2.3
k79_10147	ERR011349_MEGAHIT_MetaBAT2.3
k79_14466	ERR011349_MEGAHIT_MetaBAT2.3
k79_23765	ERR011349_MEGAHIT_MetaBAT2.3
k79_5504	ERR011349_MEGAHIT_MetaBAT2.3
k79_28493	ERR011349_MEGAHIT_MetaBAT2.3
k79_14618	ERR011349_MEGAHIT_MetaBAT2.3
k79_5591	ERR011349_MEGAHIT_MetaBAT2.3
k79_5596	ERR011349_MEGAHIT_MetaBAT2.3
k79_23916	ERR011349_MEGAHIT_MetaBAT2.3
k79_19459	ERR011349_MEGAHIT_MetaBAT2.3
k79_5635	ERR011349_MEGAHIT_MetaBAT2.3
k79_28609	ERR011349_MEGAHIT_MetaBAT2.3
k79_5649	ERR011349_MEGAHIT_MetaBAT2.3
k79_28620	ERR011349_MEGAHIT_MetaBAT2.3
k79_24005	ERR011349_MEGAHIT_MetaBAT2.3
k79_33432	ERR011349_MEGAHIT_MetaBAT2.3
k79_1073	ERR011349_MEGAHIT_MetaBAT2.3
k79_14857	ERR011349_MEGAHIT_MetaBAT2.3
k79_33487	ERR011349_MEGAHIT_MetaBAT2.3
k79_28739	ERR011349_MEGAHIT_MetaBAT2.3
k79_14881	ERR011349_MEGAHIT_MetaBAT2.3
k79_5812	ERR011349_MEGAHIT_MetaBAT2.3
k79_10598	ERR011349_MEGAHIT_MetaBAT2.3
k79_33671	ERR011349_MEGAHIT_MetaBAT2.3
k79_33685	ERR011349_MEGAHIT_MetaBAT2.3
k79_24269	ERR011349_MEGAHIT_MetaBAT2.3
k79_19810	ERR011349_MEGAHIT_MetaBAT2.3
k79_28860	ERR011349_MEGAHIT_MetaBAT2.3
k79_24276	ERR011349_MEGAHIT_MetaBAT2.3
k79_5982	ERR011349_MEGAHIT_MetaBAT2.3
k79_33749	ERR011349_MEGAHIT_MetaBAT2.3
k79_24306	ERR011349_MEGAHIT_MetaBAT2.3
k79_1356	ERR011349_MEGAHIT_MetaBAT2.3
k79_10749	ERR011349_MEGAHIT_MetaBAT2.3
k79_1360	ERR011349_MEGAHIT_MetaBAT2.3
k79_28935	ERR011349_MEGAHIT_MetaBAT2.3
k79_6080	ERR011349_MEGAHIT_MetaBAT2.3
k79_15153	ERR011349_MEGAHIT_MetaBAT2.3
k79_24313	ERR011349_MEGAHIT_MetaBAT2.3
k79_33807	ERR011349_MEGAHIT_MetaBAT2.3
k79_33821	ERR011349_MEGAHIT_MetaBAT2.3
k79_28999	ERR011349_MEGAHIT_MetaBAT2.3
k79_24373	ERR011349_MEGAHIT_MetaBAT2.3
k79_29047	ERR011349_MEGAHIT_MetaBAT2.3
k79_29053	ERR011349_MEGAHIT_MetaBAT2.3
k79_33900	ERR011349_MEGAHIT_MetaBAT2.3
k79_10834	ERR011349_MEGAHIT_MetaBAT2.3
k79_15275	ERR011349_MEGAHIT_MetaBAT2.3
k79_33917	ERR011349_MEGAHIT_MetaBAT2.3
k79_10894	ERR011349_MEGAHIT_MetaBAT2.3
k79_33998	ERR011349_MEGAHIT_MetaBAT2.3
k79_34004	ERR011349_MEGAHIT_MetaBAT2.3
k79_6293	ERR011349_MEGAHIT_MetaBAT2.3
k79_29242	ERR011349_MEGAHIT_MetaBAT2.3
k79_20128	ERR011349_MEGAHIT_MetaBAT2.3
k79_20142	ERR011349_MEGAHIT_MetaBAT2.3
k79_29284	ERR011349_MEGAHIT_MetaBAT2.3
k79_15508	ERR011349_MEGAHIT_MetaBAT2.3
k79_34139	ERR011349_MEGAHIT_MetaBAT2.3
k79_29351	ERR011349_MEGAHIT_MetaBAT2.3
k79_11103	ERR011349_MEGAHIT_MetaBAT2.3
k79_11105	ERR011349_MEGAHIT_MetaBAT2.3
k79_24729	ERR011349_MEGAHIT_MetaBAT2.3
k79_29355	ERR011349_MEGAHIT_MetaBAT2.3
k79_11130	ERR011349_MEGAHIT_MetaBAT2.3
k79_1935	ERR011349_MEGAHIT_MetaBAT2.3
k79_11202	ERR011349_MEGAHIT_MetaBAT2.3
k79_20318	ERR011349_MEGAHIT_MetaBAT2.3
k79_15630	ERR011349_MEGAHIT_MetaBAT2.3
k79_24826	ERR011349_MEGAHIT_MetaBAT2.3
k79_6572	ERR011349_MEGAHIT_MetaBAT2.3
k79_15638	ERR011349_MEGAHIT_MetaBAT2.3
k79_6577	ERR011349_MEGAHIT_MetaBAT2.3
k79_34311	ERR011349_MEGAHIT_MetaBAT2.3
k79_20364	ERR011349_MEGAHIT_MetaBAT2.3
k79_29438	ERR011349_MEGAHIT_MetaBAT2.3
k79_2125	ERR011349_MEGAHIT_MetaBAT2.3
k79_34367	ERR011349_MEGAHIT_MetaBAT2.3
k79_15783	ERR011349_MEGAHIT_MetaBAT2.3
k79_34409	ERR011349_MEGAHIT_MetaBAT2.3
k79_2176	ERR011349_MEGAHIT_MetaBAT2.3
k79_2257	ERR011349_MEGAHIT_MetaBAT2.3
k79_6681	ERR011349_MEGAHIT_MetaBAT2.3
k79_15870	ERR011349_MEGAHIT_MetaBAT2.3
k79_25003	ERR011349_MEGAHIT_MetaBAT2.3
k79_29507	ERR011349_MEGAHIT_MetaBAT2.3
k79_15928	ERR011349_MEGAHIT_MetaBAT2.3
k79_2301	ERR011349_MEGAHIT_MetaBAT2.3
k79_34590	ERR011349_MEGAHIT_MetaBAT2.3
k79_34593	ERR011349_MEGAHIT_MetaBAT2.3
k79_11531	ERR011349_MEGAHIT_MetaBAT2.3
k79_11535	ERR011349_MEGAHIT_MetaBAT2.3
k79_20682	ERR011349_MEGAHIT_MetaBAT2.3
k79_29620	ERR011349_MEGAHIT_MetaBAT2.3
k79_2425	ERR011349_MEGAHIT_MetaBAT2.3
k79_29642	ERR011349_MEGAHIT_MetaBAT2.3
k79_6940	ERR011349_MEGAHIT_MetaBAT2.3
k79_6995	ERR011349_MEGAHIT_MetaBAT2.3
k79_25303	ERR011349_MEGAHIT_MetaBAT2.3
k79_29752	ERR011349_MEGAHIT_MetaBAT2.3
k79_16181	ERR011349_MEGAHIT_MetaBAT2.3
k79_25310	ERR011349_MEGAHIT_MetaBAT2.3
k79_2561	ERR011349_MEGAHIT_MetaBAT2.3
k79_20837	ERR011349_MEGAHIT_MetaBAT2.3
k79_25370	ERR011349_MEGAHIT_MetaBAT2.3
k79_7085	ERR011349_MEGAHIT_MetaBAT2.3
k79_29913	ERR011349_MEGAHIT_MetaBAT2.3
k79_34983	ERR011349_MEGAHIT_MetaBAT2.3
k79_16311	ERR011349_MEGAHIT_MetaBAT2.3
k79_29967	ERR011349_MEGAHIT_MetaBAT2.3
k79_20980	ERR011349_MEGAHIT_MetaBAT2.3
k79_21006	ERR011349_MEGAHIT_MetaBAT2.3
k79_2760	ERR011349_MEGAHIT_MetaBAT2.3
k79_21027	ERR011349_MEGAHIT_MetaBAT2.3
k79_30034	ERR011349_MEGAHIT_MetaBAT2.3
k79_2824	ERR011349_MEGAHIT_MetaBAT2.3
k79_16506	ERR011349_MEGAHIT_MetaBAT2.3
k79_30078	ERR011349_MEGAHIT_MetaBAT2.3
k79_25658	ERR011349_MEGAHIT_MetaBAT2.3
k79_30158	ERR011349_MEGAHIT_MetaBAT2.3
k79_21239	ERR011349_MEGAHIT_MetaBAT2.3
k79_2897	ERR011349_MEGAHIT_MetaBAT2.3
k79_7459	ERR011349_MEGAHIT_MetaBAT2.3
k79_25816	ERR011349_MEGAHIT_MetaBAT2.3
k79_25841	ERR011349_MEGAHIT_MetaBAT2.3
k79_35417	ERR011349_MEGAHIT_MetaBAT2.3
k79_7531	ERR011349_MEGAHIT_MetaBAT2.3
k79_21380	ERR011349_MEGAHIT_MetaBAT2.3
k79_2974	ERR011349_MEGAHIT_MetaBAT2.3
k79_25986	ERR011349_MEGAHIT_MetaBAT2.3
k79_16798	ERR011349_MEGAHIT_MetaBAT2.3
k79_21480	ERR011349_MEGAHIT_MetaBAT2.3
k79_35572	ERR011349_MEGAHIT_MetaBAT2.3
k79_12460	ERR011349_MEGAHIT_MetaBAT2.3
k79_3091	ERR011349_MEGAHIT_MetaBAT2.3
k79_21536	ERR011349_MEGAHIT_MetaBAT2.3
k79_35632	ERR011349_MEGAHIT_MetaBAT2.3
k79_30450	ERR011349_MEGAHIT_MetaBAT2.3
k79_26094	ERR011349_MEGAHIT_MetaBAT2.3
k79_12469	ERR011349_MEGAHIT_MetaBAT2.3
k79_30462	ERR011349_MEGAHIT_MetaBAT2.3
k79_3152	ERR011349_MEGAHIT_MetaBAT2.3
k79_17025	ERR011349_MEGAHIT_MetaBAT2.3
k79_35771	ERR011349_MEGAHIT_MetaBAT2.3
k79_7799	ERR011349_MEGAHIT_MetaBAT2.3
k79_26202	ERR011349_MEGAHIT_MetaBAT2.3
k79_12597	ERR011349_MEGAHIT_MetaBAT2.3
k79_30610	ERR011349_MEGAHIT_MetaBAT2.3
k79_17149	ERR011349_MEGAHIT_MetaBAT2.3
k79_17163	ERR011349_MEGAHIT_MetaBAT2.3
k79_30617	ERR011349_MEGAHIT_MetaBAT2.3
k79_7859	ERR011349_MEGAHIT_MetaBAT2.3
k79_7880	ERR011349_MEGAHIT_MetaBAT2.3
k79_12713	ERR011349_MEGAHIT_MetaBAT2.3
k79_35880	ERR011349_MEGAHIT_MetaBAT2.3
k79_17233	ERR011349_MEGAHIT_MetaBAT2.3
k79_7947	ERR011349_MEGAHIT_MetaBAT2.3
k79_7949	ERR011349_MEGAHIT_MetaBAT2.3
k79_26361	ERR011349_MEGAHIT_MetaBAT2.3
k79_17343	ERR011349_MEGAHIT_MetaBAT2.3
k79_12805	ERR011349_MEGAHIT_MetaBAT2.3
k79_26448	ERR011349_MEGAHIT_MetaBAT2.3
k79_3537	ERR011349_MEGAHIT_MetaBAT2.3
k79_36086	ERR011349_MEGAHIT_MetaBAT2.3
k79_8122	ERR011349_MEGAHIT_MetaBAT2.3
k79_8128	ERR011349_MEGAHIT_MetaBAT2.3
k79_3601	ERR011349_MEGAHIT_MetaBAT2.3
k79_22142	ERR011349_MEGAHIT_MetaBAT2.3
k79_3636	ERR011349_MEGAHIT_MetaBAT2.3
k79_26637	ERR011349_MEGAHIT_MetaBAT2.3
k79_17560	ERR011349_MEGAHIT_MetaBAT2.3
k79_3665	ERR011349_MEGAHIT_MetaBAT2.3
k79_22218	ERR011349_MEGAHIT_MetaBAT2.3
k79_17596	ERR011349_MEGAHIT_MetaBAT2.3
k79_31109	ERR011349_MEGAHIT_MetaBAT2.3
k79_31123	ERR011349_MEGAHIT_MetaBAT2.3
k79_36345	ERR011349_MEGAHIT_MetaBAT2.3
k79_31158	ERR011349_MEGAHIT_MetaBAT2.3
k79_36356	ERR011349_MEGAHIT_MetaBAT2.3
k79_36408	ERR011349_MEGAHIT_MetaBAT2.3
k79_26722	ERR011349_MEGAHIT_MetaBAT2.3
k79_22309	ERR011349_MEGAHIT_MetaBAT2.3
k79_22321	ERR011349_MEGAHIT_MetaBAT2.3
k79_17710	ERR011349_MEGAHIT_MetaBAT2.3
k79_26749	ERR011349_MEGAHIT_MetaBAT2.3
k79_36470	ERR011349_MEGAHIT_MetaBAT2.3
k79_17726	ERR011349_MEGAHIT_MetaBAT2.3
k79_8548	ERR011349_MEGAHIT_MetaBAT2.3
k79_22389	ERR011349_MEGAHIT_MetaBAT2.3
k79_13351	ERR011349_MEGAHIT_MetaBAT2.3
k79_22411	ERR011349_MEGAHIT_MetaBAT2.3
k79_36557	ERR011349_MEGAHIT_MetaBAT2.3
k79_31384	ERR011349_MEGAHIT_MetaBAT2.3
k79_13369	ERR011349_MEGAHIT_MetaBAT2.3
k79_31385	ERR011349_MEGAHIT_MetaBAT2.3
k79_13384	ERR011349_MEGAHIT_MetaBAT2.3
k79_8663	ERR011349_MEGAHIT_MetaBAT2.3
k79_17828	ERR011349_MEGAHIT_MetaBAT2.3
k79_22429	ERR011349_MEGAHIT_MetaBAT2.3
k79_8732	ERR011349_MEGAHIT_MetaBAT2.3
k79_36635	ERR011349_MEGAHIT_MetaBAT2.3
k79_8736	ERR011349_MEGAHIT_MetaBAT2.3
k79_8766	ERR011349_MEGAHIT_MetaBAT2.3
k79_8769	ERR011349_MEGAHIT_MetaBAT2.3
k79_22450	ERR011349_MEGAHIT_MetaBAT2.3
k79_36680	ERR011349_MEGAHIT_MetaBAT2.3
k79_4221	ERR011349_MEGAHIT_MetaBAT2.3
k79_36687	ERR011349_MEGAHIT_MetaBAT2.3
k79_4229	ERR011349_MEGAHIT_MetaBAT2.3
k79_27093	ERR011349_MEGAHIT_MetaBAT2.3
k79_22531	ERR011349_MEGAHIT_MetaBAT2.3
k79_36740	ERR011349_MEGAHIT_MetaBAT2.3
k79_13685	ERR011349_MEGAHIT_MetaBAT2.3
k79_31724	ERR011349_MEGAHIT_MetaBAT2.3
k79_13747	ERR011349_MEGAHIT_MetaBAT2.3
k79_13756	ERR011349_MEGAHIT_MetaBAT2.3
k79_9021	ERR011349_MEGAHIT_MetaBAT2.3
k79_22709	ERR011349_MEGAHIT_MetaBAT2.3
k79_18238	ERR011349_MEGAHIT_MetaBAT2.3
k79_18263	ERR011349_MEGAHIT_MetaBAT2.3
k79_18275	ERR011349_MEGAHIT_MetaBAT2.3
k79_4580	ERR011349_MEGAHIT_MetaBAT2.3
k79_27458	ERR011349_MEGAHIT_MetaBAT2.3
k79_22843	ERR011349_MEGAHIT_MetaBAT2.3
k79_27515	ERR011349_MEGAHIT_MetaBAT2.3
k79_32084	ERR011349_MEGAHIT_MetaBAT2.3
