name	radius	peak valley ratio	kind	bp	ncontigs	medoid
1	0.075	0.08	normal	1305690	474	k79_10385
2	0.12	0.01	normal	1416416	561	k79_32455
3	None	None	loner	12386	1	k79_67965
4	0.095	0.08	normal	1775349	1006	k79_51684
5	None	None	loner	11228	1	k79_94391
6	None	None	loner	10624	1	k79_39963
7	0.12	0.03	normal	1564193	830	k79_94580
8	0.14	0.06	normal	274195	181	k79_94298
9	None	None	loner	8366	1	k79_74038
10	None	None	loner	8263	1	k79_28187
11	None	None	loner	8170	1	k79_618
12	0.045	0.0	normal	19367	3	k79_29147
13	0.07	0.07	normal	32395	11	k79_39827
14	None	None	loner	6259	1	k79_94289
15	None	None	loner	6133	1	k79_59624
16	None	None	loner	5962	1	k79_97292
17	None	None	loner	5925	1	k79_47182
18	None	None	loner	5863	1	k79_32741
19	None	None	loner	5428	1	k79_44863
20	0.12	0.05	normal	728191	501	k79_62377
21	None	None	loner	5328	1	k79_50172
22	None	None	loner	5248	1	k79_94679
23	None	None	loner	5217	1	k79_19989
24	None	None	loner	5142	1	k79_22933
25	None	None	loner	5033	1	k79_83038
26	None	None	loner	4945	1	k79_42734
27	None	None	loner	4906	1	k79_58875
28	None	None	loner	4847	1	k79_93414
29	None	None	loner	4767	1	k79_51910
30	None	None	loner	4752	1	k79_6820
31	None	None	loner	4752	1	k79_30697
32	None	None	loner	4662	1	k79_27015
33	None	None	loner	4552	1	k79_60894
34	None	None	loner	4495	1	k79_55542
35	0.075	0.07	normal	66870	32	k79_16925
36	None	None	loner	4401	1	k79_35438
37	None	None	loner	4324	1	k79_46528
38	None	None	loner	4290	1	k79_55956
39	None	None	loner	4265	1	k79_79918
40	None	None	loner	4111	1	k79_89130
41	None	None	loner	4070	1	k79_37362
42	0.03	0.12	normal	17877	2	k79_59371
43	0.19	0.15	normal	1118712	457	k79_86299
44	0.02	0.18	normal	7149	1	k79_71693
45	0.17	0.11	normal	578836	368	k79_50326
46	0.055	0.13	normal	46894	17	k79_81730
47	0.02	0.17	normal	5317	1	k79_85061
48	0.025	0.14	normal	5302	1	k79_71478
49	0.025	0.13	normal	5082	1	k79_350
50	0.105	0.15	normal	323596	223	k79_49272
51	0.12	0.13	normal	364144	254	k79_68340
52	0.12	0.16	normal	74118	52	k79_57912
53	None	None	loner	4006	1	k79_91054
54	0.025	0.15	normal	3959	1	k79_50263
55	None	None	loner	3861	1	k79_34730
56	None	None	loner	3847	1	k79_14891
57	None	None	loner	3844	1	k79_3156
58	None	None	loner	3813	1	k79_27476
59	None	None	loner	3724	1	k79_37286
60	0.025	0.17	normal	3721	1	k79_55206
61	None	None	loner	3663	1	k79_9774
62	None	None	loner	3650	1	k79_76799
63	None	None	loner	3620	1	k79_71318
64	None	None	loner	3608	1	k79_8241
65	None	None	loner	3585	1	k79_49775
66	None	None	loner	3565	1	k79_90377
67	None	None	loner	3552	1	k79_70878
68	None	None	loner	3550	1	k79_44251
69	None	None	loner	3528	1	k79_63088
70	0.11	0.29	normal	325885	156	k79_68464
71	0.02	0.24	normal	7360	1	k79_73286
72	0.02	0.29	normal	7310	1	k79_25881
73	0.03	0.3	normal	7977	2	k79_3200
74	0.02	0.25	normal	4922	1	k79_17409
75	0.06	0.15	normal	10678	4	k79_88818
76	0.11	0.29	normal	224411	167	k79_19283
77	0.05	0.26	normal	10073	4	k79_74679
78	None	None	loner	3494	1	k79_10908
79	None	None	loner	3477	1	k79_87587
80	None	None	loner	3472	1	k79_37997
81	None	None	loner	3468	1	k79_61406
82	None	None	loner	3439	1	k79_63522
83	None	None	loner	3432	1	k79_24115
84	None	None	loner	3419	1	k79_36803
85	None	None	loner	3403	1	k79_39924
86	None	None	loner	3381	1	k79_20755
87	None	None	loner	3376	1	k79_66994
88	None	None	loner	3360	1	k79_94424
89	None	None	loner	3351	1	k79_56837
90	None	None	loner	3331	1	k79_77711
91	None	None	loner	3322	1	k79_52413
92	0.06	0.34	normal	503477	51	k79_16012
93	0.05	0.29	normal	86667	11	k79_83009
94	0.05	0.39	normal	27911	5	k79_64794
95	0.05	0.39	normal	30761	7	k79_81812
96	0.02	0.32	normal	8752	1	k79_5739
97	0.02	0.37	normal	6961	1	k79_20943
98	0.02	0.32	normal	5640	1	k79_69681
99	0.025	0.1	normal	5105	1	k79_32079
100	0.03	0.32	normal	8065	2	k79_96312
101	0.02	0.38	normal	3637	1	k79_86349
102	0.02	0.39	normal	3503	1	k79_96107
103	None	None	loner	3307	1	k79_23758
104	None	None	loner	3293	1	k79_20799
105	None	None	loner	3283	1	k79_68818
106	None	None	loner	3234	1	k79_77138
107	None	None	loner	3210	1	k79_65846
108	None	None	loner	3191	1	k79_82427
109	None	None	loner	3171	1	k79_56324
110	0.02	0.2	normal	3148	1	k79_78403
111	None	None	loner	3140	1	k79_52454
112	None	None	loner	3110	1	k79_39077
113	None	None	loner	3103	1	k79_15017
114	None	None	loner	3090	1	k79_80694
115	0.07	0.48	normal	149264	116	k79_69738
116	0.05	0.41	normal	7206	3	k79_51224
117	0.135	0.34	normal	183312	125	k79_1154
118	0.035	0.41	normal	5929	2	k79_16863
119	None	None	loner	3039	1	k79_34595
120	None	None	loner	3010	1	k79_66091
121	0.025	0.18	normal	2998	1	k79_85638
122	None	None	loner	2994	1	k79_95792
123	None	None	loner	2993	1	k79_54355
124	None	None	loner	2989	1	k79_594
125	0.06	None	fallback	353091	144	k79_84007
126	0.02	0.52	normal	18032	1	k79_80515
127	0.06	None	fallback	156307	45	k79_85164
128	0.06	None	fallback	87906	17	k79_56351
129	0.06	None	fallback	145529	34	k79_17571
130	0.06	None	fallback	170863	49	k79_2744
131	0.06	None	fallback	169813	62	k79_1144
132	0.025	0.57	normal	15529	2	k79_70018
133	0.06	None	fallback	57498	13	k79_29006
134	None	None	loner	10674	1	k79_81164
135	0.04	0.33	normal	69434	15	k79_85408
136	0.02	0.48	normal	10394	1	k79_21132
137	0.06	None	fallback	83239	25	k79_60592
138	0.06	None	fallback	101873	50	k79_89267
139	0.06	None	fallback	49248	12	k79_49874
140	0.02	0.31	normal	7109	1	k79_76452
141	0.06	None	fallback	56235	20	k79_43123
142	0.06	None	fallback	40193	23	k79_59525
143	0.06	None	fallback	18032	6	k79_1899
144	0.055	0.47	normal	62484	21	k79_4075
145	None	None	loner	6241	1	k79_3997
146	0.06	0.34	normal	20668	5	k79_56317
147	0.06	None	fallback	45724	27	k79_25280
148	0.06	None	fallback	29653	14	k79_45227
149	0.02	0.26	normal	5354	1	k79_61940
150	0.06	None	fallback	39949	18	k79_20741
151	0.06	None	fallback	33453	17	k79_83353
152	0.06	None	fallback	30016	14	k79_29426
153	0.06	None	fallback	67861	41	k79_3508
154	0.06	None	fallback	16612	5	k79_17806
155	0.04	0.2	normal	8225	2	k79_58420
156	0.06	None	fallback	17906	8	k79_57188
157	0.02	0.28	normal	5192	1	k79_43414
158	0.02	0.28	normal	5061	1	k79_87334
159	0.06	None	fallback	18398	7	k79_97118
160	None	None	loner	4855	1	k79_10539
161	0.02	0.29	normal	4331	1	k79_39971
162	None	None	loner	4811	1	k79_63348
163	0.06	None	fallback	11822	4	k79_40469
164	0.06	None	fallback	52477	25	k79_24124
165	0.06	None	fallback	31847	18	k79_15656
166	None	None	loner	4512	1	k79_63153
167	0.02	0.28	normal	4504	1	k79_43234
168	0.02	0.39	normal	4423	1	k79_24820
169	0.06	None	fallback	14026	6	k79_7104
170	0.06	None	fallback	62738	34	k79_38397
171	0.06	None	fallback	65950	39	k79_81562
172	0.06	None	fallback	8468	4	k79_8432
173	0.06	None	fallback	54652	27	k79_7673
174	0.02	0.31	normal	4206	1	k79_87524
175	0.045	0.07	normal	7624	2	k79_29525
176	None	None	loner	4161	1	k79_85808
177	0.06	None	fallback	12822	5	k79_21280
178	0.02	0.3	normal	4077	1	k79_29906
179	0.06	None	fallback	19172	7	k79_33981
180	0.06	None	fallback	12168	5	k79_58586
181	0.02	0.32	normal	3996	1	k79_29796
182	0.06	None	fallback	16788	8	k79_70729
183	0.06	None	fallback	10531	3	k79_18445
184	0.02	0.52	normal	3844	1	k79_70753
185	0.06	None	fallback	10869	5	k79_63758
186	None	None	loner	3814	1	k79_30546
187	None	None	loner	3784	1	k79_3545
188	0.025	0.15	normal	3741	1	k79_24000
189	None	None	loner	3678	1	k79_84801
190	0.02	0.33	normal	3663	1	k79_8705
191	0.06	None	fallback	54882	40	k79_90254
192	0.02	0.24	normal	3542	1	k79_38291
193	0.065	0.41	normal	12123	5	k79_45211
194	None	None	loner	3491	1	k79_35543
195	0.06	None	fallback	13864	7	k79_3444
196	0.06	None	fallback	21794	12	k79_66781
197	0.06	None	fallback	29489	15	k79_71242
198	0.06	None	fallback	10401	5	k79_73764
199	0.06	None	fallback	17777	10	k79_95043
200	0.06	None	fallback	13924	7	k79_20543
201	0.06	None	fallback	18755	9	k79_86388
202	0.06	None	fallback	11375	6	k79_53978
203	None	None	loner	3311	1	k79_93433
204	0.025	0.2	normal	3272	1	k79_28863
205	None	None	loner	3266	1	k79_26495
206	0.06	None	fallback	10088	5	k79_91209
207	0.06	None	fallback	8077	4	k79_78655
208	0.06	None	fallback	9433	4	k79_85132
209	0.02	0.43	normal	3136	1	k79_40027
210	None	None	loner	3119	1	k79_19242
211	0.025	0.17	normal	3105	1	k79_94830
212	0.06	None	fallback	42699	30	k79_3662
213	None	None	loner	3063	1	k79_44376
214	None	None	loner	3028	1	k79_20803
215	0.06	None	fallback	10377	6	k79_29282
216	None	None	loner	2986	1	k79_97335
217	None	None	loner	2982	1	k79_93818
218	0.025	0.14	normal	2972	1	k79_59951
219	0.08	0.11	normal	278977	199	k79_79627
220	0.06	None	fallback	41638	26	k79_78583
221	0.025	0.13	normal	2957	1	k79_28518
222	0.07	0.56	normal	20300	12	k79_25135
223	None	None	loner	2931	1	k79_1485
224	0.02	0.45	normal	2916	1	k79_78634
225	None	None	loner	2903	1	k79_3818
226	0.025	0.1	normal	2899	1	k79_85082
227	0.06	None	fallback	58837	41	k79_95062
228	None	None	loner	2888	1	k79_88751
229	0.025	0.22	normal	11790	1	k79_44495
230	None	None	loner	2879	1	k79_9073
231	0.025	0.13	normal	2841	1	k79_43572
232	None	None	loner	2839	1	k79_48179
233	0.09	0.15	normal	28085	17	k79_54072
234	0.02	0.4	normal	2819	1	k79_63491
235	0.06	None	fallback	10184	4	k79_15896
236	0.06	0.47	normal	18530	12	k79_95286
237	None	None	loner	2812	1	k79_87684
238	0.025	0.12	normal	2799	1	k79_62993
239	None	None	loner	2789	1	k79_79263
240	0.06	None	fallback	14791	8	k79_59153
241	None	None	loner	2783	1	k79_28413
242	0.05	0.25	normal	5059	2	k79_89148
243	None	None	loner	2782	1	k79_40017
244	None	None	loner	2778	1	k79_64585
245	None	None	loner	2761	1	k79_5028
246	None	None	loner	2758	1	k79_63232
247	None	None	loner	2755	1	k79_45081
248	0.06	None	fallback	11384	8	k79_2548
249	None	None	loner	2732	1	k79_57854
250	None	None	loner	2721	1	k79_85133
251	None	None	loner	2716	1	k79_18724
252	None	None	loner	2712	1	k79_70150
253	0.05	0.16	normal	3724	2	k79_39090
254	None	None	loner	2707	1	k79_14272
255	0.06	None	fallback	16081	10	k79_45161
256	None	None	loner	2673	1	k79_18211
257	0.06	None	fallback	16481	11	k79_57661
258	0.06	0.55	normal	18423	12	k79_32998
259	0.02	0.33	normal	2660	1	k79_11236
260	None	None	loner	2649	1	k79_74384
261	None	None	loner	2649	1	k79_84058
262	None	None	loner	2630	1	k79_79756
263	None	None	loner	2629	1	k79_43139
264	None	None	loner	2621	1	k79_54133
265	None	None	loner	2620	1	k79_89108
266	None	None	loner	2613	1	k79_5593
267	None	None	loner	2595	1	k79_74574
268	None	None	loner	2593	1	k79_63274
269	0.06	None	fallback	16349	9	k79_43073
270	None	None	loner	2584	1	k79_72113
271	None	None	loner	2582	1	k79_90293
272	None	None	loner	2568	1	k79_11665
273	None	None	loner	2566	1	k79_34287
274	0.06	None	fallback	25099	19	k79_75561
275	None	None	loner	2551	1	k79_20813
276	None	None	loner	2545	1	k79_47069
277	None	None	loner	2545	1	k79_36223
278	None	None	loner	2539	1	k79_33426
279	None	None	loner	2538	1	k79_42601
280	None	None	loner	2538	1	k79_59585
281	None	None	loner	2519	1	k79_21561
282	None	None	loner	2497	1	k79_58803
283	None	None	loner	2494	1	k79_51009
284	0.09	0.42	normal	36771	23	k79_50722
285	0.02	0.23	normal	2487	1	k79_81709
286	0.06	None	fallback	7688	4	k79_80217
287	None	None	loner	2485	1	k79_83394
288	None	None	loner	2483	1	k79_68410
289	0.02	0.23	normal	2480	1	k79_27149
290	None	None	loner	2474	1	k79_10972
291	None	None	loner	2471	1	k79_17395
292	None	None	loner	2462	1	k79_52028
293	0.02	0.27	normal	2456	1	k79_72418
294	None	None	loner	2451	1	k79_41175
295	0.06	None	fallback	8176	4	k79_89316
296	0.02	0.22	normal	2438	1	k79_27564
297	0.06	None	fallback	15040	9	k79_90100
298	None	None	loner	2431	1	k79_96021
299	None	None	loner	2430	1	k79_34561
300	None	None	loner	2425	1	k79_71575
301	None	None	loner	2424	1	k79_55383
302	0.06	None	fallback	16590	10	k79_87572
303	None	None	loner	2420	1	k79_7662
304	None	None	loner	2419	1	k79_37778
305	None	None	loner	2416	1	k79_11950
306	None	None	loner	2411	1	k79_84588
307	None	None	loner	2410	1	k79_49122
308	None	None	loner	2410	1	k79_96812
309	None	None	loner	2407	1	k79_96816
310	None	None	loner	2398	1	k79_64703
311	None	None	loner	2397	1	k79_34262
312	None	None	loner	2396	1	k79_94263
313	0.06	None	fallback	12027	7	k79_94488
314	None	None	loner	2393	1	k79_32021
315	None	None	loner	2391	1	k79_3385
316	None	None	loner	2388	1	k79_92351
317	0.06	None	fallback	9191	7	k79_62647
318	0.02	0.4	normal	2383	1	k79_34495
319	None	None	loner	2373	1	k79_73117
320	None	None	loner	2372	1	k79_11254
321	0.02	0.19	normal	2371	1	k79_16679
322	None	None	loner	2368	1	k79_62529
323	None	None	loner	2363	1	k79_46611
324	None	None	loner	2359	1	k79_60543
325	None	None	loner	2358	1	k79_26629
326	None	None	loner	2355	1	k79_48381
327	0.02	0.21	normal	2353	1	k79_33066
328	None	None	loner	2352	1	k79_52449
329	0.06	None	fallback	43287	35	k79_66644
330	None	None	loner	2348	1	k79_44298
331	None	None	loner	2338	1	k79_3229
332	None	None	loner	2336	1	k79_31253
333	None	None	loner	2330	1	k79_23874
334	0.06	None	fallback	7403	4	k79_20912
335	None	None	loner	2321	1	k79_50119
336	0.02	0.2	normal	2320	1	k79_80784
337	0.055	0.09	normal	3828	2	k79_96007
338	None	None	loner	2317	1	k79_19639
339	None	None	loner	2313	1	k79_84212
340	None	None	loner	2311	1	k79_40141
341	0.025	0.12	normal	2310	1	k79_39978
342	None	None	loner	2296	1	k79_53853
343	None	None	loner	2293	1	k79_85209
344	None	None	loner	2292	1	k79_91559
345	None	None	loner	2289	1	k79_46485
346	0.02	0.23	normal	2281	1	k79_14827
347	None	None	loner	2277	1	k79_65152
348	0.02	0.37	normal	2273	1	k79_58018
349	0.05	0.01	normal	3335	2	k79_5857
350	0.02	0.22	normal	2265	1	k79_42710
351	None	None	loner	2260	1	k79_20158
352	None	None	loner	2251	1	k79_86582
353	None	None	loner	2250	1	k79_1311
354	None	None	loner	2248	1	k79_80088
355	None	None	loner	2246	1	k79_70284
356	0.02	0.23	normal	2246	1	k79_62387
357	None	None	loner	2235	1	k79_46969
358	None	None	loner	2234	1	k79_19867
359	None	None	loner	2231	1	k79_28364
360	0.06	None	fallback	9859	6	k79_3756
361	0.02	0.34	normal	2228	1	k79_60546
362	None	None	loner	2227	1	k79_30414
363	None	None	loner	2223	1	k79_8313
364	0.02	0.39	normal	2222	1	k79_42505
365	None	None	loner	2220	1	k79_78270
366	None	None	loner	2219	1	k79_14210
367	0.02	0.38	normal	4243	1	k79_86184
368	None	None	loner	2217	1	k79_69567
369	None	None	loner	2217	1	k79_41629
370	None	None	loner	2211	1	k79_23027
371	None	None	loner	2201	1	k79_43737
372	None	None	loner	2200	1	k79_20807
373	0.02	0.21	normal	2200	1	k79_28279
374	0.025	0.14	normal	2196	1	k79_817
375	0.05	0.0	normal	3794	2	k79_80559
376	None	None	loner	2193	1	k79_63034
377	None	None	loner	2191	1	k79_19886
378	0.02	0.32	normal	2218	1	k79_85310
379	0.02	0.24	normal	2191	1	k79_56697
380	0.02	0.18	normal	2185	1	k79_11327
381	None	None	loner	2180	1	k79_73224
382	0.025	0.12	normal	2176	1	k79_59359
383	None	None	loner	2168	1	k79_70202
384	0.06	None	fallback	11723	9	k79_78351
385	None	None	loner	2155	1	k79_37426
386	0.02	0.21	normal	2152	1	k79_33411
387	None	None	loner	2150	1	k79_70887
388	None	None	loner	2149	1	k79_78081
389	0.02	0.3	normal	2149	1	k79_69806
390	None	None	loner	2136	1	k79_80554
391	0.06	None	fallback	5396	3	k79_64969
392	None	None	loner	2130	1	k79_72969
393	0.025	0.15	normal	2130	1	k79_87877
394	None	None	loner	2123	1	k79_68923
395	0.02	0.25	normal	2123	1	k79_21373
396	0.06	0.34	normal	6453	4	k79_15697
397	None	None	loner	2111	1	k79_85035
398	0.05	0.18	normal	6347	4	k79_97307
399	None	None	loner	2106	1	k79_10272
400	0.045	0.42	normal	5342	3	k79_53122
401	None	None	loner	2104	1	k79_46249
402	None	None	loner	2104	1	k79_90099
403	None	None	loner	2104	1	k79_18811
404	None	None	loner	2103	1	k79_67872
405	None	None	loner	2099	1	k79_53244
406	None	None	loner	2092	1	k79_44047
407	None	None	loner	2086	1	k79_57210
408	None	None	loner	2085	1	k79_87295
409	None	None	loner	2082	1	k79_41457
410	None	None	loner	2082	1	k79_82945
411	None	None	loner	2081	1	k79_50268
412	None	None	loner	2080	1	k79_76725
413	None	None	loner	2080	1	k79_84281
414	None	None	loner	2077	1	k79_11454
415	None	None	loner	2076	1	k79_53397
416	None	None	loner	2067	1	k79_96162
417	None	None	loner	2067	1	k79_80162
418	None	None	loner	2064	1	k79_70079
419	0.06	None	fallback	7340	5	k79_75231
420	0.04	0.31	normal	3410	2	k79_61259
421	None	None	loner	2057	1	k79_75914
422	None	None	loner	2053	1	k79_57759
423	None	None	loner	2050	1	k79_39500
424	0.06	None	fallback	9933	8	k79_17190
425	0.06	None	fallback	8636	5	k79_16107
426	0.02	0.26	normal	2035	1	k79_33857
427	None	None	loner	2034	1	k79_12997
428	None	None	loner	2033	1	k79_40019
429	None	None	loner	2033	1	k79_68907
430	None	None	loner	2032	1	k79_96860
431	None	None	loner	2032	1	k79_33569
432	None	None	loner	2031	1	k79_26260
433	None	None	loner	2030	1	k79_58593
434	0.02	0.27	normal	2030	1	k79_71632
435	None	None	loner	2030	1	k79_61956
436	None	None	loner	2029	1	k79_88044
437	0.06	None	fallback	9979	7	k79_77647
438	0.025	0.13	normal	2024	1	k79_39400
439	None	None	loner	2020	1	k79_34039
440	None	None	loner	2018	1	k79_70813
441	None	None	loner	2017	1	k79_50785
442	None	None	loner	2016	1	k79_7686
443	None	None	loner	2016	1	k79_31511
444	None	None	loner	2015	1	k79_78897
445	0.02	0.35	normal	2013	1	k79_67642
446	None	None	loner	2010	1	k79_47597
447	0.06	None	fallback	9960	6	k79_24269
448	None	None	loner	2002	1	k79_18431
449	None	None	loner	1999	1	k79_80819
450	None	None	loner	1996	1	k79_74892
451	None	None	loner	1994	1	k79_38897
452	None	None	loner	1992	1	k79_757
453	None	None	loner	1986	1	k79_20255
454	None	None	loner	1985	1	k79_60593
455	None	None	loner	1984	1	k79_69198
456	0.04	0.04	normal	3884	2	k79_3149
457	None	None	loner	1982	1	k79_25942
458	None	None	loner	1980	1	k79_75700
459	None	None	loner	1980	1	k79_48613
460	None	None	loner	1977	1	k79_87081
461	0.055	0.35	normal	5985	4	k79_45045
462	None	None	loner	1973	1	k79_8320
463	0.06	None	fallback	9716	6	k79_47142
464	None	None	loner	1968	1	k79_9966
465	0.02	0.28	normal	1966	1	k79_97391
466	None	None	loner	1965	1	k79_33572
467	None	None	loner	1962	1	k79_41822
468	None	None	loner	1959	1	k79_4382
469	None	None	loner	1955	1	k79_20059
470	None	None	loner	1954	1	k79_8064
471	None	None	loner	1949	1	k79_94997
472	None	None	loner	1944	1	k79_17133
473	0.06	None	fallback	14619	10	k79_64896
474	None	None	loner	1938	1	k79_35803
475	None	None	loner	1935	1	k79_37797
476	None	None	loner	1932	1	k79_15787
477	None	None	loner	1931	1	k79_16053
478	0.025	0.16	normal	1930	1	k79_42873
479	None	None	loner	1929	1	k79_53462
480	None	None	loner	1928	1	k79_51844
481	None	None	loner	1927	1	k79_85388
482	0.02	0.21	normal	1926	1	k79_36293
483	None	None	loner	1926	1	k79_8058
484	None	None	loner	1925	1	k79_20593
485	0.06	None	fallback	16722	14	k79_52392
486	0.02	0.36	normal	1916	1	k79_46723
487	None	None	loner	1912	1	k79_38902
488	0.02	0.47	normal	4278	1	k79_83801
489	None	None	loner	1907	1	k79_97143
490	None	None	loner	1907	1	k79_82987
491	0.09	0.26	normal	35865	29	k79_59725
492	None	None	loner	1904	1	k79_46095
493	None	None	loner	1903	1	k79_64434
494	None	None	loner	1896	1	k79_42471
495	None	None	loner	1895	1	k79_5985
496	None	None	loner	1891	1	k79_93354
497	None	None	loner	1890	1	k79_74376
498	None	None	loner	1889	1	k79_58878
499	None	None	loner	1888	1	k79_63436
500	None	None	loner	1878	1	k79_78858
501	None	None	loner	1878	1	k79_50173
502	None	None	loner	1870	1	k79_95280
503	None	None	loner	1870	1	k79_8302
504	0.02	0.24	normal	1869	1	k79_86773
505	None	None	loner	1866	1	k79_90930
506	None	None	loner	1866	1	k79_5774
507	0.025	0.18	normal	1865	1	k79_80123
508	None	None	loner	1864	1	k79_94917
509	None	None	loner	1863	1	k79_94515
510	None	None	loner	1862	1	k79_65151
511	0.025	0.15	normal	1861	1	k79_78427
512	None	None	loner	1860	1	k79_15446
513	0.06	0.05	normal	4114	3	k79_65042
514	None	None	loner	1850	1	k79_40681
515	None	None	loner	1848	1	k79_65409
516	None	None	loner	1847	1	k79_58711
517	0.02	0.24	normal	1846	1	k79_33242
518	0.02	0.39	normal	1846	1	k79_12650
519	None	None	loner	1846	1	k79_67097
520	None	None	loner	1845	1	k79_84122
521	None	None	loner	1845	1	k79_80761
522	0.02	0.23	normal	1842	1	k79_17112
523	None	None	loner	1842	1	k79_15126
524	None	None	loner	1839	1	k79_46782
525	None	None	loner	1838	1	k79_72281
526	None	None	loner	1835	1	k79_46807
527	None	None	loner	1830	1	k79_15311
528	None	None	loner	1828	1	k79_2216
529	None	None	loner	1827	1	k79_62706
530	None	None	loner	1825	1	k79_5674
531	None	None	loner	1823	1	k79_30654
532	None	None	loner	1822	1	k79_5705
533	None	None	loner	1818	1	k79_52885
534	0.06	None	fallback	34737	30	k79_63965
535	None	None	loner	1817	1	k79_10422
536	None	None	loner	1816	1	k79_39331
537	None	None	loner	1814	1	k79_3455
538	None	None	loner	1813	1	k79_55803
539	None	None	loner	1812	1	k79_61851
540	None	None	loner	1805	1	k79_30052
541	None	None	loner	1805	1	k79_77240
542	0.06	None	fallback	8778	6	k79_6537
543	0.02	0.44	normal	1802	1	k79_2304
544	None	None	loner	1797	1	k79_31036
545	None	None	loner	1797	1	k79_18334
546	None	None	loner	1797	1	k79_21588
547	0.06	None	fallback	5887	4	k79_39555
548	None	None	loner	1793	1	k79_82843
549	0.06	None	fallback	7653	6	k79_68295
550	None	None	loner	1793	1	k79_24342
551	None	None	loner	1790	1	k79_72195
552	None	None	loner	1787	1	k79_34924
553	None	None	loner	1785	1	k79_18902
554	0.025	0.12	normal	1784	1	k79_40191
555	None	None	loner	1784	1	k79_62437
556	0.055	0.37	normal	5258	4	k79_65471
557	None	None	loner	1780	1	k79_81769
558	0.055	0.17	normal	5189	4	k79_64903
559	None	None	loner	1774	1	k79_90199
560	0.02	0.23	normal	1773	1	k79_24977
561	None	None	loner	1771	1	k79_2215
562	None	None	loner	1770	1	k79_60458
563	None	None	loner	1768	1	k79_59629
564	0.02	0.25	normal	1762	1	k79_83181
565	None	None	loner	1759	1	k79_16060
566	None	None	loner	1758	1	k79_13464
567	None	None	loner	1758	1	k79_14622
568	None	None	loner	1756	1	k79_18170
569	None	None	loner	1749	1	k79_53218
570	None	None	loner	1749	1	k79_93122
571	0.02	0.35	normal	1749	1	k79_4917
572	None	None	loner	1748	1	k79_10328
573	0.06	None	fallback	5617	4	k79_24198
574	None	None	loner	1746	1	k79_51694
575	None	None	loner	1742	1	k79_71540
576	0.06	None	fallback	9061	7	k79_11956
577	None	None	loner	1740	1	k79_15679
578	None	None	loner	1739	1	k79_86435
579	None	None	loner	1738	1	k79_43882
580	0.06	None	fallback	8736	6	k79_68178
581	None	None	loner	1735	1	k79_63854
582	None	None	loner	1735	1	k79_17429
583	None	None	loner	1734	1	k79_40662
584	None	None	loner	1734	1	k79_34766
585	None	None	loner	1734	1	k79_66290
586	None	None	loner	1734	1	k79_8334
587	0.045	0.36	normal	3040	2	k79_54851
588	None	None	loner	1730	1	k79_33592
589	None	None	loner	1730	1	k79_21571
590	None	None	loner	1729	1	k79_85665
591	None	None	loner	1729	1	k79_55697
592	0.02	0.34	normal	1724	1	k79_39314
593	None	None	loner	1723	1	k79_3366
594	None	None	loner	1722	1	k79_54181
595	0.06	None	fallback	7594	5	k79_33490
596	0.06	None	fallback	5850	4	k79_43585
597	0.06	None	fallback	2914	2	k79_15970
598	0.025	0.16	normal	1718	1	k79_80221
599	None	None	loner	1718	1	k79_62836
600	None	None	loner	1715	1	k79_45201
601	None	None	loner	1714	1	k79_38078
602	None	None	loner	1712	1	k79_5711
603	None	None	loner	1712	1	k79_43103
604	None	None	loner	1710	1	k79_95252
605	None	None	loner	1709	1	k79_49207
606	None	None	loner	1708	1	k79_88690
607	None	None	loner	1705	1	k79_16790
608	None	None	loner	1705	1	k79_91703
609	None	None	loner	1705	1	k79_23448
610	None	None	loner	1705	1	k79_48950
611	0.02	0.23	normal	1704	1	k79_58141
612	None	None	loner	1704	1	k79_17119
613	None	None	loner	1702	1	k79_6241
614	None	None	loner	1701	1	k79_71168
615	None	None	loner	1700	1	k79_55333
616	None	None	loner	1696	1	k79_18111
617	None	None	loner	1696	1	k79_80205
618	0.025	0.16	normal	1694	1	k79_85899
619	0.05	0.13	normal	3392	3	k79_26563
620	None	None	loner	1692	1	k79_95807
621	None	None	loner	1691	1	k79_81645
622	0.025	0.17	normal	1690	1	k79_42232
623	None	None	loner	1690	1	k79_31771
624	None	None	loner	1689	1	k79_26138
625	None	None	loner	1687	1	k79_65176
626	0.06	None	fallback	10079	8	k79_82461
627	None	None	loner	1686	1	k79_81991
628	0.06	None	fallback	7785	6	k79_56081
629	None	None	loner	1685	1	k79_77728
630	0.065	0.44	normal	7473	5	k79_10951
631	None	None	loner	1682	1	k79_29802
632	0.02	0.4	normal	1633	1	k79_25952
633	None	None	loner	1680	1	k79_88637
634	None	None	loner	1679	1	k79_69563
635	None	None	loner	1678	1	k79_14414
636	None	None	loner	1677	1	k79_96563
637	None	None	loner	1671	1	k79_79596
638	None	None	loner	1671	1	k79_71490
639	None	None	loner	1670	1	k79_76264
640	0.02	0.42	normal	1669	1	k79_43627
641	None	None	loner	1666	1	k79_6504
642	None	None	loner	1665	1	k79_11176
643	None	None	loner	1663	1	k79_41003
644	None	None	loner	1663	1	k79_63214
645	None	None	loner	1663	1	k79_82171
646	None	None	loner	1661	1	k79_76343
647	None	None	loner	1660	1	k79_14158
648	None	None	loner	1659	1	k79_82736
649	None	None	loner	1659	1	k79_4416
650	None	None	loner	1659	1	k79_33914
651	None	None	loner	1656	1	k79_91667
652	None	None	loner	1652	1	k79_9930
653	0.055	0.46	normal	6573	5	k79_91307
654	None	None	loner	1652	1	k79_78219
655	None	None	loner	1652	1	k79_11862
656	None	None	loner	1651	1	k79_19122
657	0.045	0.12	normal	3175	2	k79_2669
658	None	None	loner	1650	1	k79_36923
659	None	None	loner	1647	1	k79_47188
660	None	None	loner	1646	1	k79_86840
661	None	None	loner	1645	1	k79_4388
662	0.02	0.27	normal	1924	1	k79_70676
663	0.025	0.16	normal	1641	1	k79_50747
664	None	None	loner	1641	1	k79_5460
665	None	None	loner	1639	1	k79_90706
666	None	None	loner	1639	1	k79_5231
667	None	None	loner	1637	1	k79_62648
668	None	None	loner	1636	1	k79_21429
669	None	None	loner	1636	1	k79_18257
670	None	None	loner	1635	1	k79_7962
671	None	None	loner	1635	1	k79_21450
672	None	None	loner	1634	1	k79_46589
673	None	None	loner	1633	1	k79_22031
674	None	None	loner	1633	1	k79_61545
675	None	None	loner	1629	1	k79_45754
676	None	None	loner	1626	1	k79_5071
677	0.02	0.26	normal	1625	1	k79_20977
678	None	None	loner	1624	1	k79_82466
679	None	None	loner	1623	1	k79_63830
680	None	None	loner	1623	1	k79_72240
681	0.025	0.15	normal	1621	1	k79_63076
682	None	None	loner	1620	1	k79_3656
683	0.02	0.28	normal	1620	1	k79_60126
684	0.02	0.24	normal	1619	1	k79_31127
685	None	None	loner	1619	1	k79_17271
686	None	None	loner	1618	1	k79_28220
687	None	None	loner	1617	1	k79_92831
688	None	None	loner	1616	1	k79_55366
689	None	None	loner	1615	1	k79_64173
690	0.06	None	fallback	4164	3	k79_7288
691	None	None	loner	1613	1	k79_88122
692	0.06	None	fallback	14951	11	k79_45897
693	None	None	loner	1611	1	k79_61415
694	0.02	0.23	normal	1611	1	k79_51598
695	None	None	loner	1611	1	k79_63867
696	None	None	loner	1608	1	k79_48263
697	None	None	loner	1608	1	k79_75662
698	None	None	loner	1606	1	k79_85283
699	0.05	0.2	normal	2665	2	k79_85784
700	0.02	0.32	normal	1583	1	k79_96425
701	None	None	loner	1601	1	k79_7506
702	0.06	None	fallback	7063	6	k79_78834
703	None	None	loner	1595	1	k79_58285
704	None	None	loner	1594	1	k79_89845
705	None	None	loner	1593	1	k79_16597
706	None	None	loner	1592	1	k79_25089
707	None	None	loner	1589	1	k79_68578
708	None	None	loner	1588	1	k79_43590
709	None	None	loner	1585	1	k79_73187
710	None	None	loner	1585	1	k79_5345
711	None	None	loner	1582	1	k79_43811
712	None	None	loner	1579	1	k79_20959
713	None	None	loner	1579	1	k79_80496
714	0.02	0.19	normal	1579	1	k79_26916
715	None	None	loner	1578	1	k79_11909
716	None	None	loner	1578	1	k79_46402
717	0.02	0.33	normal	1574	1	k79_55709
718	None	None	loner	1574	1	k79_17760
719	None	None	loner	1572	1	k79_15115
720	None	None	loner	1571	1	k79_54397
721	None	None	loner	1571	1	k79_6735
722	None	None	loner	1571	1	k79_14424
723	None	None	loner	1569	1	k79_35589
724	None	None	loner	1569	1	k79_31761
725	None	None	loner	1567	1	k79_9511
726	0.025	0.18	normal	1567	1	k79_42116
727	None	None	loner	1566	1	k79_22740
728	None	None	loner	1562	1	k79_87127
729	None	None	loner	1562	1	k79_44961
730	None	None	loner	1558	1	k79_75832
731	None	None	loner	1558	1	k79_12313
732	None	None	loner	1557	1	k79_1366
733	None	None	loner	1555	1	k79_91477
734	None	None	loner	1555	1	k79_81621
735	None	None	loner	1553	1	k79_37170
736	None	None	loner	1553	1	k79_49240
737	None	None	loner	1552	1	k79_35203
738	None	None	loner	1552	1	k79_82658
739	None	None	loner	1552	1	k79_16103
740	None	None	loner	1551	1	k79_3710
741	None	None	loner	1548	1	k79_74969
742	0.02	0.21	normal	1518	1	k79_22364
743	0.025	0.15	normal	1547	1	k79_52945
744	None	None	loner	1546	1	k79_11418
745	None	None	loner	1546	1	k79_52792
746	0.02	0.25	normal	1545	1	k79_37180
747	None	None	loner	1543	1	k79_24450
748	None	None	loner	1542	1	k79_82119
749	None	None	loner	1541	1	k79_45488
750	None	None	loner	1541	1	k79_85609
751	None	None	loner	1541	1	k79_26066
752	None	None	loner	1540	1	k79_85191
753	None	None	loner	1539	1	k79_83216
754	None	None	loner	1538	1	k79_28917
755	0.07	0.0	normal	2978	2	k79_33372
756	None	None	loner	1536	1	k79_72964
757	0.06	None	fallback	5597	4	k79_72284
758	None	None	loner	1531	1	k79_46758
759	None	None	loner	1531	1	k79_60323
760	None	None	loner	1531	1	k79_79521
761	None	None	loner	1531	1	k79_50141
762	None	None	loner	1529	1	k79_85873
763	None	None	loner	1528	1	k79_80781
764	None	None	loner	1524	1	k79_54307
765	0.06	None	fallback	8087	7	k79_81261
766	None	None	loner	1521	1	k79_44020
767	None	None	loner	1520	1	k79_36797
768	0.06	None	fallback	5031	4	k79_90332
769	None	None	loner	1519	1	k79_96803
770	0.06	None	fallback	4107	3	k79_49221
771	None	None	loner	1518	1	k79_6076
772	None	None	loner	1516	1	k79_47305
773	None	None	loner	1516	1	k79_78813
774	None	None	loner	1515	1	k79_27359
775	None	None	loner	1515	1	k79_8282
776	None	None	loner	1515	1	k79_48985
777	None	None	loner	1513	1	k79_87963
778	None	None	loner	1512	1	k79_85012
779	None	None	loner	1512	1	k79_40349
780	None	None	loner	1511	1	k79_92575
781	None	None	loner	1510	1	k79_62593
782	None	None	loner	1510	1	k79_80147
783	None	None	loner	1510	1	k79_90831
784	None	None	loner	1508	1	k79_27447
785	None	None	loner	1504	1	k79_26176
786	None	None	loner	1504	1	k79_19550
787	None	None	loner	1503	1	k79_84611
788	None	None	loner	1502	1	k79_45545
789	None	None	loner	1502	1	k79_22856
790	0.075	0.36	normal	10622	8	k79_32016
791	None	None	loner	1501	1	k79_61452
792	None	None	loner	1500	1	k79_40120
793	None	None	loner	1499	1	k79_92279
794	0.025	0.17	normal	1498	1	k79_12013
795	0.02	0.24	normal	1498	1	k79_77740
796	None	None	loner	1497	1	k79_60941
797	None	None	loner	1497	1	k79_7108
798	None	None	loner	1494	1	k79_65373
799	None	None	loner	1493	1	k79_28784
800	None	None	loner	1492	1	k79_58397
801	0.02	0.18	normal	1492	1	k79_85633
802	None	None	loner	1492	1	k79_82297
803	None	None	loner	1487	1	k79_41258
804	0.06	None	fallback	4857	4	k79_87376
805	None	None	loner	1484	1	k79_2935
806	None	None	loner	1481	1	k79_27640
807	None	None	loner	1481	1	k79_68471
808	None	None	loner	1480	1	k79_96770
809	None	None	loner	1478	1	k79_61000
810	None	None	loner	1478	1	k79_30329
811	None	None	loner	1475	1	k79_40026
812	None	None	loner	1470	1	k79_80422
813	None	None	loner	1469	1	k79_66537
814	None	None	loner	1467	1	k79_48825
815	None	None	loner	1466	1	k79_86285
816	None	None	loner	1466	1	k79_44675
817	None	None	loner	1466	1	k79_91036
818	None	None	loner	1465	1	k79_71173
819	None	None	loner	1465	1	k79_96
820	None	None	loner	1465	1	k79_9558
821	None	None	loner	1462	1	k79_49467
822	None	None	loner	1461	1	k79_84080
823	None	None	loner	1460	1	k79_12114
824	None	None	loner	1460	1	k79_44685
825	None	None	loner	1459	1	k79_7646
826	None	None	loner	1459	1	k79_91547
827	None	None	loner	1459	1	k79_63886
828	None	None	loner	1459	1	k79_27452
829	None	None	loner	1458	1	k79_50885
830	0.045	0.37	normal	2607	2	k79_97339
831	0.06	None	fallback	4100	3	k79_48924
832	None	None	loner	1455	1	k79_36599
833	None	None	loner	1455	1	k79_66488
834	None	None	loner	1454	1	k79_64579
835	None	None	loner	1451	1	k79_97199
836	None	None	loner	1451	1	k79_28393
837	None	None	loner	1449	1	k79_73002
838	0.025	0.18	normal	1446	1	k79_41883
839	None	None	loner	1445	1	k79_97181
840	None	None	loner	1442	1	k79_41835
841	None	None	loner	1442	1	k79_60136
842	None	None	loner	1441	1	k79_3892
843	None	None	loner	1441	1	k79_80582
844	None	None	loner	1441	1	k79_106
845	None	None	loner	1441	1	k79_18733
846	None	None	loner	1440	1	k79_23136
847	None	None	loner	1437	1	k79_45790
848	None	None	loner	1437	1	k79_38666
849	0.025	0.15	normal	1437	1	k79_95479
850	None	None	loner	1436	1	k79_32574
851	None	None	loner	1435	1	k79_33487
852	None	None	loner	1435	1	k79_82198
853	None	None	loner	1434	1	k79_7528
854	None	None	loner	1433	1	k79_13235
855	0.02	0.18	normal	1433	1	k79_62096
856	None	None	loner	1432	1	k79_91914
857	0.02	0.23	normal	1430	1	k79_40348
858	None	None	loner	1429	1	k79_23264
859	None	None	loner	1429	1	k79_68414
860	None	None	loner	1428	1	k79_8853
861	None	None	loner	1428	1	k79_81566
862	None	None	loner	1427	1	k79_23372
863	None	None	loner	1426	1	k79_11636
864	None	None	loner	1425	1	k79_60980
865	None	None	loner	1425	1	k79_86999
866	None	None	loner	1424	1	k79_56014
867	None	None	loner	1424	1	k79_81441
868	None	None	loner	1424	1	k79_83678
869	None	None	loner	1423	1	k79_34437
870	None	None	loner	1423	1	k79_20222
871	0.025	0.17	normal	1422	1	k79_87072
872	None	None	loner	1421	1	k79_80355
873	None	None	loner	1419	1	k79_2134
874	None	None	loner	1419	1	k79_17903
875	None	None	loner	1419	1	k79_69679
876	None	None	loner	1417	1	k79_64216
877	None	None	loner	1416	1	k79_73722
878	None	None	loner	1416	1	k79_443
879	None	None	loner	1415	1	k79_64017
880	None	None	loner	1414	1	k79_36500
881	None	None	loner	1414	1	k79_30565
882	None	None	loner	1414	1	k79_20782
883	None	None	loner	1414	1	k79_6186
884	None	None	loner	1413	1	k79_10106
885	0.02	0.46	normal	1413	1	k79_65147
886	0.025	0.15	normal	1411	1	k79_56980
887	None	None	loner	1410	1	k79_56418
888	None	None	loner	1410	1	k79_48361
889	None	None	loner	1410	1	k79_13197
890	None	None	loner	1409	1	k79_47435
891	None	None	loner	1409	1	k79_28229
892	None	None	loner	1408	1	k79_88648
893	None	None	loner	1406	1	k79_57850
894	None	None	loner	1406	1	k79_52512
895	0.02	0.21	normal	1404	1	k79_28974
896	None	None	loner	1404	1	k79_10503
897	None	None	loner	1402	1	k79_6333
898	None	None	loner	1401	1	k79_68299
899	None	None	loner	1400	1	k79_10610
900	0.025	0.15	normal	1400	1	k79_16842
901	None	None	loner	1398	1	k79_33431
902	None	None	loner	1398	1	k79_94610
903	None	None	loner	1398	1	k79_52494
904	None	None	loner	1396	1	k79_55392
905	None	None	loner	1396	1	k79_73749
906	None	None	loner	1395	1	k79_9572
907	0.02	0.22	normal	2191	1	k79_78521
908	None	None	loner	1395	1	k79_72815
909	None	None	loner	1393	1	k79_70884
910	0.025	0.16	normal	1393	1	k79_4937
911	None	None	loner	1393	1	k79_97389
912	None	None	loner	1393	1	k79_88727
913	None	None	loner	1392	1	k79_42874
914	None	None	loner	1392	1	k79_1462
915	None	None	loner	1391	1	k79_23597
916	None	None	loner	1390	1	k79_11716
917	None	None	loner	1388	1	k79_41851
918	None	None	loner	1388	1	k79_24109
919	0.02	0.4	normal	1386	1	k79_40920
920	None	None	loner	1386	1	k79_34978
921	None	None	loner	1385	1	k79_20237
922	0.06	None	fallback	6086	5	k79_25299
923	None	None	loner	1384	1	k79_8307
924	None	None	loner	1384	1	k79_76734
925	0.06	None	fallback	3989	3	k79_90919
926	None	None	loner	1381	1	k79_21764
927	None	None	loner	1381	1	k79_29841
928	None	None	loner	1380	1	k79_61760
929	None	None	loner	1379	1	k79_88226
930	None	None	loner	1379	1	k79_46848
931	None	None	loner	1376	1	k79_81431
932	None	None	loner	1375	1	k79_66800
933	None	None	loner	1374	1	k79_45204
934	None	None	loner	1372	1	k79_11026
935	0.02	0.43	normal	1370	1	k79_94915
936	0.02	0.18	normal	1641	1	k79_85328
937	None	None	loner	1369	1	k79_38274
938	None	None	loner	1368	1	k79_40356
939	None	None	loner	1367	1	k79_50249
940	None	None	loner	1367	1	k79_11847
941	None	None	loner	1367	1	k79_19827
942	0.025	0.22	normal	5306	1	k79_95522
943	None	None	loner	1363	1	k79_21907
944	0.025	0.15	normal	1362	1	k79_74616
945	None	None	loner	1362	1	k79_647
946	None	None	loner	1361	1	k79_12871
947	None	None	loner	1361	1	k79_71391
948	None	None	loner	1361	1	k79_31296
949	None	None	loner	1359	1	k79_87536
950	None	None	loner	1359	1	k79_3475
951	None	None	loner	1359	1	k79_92095
952	None	None	loner	1358	1	k79_96219
953	None	None	loner	1358	1	k79_90494
954	None	None	loner	1357	1	k79_38321
955	None	None	loner	1357	1	k79_69689
956	None	None	loner	1356	1	k79_41077
957	None	None	loner	1356	1	k79_78090
958	0.06	None	fallback	3468	3	k79_92483
959	None	None	loner	1353	1	k79_54376
960	None	None	loner	1353	1	k79_24237
961	None	None	loner	1352	1	k79_64704
962	None	None	loner	1352	1	k79_50079
963	None	None	loner	1352	1	k79_4436
964	None	None	loner	1352	1	k79_36758
965	None	None	loner	1351	1	k79_94416
966	None	None	loner	1350	1	k79_49973
967	None	None	loner	1350	1	k79_58985
968	None	None	loner	1348	1	k79_74783
969	None	None	loner	1348	1	k79_26542
970	None	None	loner	1347	1	k79_41540
971	None	None	loner	1347	1	k79_56860
972	None	None	loner	1347	1	k79_4993
973	None	None	loner	1347	1	k79_50455
974	None	None	loner	1346	1	k79_10970
975	None	None	loner	1346	1	k79_82292
976	None	None	loner	1345	1	k79_43688
977	None	None	loner	1344	1	k79_96084
978	0.045	0.53	normal	2385	2	k79_91041
979	None	None	loner	1341	1	k79_35487
980	None	None	loner	1340	1	k79_3601
981	None	None	loner	1340	1	k79_74931
982	None	None	loner	1340	1	k79_42264
983	None	None	loner	1338	1	k79_91523
984	None	None	loner	1337	1	k79_49903
985	None	None	loner	1337	1	k79_96481
986	None	None	loner	1336	1	k79_79415
987	None	None	loner	1336	1	k79_51848
988	None	None	loner	1336	1	k79_79249
989	None	None	loner	1333	1	k79_53521
990	None	None	loner	1332	1	k79_85654
991	None	None	loner	1332	1	k79_15748
992	None	None	loner	1331	1	k79_38559
993	None	None	loner	1331	1	k79_44356
994	None	None	loner	1331	1	k79_58540
995	None	None	loner	1330	1	k79_60575
996	None	None	loner	1330	1	k79_42978
997	None	None	loner	1329	1	k79_30582
998	None	None	loner	1329	1	k79_2965
999	None	None	loner	1328	1	k79_46056
1000	None	None	loner	1328	1	k79_709
1001	None	None	loner	1326	1	k79_17469
1002	None	None	loner	1326	1	k79_8225
1003	None	None	loner	1326	1	k79_54627
1004	None	None	loner	1326	1	k79_48431
1005	None	None	loner	1325	1	k79_27576
1006	None	None	loner	1322	1	k79_78757
1007	None	None	loner	1320	1	k79_74656
1008	None	None	loner	1318	1	k79_51439
1009	None	None	loner	1318	1	k79_60698
1010	0.025	0.16	normal	1318	1	k79_58687
1011	None	None	loner	1317	1	k79_10484
1012	None	None	loner	1316	1	k79_2549
1013	0.025	0.17	normal	1316	1	k79_57744
1014	None	None	loner	1315	1	k79_24988
1015	None	None	loner	1314	1	k79_68011
1016	0.025	0.17	normal	1314	1	k79_77065
1017	0.02	0.45	normal	1314	1	k79_92194
1018	None	None	loner	1311	1	k79_68633
1019	None	None	loner	1310	1	k79_13659
1020	None	None	loner	1310	1	k79_65689
1021	None	None	loner	1308	1	k79_27589
1022	0.02	0.25	normal	1308	1	k79_26175
1023	0.06	0.04	normal	3825	3	k79_4310
1024	None	None	loner	1308	1	k79_75291
1025	None	None	loner	1305	1	k79_40444
1026	None	None	loner	1304	1	k79_90372
1027	None	None	loner	1303	1	k79_78562
1028	None	None	loner	1303	1	k79_13957
1029	0.02	0.39	normal	1302	1	k79_56343
1030	None	None	loner	1302	1	k79_91172
1031	None	None	loner	1302	1	k79_75917
1032	None	None	loner	1301	1	k79_81822
1033	None	None	loner	1300	1	k79_62825
1034	None	None	loner	1300	1	k79_74553
1035	None	None	loner	1299	1	k79_1348
1036	None	None	loner	1299	1	k79_12015
1037	None	None	loner	1296	1	k79_39828
1038	None	None	loner	1296	1	k79_21701
1039	None	None	loner	1295	1	k79_12120
1040	None	None	loner	1295	1	k79_49396
1041	None	None	loner	1294	1	k79_42859
1042	None	None	loner	1294	1	k79_22013
1043	None	None	loner	1294	1	k79_31755
1044	None	None	loner	1293	1	k79_50061
1045	None	None	loner	1292	1	k79_49191
1046	None	None	loner	1292	1	k79_3850
1047	None	None	loner	1290	1	k79_73306
1048	None	None	loner	1289	1	k79_28986
1049	None	None	loner	1288	1	k79_77389
1050	None	None	loner	1288	1	k79_10560
1051	None	None	loner	1285	1	k79_60942
1052	None	None	loner	1285	1	k79_59436
1053	0.025	0.17	normal	1285	1	k79_54578
1054	None	None	loner	1284	1	k79_74282
1055	None	None	loner	1283	1	k79_38931
1056	None	None	loner	1283	1	k79_84720
1057	None	None	loner	1282	1	k79_25835
1058	None	None	loner	1281	1	k79_84936
1059	None	None	loner	1278	1	k79_95337
1060	None	None	loner	1278	1	k79_72199
1061	None	None	loner	1277	1	k79_22594
1062	None	None	loner	1277	1	k79_28877
1063	None	None	loner	1276	1	k79_9803
1064	None	None	loner	1276	1	k79_56560
1065	None	None	loner	1275	1	k79_51724
1066	None	None	loner	1274	1	k79_91082
1067	None	None	loner	1271	1	k79_42317
1068	None	None	loner	1271	1	k79_48846
1069	None	None	loner	1271	1	k79_39908
1070	None	None	loner	1270	1	k79_65485
1071	None	None	loner	1269	1	k79_87790
1072	None	None	loner	1268	1	k79_21947
1073	None	None	loner	1267	1	k79_32527
1074	None	None	loner	1266	1	k79_23733
1075	0.025	0.17	normal	1266	1	k79_77332
1076	None	None	loner	1266	1	k79_19836
1077	None	None	loner	1265	1	k79_60626
1078	None	None	loner	1264	1	k79_28745
1079	None	None	loner	1264	1	k79_15336
1080	None	None	loner	1264	1	k79_88100
1081	None	None	loner	1262	1	k79_60219
1082	0.025	0.13	normal	1942	1	k79_6505
1083	None	None	loner	1260	1	k79_64757
1084	None	None	loner	1259	1	k79_17202
1085	0.055	0.01	normal	4704	4	k79_43153
1086	None	None	loner	1257	1	k79_16978
1087	0.02	0.43	normal	1256	1	k79_89834
1088	None	None	loner	1255	1	k79_18271
1089	0.025	0.15	normal	1255	1	k79_17473
1090	None	None	loner	1251	1	k79_66923
1091	None	None	loner	1250	1	k79_82911
1092	None	None	loner	1249	1	k79_82032
1093	None	None	loner	1249	1	k79_11027
1094	None	None	loner	1249	1	k79_50710
1095	None	None	loner	1246	1	k79_13991
1096	None	None	loner	1246	1	k79_34308
1097	None	None	loner	1246	1	k79_74781
1098	None	None	loner	1245	1	k79_33600
1099	None	None	loner	1245	1	k79_44763
1100	None	None	loner	1245	1	k79_96992
1101	None	None	loner	1245	1	k79_87920
1102	None	None	loner	1245	1	k79_19269
1103	None	None	loner	1244	1	k79_11366
1104	None	None	loner	1244	1	k79_93915
1105	None	None	loner	1244	1	k79_49131
1106	0.105	0.01	normal	11559	10	k79_65683
1107	None	None	loner	1243	1	k79_67817
1108	None	None	loner	1242	1	k79_51846
1109	None	None	loner	1241	1	k79_85358
1110	0.02	0.4	normal	1239	1	k79_42137
1111	None	None	loner	1238	1	k79_73125
1112	None	None	loner	1238	1	k79_24904
1113	None	None	loner	1237	1	k79_73201
1114	None	None	loner	1237	1	k79_27282
1115	None	None	loner	1237	1	k79_10050
1116	None	None	loner	1236	1	k79_27751
1117	None	None	loner	1235	1	k79_44577
1118	None	None	loner	1234	1	k79_55214
1119	None	None	loner	1232	1	k79_35209
1120	None	None	loner	1232	1	k79_7874
1121	None	None	loner	1231	1	k79_75548
1122	None	None	loner	1230	1	k79_92514
1123	None	None	loner	1230	1	k79_78761
1124	None	None	loner	1229	1	k79_17682
1125	0.06	None	fallback	5496	5	k79_13340
1126	None	None	loner	1229	1	k79_66531
1127	None	None	loner	1227	1	k79_54857
1128	None	None	loner	1227	1	k79_73082
1129	None	None	loner	1226	1	k79_23560
1130	None	None	loner	1226	1	k79_25458
1131	None	None	loner	1224	1	k79_67109
1132	None	None	loner	1224	1	k79_90243
1133	None	None	loner	1224	1	k79_36337
1134	None	None	loner	1223	1	k79_27880
1135	None	None	loner	1223	1	k79_95803
1136	None	None	loner	1223	1	k79_65511
1137	None	None	loner	1222	1	k79_82072
1138	None	None	loner	1222	1	k79_72075
1139	None	None	loner	1222	1	k79_79960
1140	None	None	loner	1221	1	k79_40467
1141	None	None	loner	1219	1	k79_46504
1142	None	None	loner	1219	1	k79_16120
1143	None	None	loner	1218	1	k79_92520
1144	0.02	0.44	normal	1218	1	k79_76790
1145	None	None	loner	1216	1	k79_3002
1146	None	None	loner	1216	1	k79_73296
1147	None	None	loner	1214	1	k79_13743
1148	None	None	loner	1212	1	k79_31626
1149	None	None	loner	1212	1	k79_60012
1150	None	None	loner	1211	1	k79_94984
1151	None	None	loner	1210	1	k79_90260
1152	None	None	loner	1209	1	k79_13256
1153	None	None	loner	1208	1	k79_52184
1154	None	None	loner	1208	1	k79_42257
1155	None	None	loner	1207	1	k79_95978
1156	None	None	loner	1207	1	k79_96913
1157	None	None	loner	1207	1	k79_47107
1158	None	None	loner	1206	1	k79_52497
1159	None	None	loner	1206	1	k79_69814
1160	0.02	0.25	normal	1206	1	k79_23749
1161	None	None	loner	1206	1	k79_69945
1162	None	None	loner	1205	1	k79_30334
1163	0.025	0.17	normal	1205	1	k79_54440
1164	None	None	loner	1205	1	k79_80450
1165	None	None	loner	1204	1	k79_23370
1166	None	None	loner	1204	1	k79_43573
1167	None	None	loner	1204	1	k79_45248
1168	None	None	loner	1203	1	k79_63607
1169	None	None	loner	1203	1	k79_19798
1170	None	None	loner	1201	1	k79_73290
1171	None	None	loner	1199	1	k79_17449
1172	None	None	loner	1198	1	k79_80899
1173	None	None	loner	1196	1	k79_82879
1174	None	None	loner	1195	1	k79_59254
1175	None	None	loner	1195	1	k79_75925
1176	None	None	loner	1195	1	k79_42291
1177	None	None	loner	1193	1	k79_42882
1178	None	None	loner	1192	1	k79_17581
1179	0.06	None	fallback	3525	3	k79_4003
1180	None	None	loner	1192	1	k79_32705
1181	None	None	loner	1191	1	k79_783
1182	None	None	loner	1191	1	k79_68562
1183	None	None	loner	1190	1	k79_15952
1184	None	None	loner	1190	1	k79_79567
1185	None	None	loner	1189	1	k79_11331
1186	None	None	loner	1189	1	k79_52354
1187	None	None	loner	1187	1	k79_8645
1188	None	None	loner	1187	1	k79_49024
1189	None	None	loner	1187	1	k79_11021
1190	None	None	loner	1186	1	k79_59542
1191	None	None	loner	1185	1	k79_47752
1192	None	None	loner	1185	1	k79_86592
1193	None	None	loner	1184	1	k79_3159
1194	None	None	loner	1184	1	k79_40230
1195	None	None	loner	1184	1	k79_92522
1196	None	None	loner	1183	1	k79_71571
1197	None	None	loner	1181	1	k79_27507
1198	None	None	loner	1181	1	k79_23289
1199	None	None	loner	1181	1	k79_93259
1200	None	None	loner	1180	1	k79_44456
1201	None	None	loner	1180	1	k79_25539
1202	None	None	loner	1180	1	k79_54381
1203	None	None	loner	1180	1	k79_47694
1204	None	None	loner	1180	1	k79_23107
1205	None	None	loner	1179	1	k79_76351
1206	None	None	loner	1179	1	k79_20670
1207	None	None	loner	1178	1	k79_25926
1208	None	None	loner	1178	1	k79_96301
1209	0.025	0.16	normal	1395	1	k79_29510
1210	None	None	loner	1174	1	k79_92142
1211	None	None	loner	1174	1	k79_74008
1212	None	None	loner	1174	1	k79_19178
1213	None	None	loner	1173	1	k79_61227
1214	None	None	loner	1173	1	k79_9386
1215	None	None	loner	1173	1	k79_47587
1216	None	None	loner	1173	1	k79_24770
1217	None	None	loner	1173	1	k79_39431
1218	None	None	loner	1172	1	k79_94450
1219	None	None	loner	1170	1	k79_87875
1220	None	None	loner	1170	1	k79_51499
1221	None	None	loner	1169	1	k79_5487
1222	None	None	loner	1169	1	k79_94334
1223	None	None	loner	1168	1	k79_64021
1224	None	None	loner	1167	1	k79_48895
1225	None	None	loner	1166	1	k79_82678
1226	None	None	loner	1165	1	k79_58471
1227	None	None	loner	1165	1	k79_16920
1228	None	None	loner	1165	1	k79_70086
1229	None	None	loner	1165	1	k79_77223
1230	None	None	loner	1165	1	k79_89779
1231	None	None	loner	1164	1	k79_65656
1232	None	None	loner	1163	1	k79_57897
1233	None	None	loner	1163	1	k79_15858
1234	None	None	loner	1162	1	k79_96987
1235	None	None	loner	1162	1	k79_13327
1236	None	None	loner	1162	1	k79_59889
1237	None	None	loner	1161	1	k79_74796
1238	None	None	loner	1160	1	k79_17633
1239	None	None	loner	1160	1	k79_57073
1240	0.06	None	fallback	4334	4	k79_96620
1241	None	None	loner	1160	1	k79_40268
1242	None	None	loner	1158	1	k79_70197
1243	None	None	loner	1158	1	k79_79229
1244	None	None	loner	1158	1	k79_46674
1245	None	None	loner	1157	1	k79_34787
1246	None	None	loner	1156	1	k79_22950
1247	None	None	loner	1156	1	k79_32649
1248	None	None	loner	1156	1	k79_27212
1249	None	None	loner	1155	1	k79_90922
1250	None	None	loner	1155	1	k79_24533
1251	None	None	loner	1155	1	k79_60480
1252	0.06	None	fallback	2159	2	k79_44551
1253	None	None	loner	1154	1	k79_54703
1254	None	None	loner	1154	1	k79_52615
1255	None	None	loner	1153	1	k79_66395
1256	None	None	loner	1153	1	k79_41344
1257	None	None	loner	1153	1	k79_64165
1258	None	None	loner	1153	1	k79_60817
1259	None	None	loner	1152	1	k79_22322
1260	None	None	loner	1152	1	k79_1494
1261	None	None	loner	1151	1	k79_11954
1262	None	None	loner	1151	1	k79_27131
1263	None	None	loner	1150	1	k79_46930
1264	0.02	0.26	normal	1150	1	k79_57442
1265	None	None	loner	1150	1	k79_96820
1266	None	None	loner	1150	1	k79_88599
1267	None	None	loner	1149	1	k79_88588
1268	None	None	loner	1149	1	k79_78471
1269	None	None	loner	1148	1	k79_54250
1270	0.02	0.3	normal	1126	1	k79_67096
1271	None	None	loner	1147	1	k79_92594
1272	None	None	loner	1146	1	k79_88617
1273	0.02	0.44	normal	1145	1	k79_14441
1274	0.025	0.17	normal	1145	1	k79_21620
1275	None	None	loner	1145	1	k79_28052
1276	None	None	loner	1145	1	k79_21978
1277	None	None	loner	1144	1	k79_56221
1278	None	None	loner	1144	1	k79_51845
1279	None	None	loner	1144	1	k79_39153
1280	None	None	loner	1143	1	k79_43311
1281	None	None	loner	1142	1	k79_10527
1282	None	None	loner	1142	1	k79_10916
1283	None	None	loner	1141	1	k79_2806
1284	0.02	0.19	normal	1141	1	k79_15765
1285	None	None	loner	1140	1	k79_51060
1286	None	None	loner	1139	1	k79_18497
1287	None	None	loner	1139	1	k79_5051
1288	0.05	0.01	normal	4198	4	k79_51713
1289	None	None	loner	1139	1	k79_40661
1290	0.02	0.27	normal	1138	1	k79_71682
1291	None	None	loner	1137	1	k79_32780
1292	None	None	loner	1137	1	k79_40588
1293	None	None	loner	1137	1	k79_20604
1294	0.025	0.17	normal	1136	1	k79_11220
1295	0.025	0.09	normal	3552	1	k79_19352
1296	None	None	loner	1135	1	k79_20417
1297	None	None	loner	1135	1	k79_96240
1298	None	None	loner	1135	1	k79_56817
1299	None	None	loner	1134	1	k79_34840
1300	None	None	loner	1134	1	k79_75983
1301	None	None	loner	1134	1	k79_86037
1302	None	None	loner	1133	1	k79_93468
1303	None	None	loner	1133	1	k79_96101
1304	None	None	loner	1133	1	k79_86272
1305	None	None	loner	1133	1	k79_6166
1306	None	None	loner	1133	1	k79_21130
1307	None	None	loner	1132	1	k79_51461
1308	0.02	0.43	normal	1132	1	k79_48925
1309	None	None	loner	1132	1	k79_93605
1310	None	None	loner	1131	1	k79_81932
1311	0.025	0.18	normal	1130	1	k79_40152
1312	None	None	loner	1130	1	k79_28278
1313	None	None	loner	1130	1	k79_55793
1314	None	None	loner	1130	1	k79_22430
1315	None	None	loner	1129	1	k79_33299
1316	None	None	loner	1128	1	k79_56342
1317	None	None	loner	1128	1	k79_38240
1318	None	None	loner	1128	1	k79_13809
1319	None	None	loner	1127	1	k79_38
1320	None	None	loner	1127	1	k79_57794
1321	None	None	loner	1127	1	k79_51683
1322	None	None	loner	1127	1	k79_51217
1323	None	None	loner	1127	1	k79_95004
1324	None	None	loner	1127	1	k79_46984
1325	None	None	loner	1125	1	k79_40625
1326	None	None	loner	1124	1	k79_54229
1327	None	None	loner	1122	1	k79_30511
1328	0.045	0.42	normal	2163	2	k79_19889
1329	None	None	loner	1120	1	k79_67742
1330	None	None	loner	1119	1	k79_56265
1331	None	None	loner	1119	1	k79_51785
1332	None	None	loner	1119	1	k79_68229
1333	None	None	loner	1118	1	k79_43892
1334	None	None	loner	1118	1	k79_88736
1335	None	None	loner	1118	1	k79_43100
1336	None	None	loner	1117	1	k79_91042
1337	None	None	loner	1117	1	k79_4111
1338	None	None	loner	1117	1	k79_94783
1339	0.025	0.18	normal	1116	1	k79_75595
1340	0.06	0.0	normal	2163	2	k79_26565
1341	0.02	0.26	normal	1115	1	k79_82423
1342	None	None	loner	1115	1	k79_32793
1343	None	None	loner	1115	1	k79_17224
1344	None	None	loner	1113	1	k79_61142
1345	None	None	loner	1113	1	k79_55844
1346	0.02	0.53	normal	1740	1	k79_3164
1347	None	None	loner	1112	1	k79_68348
1348	None	None	loner	1111	1	k79_71474
1349	None	None	loner	1111	1	k79_716
1350	None	None	loner	1111	1	k79_52696
1351	None	None	loner	1110	1	k79_22131
1352	None	None	loner	1110	1	k79_57316
1353	None	None	loner	1110	1	k79_41004
1354	None	None	loner	1109	1	k79_37953
1355	None	None	loner	1109	1	k79_4251
1356	None	None	loner	1109	1	k79_2002
1357	None	None	loner	1108	1	k79_87261
1358	None	None	loner	1107	1	k79_70795
1359	None	None	loner	1107	1	k79_43218
1360	None	None	loner	1106	1	k79_83907
1361	None	None	loner	1105	1	k79_16904
1362	None	None	loner	1105	1	k79_38969
1363	None	None	loner	1105	1	k79_59187
1364	None	None	loner	1105	1	k79_49047
1365	None	None	loner	1104	1	k79_752
1366	None	None	loner	1101	1	k79_19643
1367	None	None	loner	1101	1	k79_28065
1368	None	None	loner	1101	1	k79_28199
1369	None	None	loner	1100	1	k79_81601
1370	None	None	loner	1100	1	k79_92571
1371	None	None	loner	1099	1	k79_93655
1372	None	None	loner	1099	1	k79_2344
1373	None	None	loner	1098	1	k79_45929
1374	None	None	loner	1098	1	k79_57533
1375	None	None	loner	1097	1	k79_25474
1376	None	None	loner	1096	1	k79_48498
1377	None	None	loner	1095	1	k79_12549
1378	None	None	loner	1095	1	k79_14200
1379	None	None	loner	1095	1	k79_72709
1380	None	None	loner	1094	1	k79_46688
1381	None	None	loner	1094	1	k79_56337
1382	None	None	loner	1093	1	k79_55978
1383	None	None	loner	1093	1	k79_89920
1384	None	None	loner	1093	1	k79_17604
1385	None	None	loner	1092	1	k79_20971
1386	None	None	loner	1091	1	k79_3359
1387	None	None	loner	1089	1	k79_33834
1388	None	None	loner	1089	1	k79_36173
1389	None	None	loner	1089	1	k79_17021
1390	None	None	loner	1088	1	k79_72913
1391	None	None	loner	1088	1	k79_31196
1392	None	None	loner	1087	1	k79_2339
1393	None	None	loner	1087	1	k79_66121
1394	None	None	loner	1087	1	k79_73513
1395	None	None	loner	1086	1	k79_90456
1396	None	None	loner	1085	1	k79_1891
1397	None	None	loner	1085	1	k79_24006
1398	None	None	loner	1084	1	k79_5991
1399	None	None	loner	1084	1	k79_13239
1400	None	None	loner	1084	1	k79_43507
1401	None	None	loner	1083	1	k79_50893
1402	None	None	loner	1083	1	k79_93108
1403	None	None	loner	1083	1	k79_9409
1404	None	None	loner	1083	1	k79_28173
1405	None	None	loner	1083	1	k79_17665
1406	None	None	loner	1083	1	k79_14050
1407	None	None	loner	1081	1	k79_23722
1408	None	None	loner	1081	1	k79_93996
1409	None	None	loner	1081	1	k79_77478
1410	None	None	loner	1081	1	k79_48070
1411	None	None	loner	1080	1	k79_332
1412	None	None	loner	1079	1	k79_50827
1413	None	None	loner	1079	1	k79_84686
1414	None	None	loner	1078	1	k79_40612
1415	None	None	loner	1078	1	k79_40549
1416	None	None	loner	1078	1	k79_57557
1417	None	None	loner	1078	1	k79_20992
1418	None	None	loner	1077	1	k79_33584
1419	None	None	loner	1076	1	k79_53699
1420	None	None	loner	1076	1	k79_66029
1421	None	None	loner	1076	1	k79_57328
1422	None	None	loner	1076	1	k79_19689
1423	None	None	loner	1075	1	k79_54309
1424	None	None	loner	1074	1	k79_38737
1425	None	None	loner	1074	1	k79_78456
1426	None	None	loner	1074	1	k79_93061
1427	None	None	loner	1073	1	k79_42975
1428	None	None	loner	1072	1	k79_56148
1429	None	None	loner	1071	1	k79_531
1430	None	None	loner	1071	1	k79_60281
1431	None	None	loner	1070	1	k79_20114
1432	None	None	loner	1069	1	k79_96560
1433	None	None	loner	1069	1	k79_72901
1434	None	None	loner	1068	1	k79_43465
1435	None	None	loner	1067	1	k79_28536
1436	None	None	loner	1067	1	k79_20303
1437	None	None	loner	1067	1	k79_31276
1438	None	None	loner	1066	1	k79_71538
1439	None	None	loner	1065	1	k79_95038
1440	None	None	loner	1065	1	k79_25594
1441	None	None	loner	1064	1	k79_28853
1442	None	None	loner	1063	1	k79_71006
1443	None	None	loner	1063	1	k79_28779
1444	None	None	loner	1062	1	k79_53835
1445	0.02	0.19	normal	1062	1	k79_58877
1446	None	None	loner	1060	1	k79_34263
1447	None	None	loner	1060	1	k79_96702
1448	None	None	loner	1060	1	k79_15477
1449	None	None	loner	1060	1	k79_1432
1450	None	None	loner	1060	1	k79_57510
1451	None	None	loner	1059	1	k79_30007
1452	None	None	loner	1058	1	k79_56232
1453	None	None	loner	1058	1	k79_23250
1454	None	None	loner	1058	1	k79_24714
1455	None	None	loner	1058	1	k79_47079
1456	None	None	loner	1057	1	k79_57070
1457	None	None	loner	1056	1	k79_11040
1458	None	None	loner	1056	1	k79_29837
1459	None	None	loner	1056	1	k79_44854
1460	None	None	loner	1056	1	k79_50383
1461	None	None	loner	1055	1	k79_4054
1462	None	None	loner	1055	1	k79_92510
1463	None	None	loner	1055	1	k79_22279
1464	None	None	loner	1055	1	k79_79694
1465	None	None	loner	1055	1	k79_38235
1466	None	None	loner	1054	1	k79_37269
1467	None	None	loner	1054	1	k79_71663
1468	0.02	0.31	normal	1054	1	k79_80663
1469	None	None	loner	1054	1	k79_72826
1470	None	None	loner	1054	1	k79_63245
1471	None	None	loner	1053	1	k79_45950
1472	None	None	loner	1053	1	k79_80549
1473	None	None	loner	1052	1	k79_24668
1474	None	None	loner	1051	1	k79_76954
1475	None	None	loner	1051	1	k79_35715
1476	None	None	loner	1050	1	k79_59604
1477	None	None	loner	1050	1	k79_10124
1478	None	None	loner	1049	1	k79_63203
1479	None	None	loner	1049	1	k79_70487
1480	None	None	loner	1049	1	k79_81537
1481	None	None	loner	1049	1	k79_44754
1482	None	None	loner	1048	1	k79_39348
1483	None	None	loner	1047	1	k79_43969
1484	None	None	loner	1047	1	k79_89193
1485	None	None	loner	1047	1	k79_24857
1486	None	None	loner	1047	1	k79_72090
1487	None	None	loner	1046	1	k79_90744
1488	None	None	loner	1046	1	k79_37692
1489	None	None	loner	1045	1	k79_38066
1490	None	None	loner	1045	1	k79_93798
1491	None	None	loner	1045	1	k79_86346
1492	None	None	loner	1045	1	k79_51188
1493	None	None	loner	1045	1	k79_31912
1494	None	None	loner	1045	1	k79_42580
1495	None	None	loner	1045	1	k79_39567
1496	None	None	loner	1045	1	k79_23094
1497	None	None	loner	1043	1	k79_55393
1498	None	None	loner	1043	1	k79_84926
1499	None	None	loner	1043	1	k79_69736
1500	None	None	loner	1041	1	k79_15376
1501	None	None	loner	1041	1	k79_89177
1502	None	None	loner	1041	1	k79_42938
1503	None	None	loner	1041	1	k79_85256
1504	None	None	loner	1039	1	k79_32244
1505	None	None	loner	1039	1	k79_67609
1506	None	None	loner	1039	1	k79_670
1507	None	None	loner	1038	1	k79_88694
1508	None	None	loner	1038	1	k79_43031
1509	None	None	loner	1038	1	k79_92265
1510	None	None	loner	1036	1	k79_8467
1511	None	None	loner	1036	1	k79_34841
1512	None	None	loner	1036	1	k79_67259
1513	None	None	loner	1036	1	k79_49125
1514	None	None	loner	1035	1	k79_22989
1515	None	None	loner	1034	1	k79_50320
1516	None	None	loner	1034	1	k79_9175
1517	None	None	loner	1034	1	k79_16493
1518	None	None	loner	1034	1	k79_32439
1519	None	None	loner	1033	1	k79_4936
1520	None	None	loner	1033	1	k79_72639
1521	None	None	loner	1033	1	k79_95813
1522	None	None	loner	1033	1	k79_28108
1523	None	None	loner	1032	1	k79_31572
1524	None	None	loner	1031	1	k79_68966
1525	None	None	loner	1031	1	k79_89010
1526	None	None	loner	1031	1	k79_52690
1527	None	None	loner	1031	1	k79_4217
1528	None	None	loner	1031	1	k79_25368
1529	None	None	loner	1030	1	k79_72049
1530	None	None	loner	1029	1	k79_49321
1531	None	None	loner	1028	1	k79_24107
1532	None	None	loner	1028	1	k79_39654
1533	None	None	loner	1027	1	k79_22583
1534	None	None	loner	1026	1	k79_70853
1535	None	None	loner	1025	1	k79_84435
1536	None	None	loner	1025	1	k79_64685
1537	None	None	loner	1025	1	k79_94750
1538	None	None	loner	1025	1	k79_21058
1539	None	None	loner	1025	1	k79_89097
1540	None	None	loner	1025	1	k79_71217
1541	None	None	loner	1024	1	k79_62685
1542	None	None	loner	1023	1	k79_2809
1543	None	None	loner	1023	1	k79_35273
1544	None	None	loner	1023	1	k79_85999
1545	None	None	loner	1023	1	k79_47993
1546	None	None	loner	1022	1	k79_83311
1547	None	None	loner	1021	1	k79_82406
1548	None	None	loner	1020	1	k79_72671
1549	None	None	loner	1019	1	k79_27332
1550	None	None	loner	1019	1	k79_44210
1551	None	None	loner	1019	1	k79_87443
1552	None	None	loner	1019	1	k79_39221
1553	None	None	loner	1018	1	k79_80184
1554	None	None	loner	1018	1	k79_80028
1555	None	None	loner	1018	1	k79_86207
1556	None	None	loner	1018	1	k79_66581
1557	None	None	loner	1017	1	k79_88833
1558	None	None	loner	1017	1	k79_48264
1559	None	None	loner	1017	1	k79_78056
1560	None	None	loner	1017	1	k79_19116
1561	None	None	loner	1017	1	k79_66914
1562	None	None	loner	1017	1	k79_47805
1563	None	None	loner	1016	1	k79_97220
1564	None	None	loner	1016	1	k79_76043
1565	None	None	loner	1016	1	k79_92218
1566	None	None	loner	1016	1	k79_89447
1567	None	None	loner	1016	1	k79_37166
1568	None	None	loner	1015	1	k79_62811
1569	None	None	loner	1015	1	k79_66234
1570	None	None	loner	1015	1	k79_45884
1571	None	None	loner	1014	1	k79_3368
1572	None	None	loner	1014	1	k79_75591
1573	None	None	loner	1014	1	k79_33962
1574	None	None	loner	1014	1	k79_51538
1575	None	None	loner	1013	1	k79_35709
1576	None	None	loner	1013	1	k79_58453
1577	None	None	loner	1013	1	k79_35794
1578	None	None	loner	1012	1	k79_34665
1579	None	None	loner	1012	1	k79_89764
1580	None	None	loner	1012	1	k79_60728
1581	None	None	loner	1012	1	k79_20610
1582	0.02	0.46	normal	1011	1	k79_48668
1583	None	None	loner	1011	1	k79_67973
1584	None	None	loner	1011	1	k79_66518
1585	None	None	loner	1010	1	k79_41286
1586	None	None	loner	1010	1	k79_89521
1587	None	None	loner	1010	1	k79_22382
1588	None	None	loner	1009	1	k79_89823
1589	None	None	loner	1009	1	k79_32533
1590	None	None	loner	1009	1	k79_42552
1591	None	None	loner	1009	1	k79_30757
1592	None	None	loner	1009	1	k79_54786
1593	None	None	loner	1008	1	k79_54787
1594	None	None	loner	1008	1	k79_3145
1595	None	None	loner	1007	1	k79_25711
1596	None	None	loner	1006	1	k79_23429
1597	None	None	loner	1006	1	k79_40205
1598	None	None	loner	1006	1	k79_53926
1599	None	None	loner	1005	1	k79_75714
1600	None	None	loner	1005	1	k79_25768
1601	None	None	loner	1005	1	k79_44667
1602	None	None	loner	1004	1	k79_40374
1603	None	None	loner	1004	1	k79_28447
1604	None	None	loner	1004	1	k79_74347
1605	None	None	loner	1003	1	k79_33202
1606	None	None	loner	1003	1	k79_8000
1607	None	None	loner	1003	1	k79_88618
1608	None	None	loner	1003	1	k79_32631
1609	None	None	loner	1002	1	k79_17028
1610	None	None	loner	1002	1	k79_20905
1611	None	None	loner	1001	1	k79_90396
1612	None	None	loner	1001	1	k79_18241
1613	None	None	loner	1001	1	k79_69595
1614	None	None	loner	1001	1	k79_65407
1615	None	None	loner	1000	1	k79_16990
1616	None	None	loner	1000	1	k79_56588
1617	None	None	loner	1000	1	k79_34306
1618	None	None	loner	1000	1	k79_21303
1619	None	None	loner	4813	1	k79_12265
1620	None	None	loner	2884	1	k79_57839
1621	None	None	loner	2157	1	k79_16413
1622	None	None	loner	1693	1	k79_35631
1623	None	None	loner	1681	1	k79_4701
1624	None	None	loner	1602	1	k79_59475
1625	None	None	loner	1547	1	k79_32184
1626	None	None	loner	1370	1	k79_75835
1627	None	None	loner	1365	1	k79_84551
1628	None	None	loner	1262	1	k79_6645
1629	None	None	loner	1176	1	k79_59038
1630	None	None	loner	1147	1	k79_93316
1631	None	None	loner	1135	1	k79_89146
1632	None	None	loner	1112	1	k79_2714
