k79_10073	ERR011349_MEGAHIT_TaxVamb.2
k79_10099	ERR011349_MEGAHIT_TaxVamb.2
k79_10147	ERR011349_MEGAHIT_TaxVamb.2
k79_10208	ERR011349_MEGAHIT_TaxVamb.2
k79_10354	ERR011349_MEGAHIT_TaxVamb.2
k79_10425	ERR011349_MEGAHIT_TaxVamb.2
k79_10598	ERR011349_MEGAHIT_TaxVamb.2
k79_1073	ERR011349_MEGAHIT_TaxVamb.2
k79_10749	ERR011349_MEGAHIT_TaxVamb.2
k79_10834	ERR011349_MEGAHIT_TaxVamb.2
k79_10862	ERR011349_MEGAHIT_TaxVamb.2
k79_10894	ERR011349_MEGAHIT_TaxVamb.2
k79_11064	ERR011349_MEGAHIT_TaxVamb.2
k79_11103	ERR011349_MEGAHIT_TaxVamb.2
k79_11105	ERR011349_MEGAHIT_TaxVamb.2
k79_11130	ERR011349_MEGAHIT_TaxVamb.2
k79_11202	ERR011349_MEGAHIT_TaxVamb.2
k79_11496	ERR011349_MEGAHIT_TaxVamb.2
k79_11531	ERR011349_MEGAHIT_TaxVamb.2
k79_11532	ERR011349_MEGAHIT_TaxVamb.2
k79_11535	ERR011349_MEGAHIT_TaxVamb.2
k79_11586	ERR011349_MEGAHIT_TaxVamb.2
k79_11754	ERR011349_MEGAHIT_TaxVamb.2
k79_11776	ERR011349_MEGAHIT_TaxVamb.2
k79_1220	ERR011349_MEGAHIT_TaxVamb.2
k79_12249	ERR011349_MEGAHIT_TaxVamb.2
k79_12293	ERR011349_MEGAHIT_TaxVamb.2
k79_12426	ERR011349_MEGAHIT_TaxVamb.2
k79_12460	ERR011349_MEGAHIT_TaxVamb.2
k79_12469	ERR011349_MEGAHIT_TaxVamb.2
k79_12597	ERR011349_MEGAHIT_TaxVamb.2
k79_12713	ERR011349_MEGAHIT_TaxVamb.2
k79_12805	ERR011349_MEGAHIT_TaxVamb.2
k79_13020	ERR011349_MEGAHIT_TaxVamb.2
k79_13058	ERR011349_MEGAHIT_TaxVamb.2
k79_13351	ERR011349_MEGAHIT_TaxVamb.2
k79_13369	ERR011349_MEGAHIT_TaxVamb.2
k79_13384	ERR011349_MEGAHIT_TaxVamb.2
k79_1356	ERR011349_MEGAHIT_TaxVamb.2
k79_1360	ERR011349_MEGAHIT_TaxVamb.2
k79_13685	ERR011349_MEGAHIT_TaxVamb.2
k79_13747	ERR011349_MEGAHIT_TaxVamb.2
k79_13756	ERR011349_MEGAHIT_TaxVamb.2
k79_13878	ERR011349_MEGAHIT_TaxVamb.2
k79_13884	ERR011349_MEGAHIT_TaxVamb.2
k79_13892	ERR011349_MEGAHIT_TaxVamb.2
k79_13930	ERR011349_MEGAHIT_TaxVamb.2
k79_14017	ERR011349_MEGAHIT_TaxVamb.2
k79_14242	ERR011349_MEGAHIT_TaxVamb.2
k79_14250	ERR011349_MEGAHIT_TaxVamb.2
k79_14290	ERR011349_MEGAHIT_TaxVamb.2
k79_143	ERR011349_MEGAHIT_TaxVamb.2
k79_14466	ERR011349_MEGAHIT_TaxVamb.2
k79_14477	ERR011349_MEGAHIT_TaxVamb.2
k79_14618	ERR011349_MEGAHIT_TaxVamb.2
k79_14857	ERR011349_MEGAHIT_TaxVamb.2
k79_14881	ERR011349_MEGAHIT_TaxVamb.2
k79_15078	ERR011349_MEGAHIT_TaxVamb.2
k79_15153	ERR011349_MEGAHIT_TaxVamb.2
k79_15275	ERR011349_MEGAHIT_TaxVamb.2
k79_15508	ERR011349_MEGAHIT_TaxVamb.2
k79_15524	ERR011349_MEGAHIT_TaxVamb.2
k79_15563	ERR011349_MEGAHIT_TaxVamb.2
k79_15630	ERR011349_MEGAHIT_TaxVamb.2
k79_15638	ERR011349_MEGAHIT_TaxVamb.2
k79_15653	ERR011349_MEGAHIT_TaxVamb.2
k79_15783	ERR011349_MEGAHIT_TaxVamb.2
k79_15870	ERR011349_MEGAHIT_TaxVamb.2
k79_15912	ERR011349_MEGAHIT_TaxVamb.2
k79_15928	ERR011349_MEGAHIT_TaxVamb.2
k79_16090	ERR011349_MEGAHIT_TaxVamb.2
k79_16181	ERR011349_MEGAHIT_TaxVamb.2
k79_16311	ERR011349_MEGAHIT_TaxVamb.2
k79_16506	ERR011349_MEGAHIT_TaxVamb.2
k79_16798	ERR011349_MEGAHIT_TaxVamb.2
k79_17025	ERR011349_MEGAHIT_TaxVamb.2
k79_17107	ERR011349_MEGAHIT_TaxVamb.2
k79_17149	ERR011349_MEGAHIT_TaxVamb.2
k79_17163	ERR011349_MEGAHIT_TaxVamb.2
k79_17233	ERR011349_MEGAHIT_TaxVamb.2
k79_17343	ERR011349_MEGAHIT_TaxVamb.2
k79_17560	ERR011349_MEGAHIT_TaxVamb.2
k79_17596	ERR011349_MEGAHIT_TaxVamb.2
k79_17618	ERR011349_MEGAHIT_TaxVamb.2
k79_17666	ERR011349_MEGAHIT_TaxVamb.2
k79_17710	ERR011349_MEGAHIT_TaxVamb.2
k79_17726	ERR011349_MEGAHIT_TaxVamb.2
k79_17809	ERR011349_MEGAHIT_TaxVamb.2
k79_17828	ERR011349_MEGAHIT_TaxVamb.2
k79_17951	ERR011349_MEGAHIT_TaxVamb.2
k79_18023	ERR011349_MEGAHIT_TaxVamb.2
k79_18238	ERR011349_MEGAHIT_TaxVamb.2
k79_18263	ERR011349_MEGAHIT_TaxVamb.2
k79_18275	ERR011349_MEGAHIT_TaxVamb.2
k79_18446	ERR011349_MEGAHIT_TaxVamb.2
k79_18517	ERR011349_MEGAHIT_TaxVamb.2
k79_18678	ERR011349_MEGAHIT_TaxVamb.2
k79_18742	ERR011349_MEGAHIT_TaxVamb.2
k79_18807	ERR011349_MEGAHIT_TaxVamb.2
k79_18961	ERR011349_MEGAHIT_TaxVamb.2
k79_19197	ERR011349_MEGAHIT_TaxVamb.2
k79_1935	ERR011349_MEGAHIT_TaxVamb.2
k79_19459	ERR011349_MEGAHIT_TaxVamb.2
k79_19652	ERR011349_MEGAHIT_TaxVamb.2
k79_19810	ERR011349_MEGAHIT_TaxVamb.2
k79_19849	ERR011349_MEGAHIT_TaxVamb.2
k79_20128	ERR011349_MEGAHIT_TaxVamb.2
k79_20142	ERR011349_MEGAHIT_TaxVamb.2
k79_20259	ERR011349_MEGAHIT_TaxVamb.2
k79_20318	ERR011349_MEGAHIT_TaxVamb.2
k79_20357	ERR011349_MEGAHIT_TaxVamb.2
k79_20364	ERR011349_MEGAHIT_TaxVamb.2
k79_20455	ERR011349_MEGAHIT_TaxVamb.2
k79_20682	ERR011349_MEGAHIT_TaxVamb.2
k79_20776	ERR011349_MEGAHIT_TaxVamb.2
k79_20837	ERR011349_MEGAHIT_TaxVamb.2
k79_20907	ERR011349_MEGAHIT_TaxVamb.2
k79_20980	ERR011349_MEGAHIT_TaxVamb.2
k79_21006	ERR011349_MEGAHIT_TaxVamb.2
k79_21027	ERR011349_MEGAHIT_TaxVamb.2
k79_21239	ERR011349_MEGAHIT_TaxVamb.2
k79_21248	ERR011349_MEGAHIT_TaxVamb.2
k79_2125	ERR011349_MEGAHIT_TaxVamb.2
k79_21380	ERR011349_MEGAHIT_TaxVamb.2
k79_21392	ERR011349_MEGAHIT_TaxVamb.2
k79_21480	ERR011349_MEGAHIT_TaxVamb.2
k79_21536	ERR011349_MEGAHIT_TaxVamb.2
k79_21718	ERR011349_MEGAHIT_TaxVamb.2
k79_21737	ERR011349_MEGAHIT_TaxVamb.2
k79_2176	ERR011349_MEGAHIT_TaxVamb.2
k79_22057	ERR011349_MEGAHIT_TaxVamb.2
k79_22071	ERR011349_MEGAHIT_TaxVamb.2
k79_22075	ERR011349_MEGAHIT_TaxVamb.2
k79_22142	ERR011349_MEGAHIT_TaxVamb.2
k79_22218	ERR011349_MEGAHIT_TaxVamb.2
k79_22252	ERR011349_MEGAHIT_TaxVamb.2
k79_22309	ERR011349_MEGAHIT_TaxVamb.2
k79_22321	ERR011349_MEGAHIT_TaxVamb.2
k79_22389	ERR011349_MEGAHIT_TaxVamb.2
k79_22411	ERR011349_MEGAHIT_TaxVamb.2
k79_22429	ERR011349_MEGAHIT_TaxVamb.2
k79_22450	ERR011349_MEGAHIT_TaxVamb.2
k79_22531	ERR011349_MEGAHIT_TaxVamb.2
k79_2257	ERR011349_MEGAHIT_TaxVamb.2
k79_22585	ERR011349_MEGAHIT_TaxVamb.2
k79_22709	ERR011349_MEGAHIT_TaxVamb.2
k79_22843	ERR011349_MEGAHIT_TaxVamb.2
k79_2301	ERR011349_MEGAHIT_TaxVamb.2
k79_23065	ERR011349_MEGAHIT_TaxVamb.2
k79_23084	ERR011349_MEGAHIT_TaxVamb.2
k79_23119	ERR011349_MEGAHIT_TaxVamb.2
k79_23378	ERR011349_MEGAHIT_TaxVamb.2
k79_23613	ERR011349_MEGAHIT_TaxVamb.2
k79_23642	ERR011349_MEGAHIT_TaxVamb.2
k79_23765	ERR011349_MEGAHIT_TaxVamb.2
k79_23897	ERR011349_MEGAHIT_TaxVamb.2
k79_23916	ERR011349_MEGAHIT_TaxVamb.2
k79_24005	ERR011349_MEGAHIT_TaxVamb.2
k79_24080	ERR011349_MEGAHIT_TaxVamb.2
k79_24217	ERR011349_MEGAHIT_TaxVamb.2
k79_2425	ERR011349_MEGAHIT_TaxVamb.2
k79_24269	ERR011349_MEGAHIT_TaxVamb.2
k79_24276	ERR011349_MEGAHIT_TaxVamb.2
k79_24306	ERR011349_MEGAHIT_TaxVamb.2
k79_24313	ERR011349_MEGAHIT_TaxVamb.2
k79_24373	ERR011349_MEGAHIT_TaxVamb.2
k79_24438	ERR011349_MEGAHIT_TaxVamb.2
k79_24729	ERR011349_MEGAHIT_TaxVamb.2
k79_24826	ERR011349_MEGAHIT_TaxVamb.2
k79_25003	ERR011349_MEGAHIT_TaxVamb.2
k79_25053	ERR011349_MEGAHIT_TaxVamb.2
k79_2527	ERR011349_MEGAHIT_TaxVamb.2
k79_25303	ERR011349_MEGAHIT_TaxVamb.2
k79_25310	ERR011349_MEGAHIT_TaxVamb.2
k79_25370	ERR011349_MEGAHIT_TaxVamb.2
k79_25376	ERR011349_MEGAHIT_TaxVamb.2
k79_25519	ERR011349_MEGAHIT_TaxVamb.2
k79_2561	ERR011349_MEGAHIT_TaxVamb.2
k79_25658	ERR011349_MEGAHIT_TaxVamb.2
k79_25692	ERR011349_MEGAHIT_TaxVamb.2
k79_25816	ERR011349_MEGAHIT_TaxVamb.2
k79_25841	ERR011349_MEGAHIT_TaxVamb.2
k79_25986	ERR011349_MEGAHIT_TaxVamb.2
k79_26094	ERR011349_MEGAHIT_TaxVamb.2
k79_26105	ERR011349_MEGAHIT_TaxVamb.2
k79_26162	ERR011349_MEGAHIT_TaxVamb.2
k79_26199	ERR011349_MEGAHIT_TaxVamb.2
k79_26202	ERR011349_MEGAHIT_TaxVamb.2
k79_26225	ERR011349_MEGAHIT_TaxVamb.2
k79_26361	ERR011349_MEGAHIT_TaxVamb.2
k79_26382	ERR011349_MEGAHIT_TaxVamb.2
k79_26448	ERR011349_MEGAHIT_TaxVamb.2
k79_26505	ERR011349_MEGAHIT_TaxVamb.2
k79_26637	ERR011349_MEGAHIT_TaxVamb.2
k79_26722	ERR011349_MEGAHIT_TaxVamb.2
k79_26749	ERR011349_MEGAHIT_TaxVamb.2
k79_27093	ERR011349_MEGAHIT_TaxVamb.2
k79_272	ERR011349_MEGAHIT_TaxVamb.2
k79_27381	ERR011349_MEGAHIT_TaxVamb.2
k79_27458	ERR011349_MEGAHIT_TaxVamb.2
k79_27515	ERR011349_MEGAHIT_TaxVamb.2
k79_2760	ERR011349_MEGAHIT_TaxVamb.2
k79_27782	ERR011349_MEGAHIT_TaxVamb.2
k79_27869	ERR011349_MEGAHIT_TaxVamb.2
k79_27939	ERR011349_MEGAHIT_TaxVamb.2
k79_28019	ERR011349_MEGAHIT_TaxVamb.2
k79_28074	ERR011349_MEGAHIT_TaxVamb.2
k79_281	ERR011349_MEGAHIT_TaxVamb.2
k79_28197	ERR011349_MEGAHIT_TaxVamb.2
k79_2824	ERR011349_MEGAHIT_TaxVamb.2
k79_28391	ERR011349_MEGAHIT_TaxVamb.2
k79_28493	ERR011349_MEGAHIT_TaxVamb.2
k79_28523	ERR011349_MEGAHIT_TaxVamb.2
k79_28609	ERR011349_MEGAHIT_TaxVamb.2
k79_28620	ERR011349_MEGAHIT_TaxVamb.2
k79_28739	ERR011349_MEGAHIT_TaxVamb.2
k79_28792	ERR011349_MEGAHIT_TaxVamb.2
k79_28860	ERR011349_MEGAHIT_TaxVamb.2
k79_28885	ERR011349_MEGAHIT_TaxVamb.2
k79_28898	ERR011349_MEGAHIT_TaxVamb.2
k79_28935	ERR011349_MEGAHIT_TaxVamb.2
k79_2897	ERR011349_MEGAHIT_TaxVamb.2
k79_28999	ERR011349_MEGAHIT_TaxVamb.2
k79_29047	ERR011349_MEGAHIT_TaxVamb.2
k79_29053	ERR011349_MEGAHIT_TaxVamb.2
k79_29242	ERR011349_MEGAHIT_TaxVamb.2
k79_29252	ERR011349_MEGAHIT_TaxVamb.2
k79_29351	ERR011349_MEGAHIT_TaxVamb.2
k79_29355	ERR011349_MEGAHIT_TaxVamb.2
k79_29438	ERR011349_MEGAHIT_TaxVamb.2
k79_29507	ERR011349_MEGAHIT_TaxVamb.2
k79_29620	ERR011349_MEGAHIT_TaxVamb.2
k79_29642	ERR011349_MEGAHIT_TaxVamb.2
k79_2974	ERR011349_MEGAHIT_TaxVamb.2
k79_29752	ERR011349_MEGAHIT_TaxVamb.2
k79_29807	ERR011349_MEGAHIT_TaxVamb.2
k79_29873	ERR011349_MEGAHIT_TaxVamb.2
k79_29913	ERR011349_MEGAHIT_TaxVamb.2
k79_29967	ERR011349_MEGAHIT_TaxVamb.2
k79_29973	ERR011349_MEGAHIT_TaxVamb.2
k79_30034	ERR011349_MEGAHIT_TaxVamb.2
k79_30078	ERR011349_MEGAHIT_TaxVamb.2
k79_30158	ERR011349_MEGAHIT_TaxVamb.2
k79_30275	ERR011349_MEGAHIT_TaxVamb.2
k79_30450	ERR011349_MEGAHIT_TaxVamb.2
k79_30462	ERR011349_MEGAHIT_TaxVamb.2
k79_30610	ERR011349_MEGAHIT_TaxVamb.2
k79_30617	ERR011349_MEGAHIT_TaxVamb.2
k79_30726	ERR011349_MEGAHIT_TaxVamb.2
k79_3091	ERR011349_MEGAHIT_TaxVamb.2
k79_31109	ERR011349_MEGAHIT_TaxVamb.2
k79_31123	ERR011349_MEGAHIT_TaxVamb.2
k79_31158	ERR011349_MEGAHIT_TaxVamb.2
k79_31384	ERR011349_MEGAHIT_TaxVamb.2
k79_31385	ERR011349_MEGAHIT_TaxVamb.2
k79_3152	ERR011349_MEGAHIT_TaxVamb.2
k79_31724	ERR011349_MEGAHIT_TaxVamb.2
k79_3202	ERR011349_MEGAHIT_TaxVamb.2
k79_32084	ERR011349_MEGAHIT_TaxVamb.2
k79_32186	ERR011349_MEGAHIT_TaxVamb.2
k79_32227	ERR011349_MEGAHIT_TaxVamb.2
k79_32281	ERR011349_MEGAHIT_TaxVamb.2
k79_32309	ERR011349_MEGAHIT_TaxVamb.2
k79_32364	ERR011349_MEGAHIT_TaxVamb.2
k79_32537	ERR011349_MEGAHIT_TaxVamb.2
k79_32560	ERR011349_MEGAHIT_TaxVamb.2
k79_32681	ERR011349_MEGAHIT_TaxVamb.2
k79_32824	ERR011349_MEGAHIT_TaxVamb.2
k79_33276	ERR011349_MEGAHIT_TaxVamb.2
k79_33432	ERR011349_MEGAHIT_TaxVamb.2
k79_33487	ERR011349_MEGAHIT_TaxVamb.2
k79_33671	ERR011349_MEGAHIT_TaxVamb.2
k79_33685	ERR011349_MEGAHIT_TaxVamb.2
k79_33749	ERR011349_MEGAHIT_TaxVamb.2
k79_33807	ERR011349_MEGAHIT_TaxVamb.2
k79_33821	ERR011349_MEGAHIT_TaxVamb.2
k79_33900	ERR011349_MEGAHIT_TaxVamb.2
k79_33917	ERR011349_MEGAHIT_TaxVamb.2
k79_33981	ERR011349_MEGAHIT_TaxVamb.2
k79_33998	ERR011349_MEGAHIT_TaxVamb.2
k79_34004	ERR011349_MEGAHIT_TaxVamb.2
k79_34065	ERR011349_MEGAHIT_TaxVamb.2
k79_34112	ERR011349_MEGAHIT_TaxVamb.2
k79_34139	ERR011349_MEGAHIT_TaxVamb.2
k79_34242	ERR011349_MEGAHIT_TaxVamb.2
k79_34311	ERR011349_MEGAHIT_TaxVamb.2
k79_34367	ERR011349_MEGAHIT_TaxVamb.2
k79_34409	ERR011349_MEGAHIT_TaxVamb.2
k79_34590	ERR011349_MEGAHIT_TaxVamb.2
k79_34593	ERR011349_MEGAHIT_TaxVamb.2
k79_34725	ERR011349_MEGAHIT_TaxVamb.2
k79_34829	ERR011349_MEGAHIT_TaxVamb.2
k79_34983	ERR011349_MEGAHIT_TaxVamb.2
k79_35017	ERR011349_MEGAHIT_TaxVamb.2
k79_35219	ERR011349_MEGAHIT_TaxVamb.2
k79_35325	ERR011349_MEGAHIT_TaxVamb.2
k79_3537	ERR011349_MEGAHIT_TaxVamb.2
k79_35417	ERR011349_MEGAHIT_TaxVamb.2
k79_35466	ERR011349_MEGAHIT_TaxVamb.2
k79_35572	ERR011349_MEGAHIT_TaxVamb.2
k79_35632	ERR011349_MEGAHIT_TaxVamb.2
k79_35642	ERR011349_MEGAHIT_TaxVamb.2
k79_35771	ERR011349_MEGAHIT_TaxVamb.2
k79_35880	ERR011349_MEGAHIT_TaxVamb.2
k79_35913	ERR011349_MEGAHIT_TaxVamb.2
k79_3601	ERR011349_MEGAHIT_TaxVamb.2
k79_36086	ERR011349_MEGAHIT_TaxVamb.2
k79_36223	ERR011349_MEGAHIT_TaxVamb.2
k79_36345	ERR011349_MEGAHIT_TaxVamb.2
k79_36356	ERR011349_MEGAHIT_TaxVamb.2
k79_3636	ERR011349_MEGAHIT_TaxVamb.2
k79_36400	ERR011349_MEGAHIT_TaxVamb.2
k79_36408	ERR011349_MEGAHIT_TaxVamb.2
k79_36470	ERR011349_MEGAHIT_TaxVamb.2
k79_36472	ERR011349_MEGAHIT_TaxVamb.2
k79_36557	ERR011349_MEGAHIT_TaxVamb.2
k79_3662	ERR011349_MEGAHIT_TaxVamb.2
k79_36635	ERR011349_MEGAHIT_TaxVamb.2
k79_3665	ERR011349_MEGAHIT_TaxVamb.2
k79_36680	ERR011349_MEGAHIT_TaxVamb.2
k79_36687	ERR011349_MEGAHIT_TaxVamb.2
k79_36740	ERR011349_MEGAHIT_TaxVamb.2
k79_4002	ERR011349_MEGAHIT_TaxVamb.2
k79_4221	ERR011349_MEGAHIT_TaxVamb.2
k79_4224	ERR011349_MEGAHIT_TaxVamb.2
k79_4229	ERR011349_MEGAHIT_TaxVamb.2
k79_4370	ERR011349_MEGAHIT_TaxVamb.2
k79_4402	ERR011349_MEGAHIT_TaxVamb.2
k79_4406	ERR011349_MEGAHIT_TaxVamb.2
k79_4580	ERR011349_MEGAHIT_TaxVamb.2
k79_463	ERR011349_MEGAHIT_TaxVamb.2
k79_5092	ERR011349_MEGAHIT_TaxVamb.2
k79_5125	ERR011349_MEGAHIT_TaxVamb.2
k79_5182	ERR011349_MEGAHIT_TaxVamb.2
k79_5198	ERR011349_MEGAHIT_TaxVamb.2
k79_529	ERR011349_MEGAHIT_TaxVamb.2
k79_54	ERR011349_MEGAHIT_TaxVamb.2
k79_5476	ERR011349_MEGAHIT_TaxVamb.2
k79_5504	ERR011349_MEGAHIT_TaxVamb.2
k79_5591	ERR011349_MEGAHIT_TaxVamb.2
k79_5596	ERR011349_MEGAHIT_TaxVamb.2
k79_5635	ERR011349_MEGAHIT_TaxVamb.2
k79_5649	ERR011349_MEGAHIT_TaxVamb.2
k79_5812	ERR011349_MEGAHIT_TaxVamb.2
k79_5857	ERR011349_MEGAHIT_TaxVamb.2
k79_5982	ERR011349_MEGAHIT_TaxVamb.2
k79_6080	ERR011349_MEGAHIT_TaxVamb.2
k79_6156	ERR011349_MEGAHIT_TaxVamb.2
k79_626	ERR011349_MEGAHIT_TaxVamb.2
k79_6293	ERR011349_MEGAHIT_TaxVamb.2
k79_651	ERR011349_MEGAHIT_TaxVamb.2
k79_6572	ERR011349_MEGAHIT_TaxVamb.2
k79_6577	ERR011349_MEGAHIT_TaxVamb.2
k79_6681	ERR011349_MEGAHIT_TaxVamb.2
k79_6940	ERR011349_MEGAHIT_TaxVamb.2
k79_7085	ERR011349_MEGAHIT_TaxVamb.2
k79_7388	ERR011349_MEGAHIT_TaxVamb.2
k79_7459	ERR011349_MEGAHIT_TaxVamb.2
k79_746	ERR011349_MEGAHIT_TaxVamb.2
k79_7531	ERR011349_MEGAHIT_TaxVamb.2
k79_7675	ERR011349_MEGAHIT_TaxVamb.2
k79_7681	ERR011349_MEGAHIT_TaxVamb.2
k79_7799	ERR011349_MEGAHIT_TaxVamb.2
k79_7859	ERR011349_MEGAHIT_TaxVamb.2
k79_7880	ERR011349_MEGAHIT_TaxVamb.2
k79_7947	ERR011349_MEGAHIT_TaxVamb.2
k79_7949	ERR011349_MEGAHIT_TaxVamb.2
k79_7958	ERR011349_MEGAHIT_TaxVamb.2
k79_8041	ERR011349_MEGAHIT_TaxVamb.2
k79_8122	ERR011349_MEGAHIT_TaxVamb.2
k79_8128	ERR011349_MEGAHIT_TaxVamb.2
k79_8548	ERR011349_MEGAHIT_TaxVamb.2
k79_8663	ERR011349_MEGAHIT_TaxVamb.2
k79_8732	ERR011349_MEGAHIT_TaxVamb.2
k79_8736	ERR011349_MEGAHIT_TaxVamb.2
k79_8766	ERR011349_MEGAHIT_TaxVamb.2
k79_8769	ERR011349_MEGAHIT_TaxVamb.2
k79_9021	ERR011349_MEGAHIT_TaxVamb.2
k79_9219	ERR011349_MEGAHIT_TaxVamb.2
k79_9656	ERR011349_MEGAHIT_TaxVamb.2
k79_9815	ERR011349_MEGAHIT_TaxVamb.2
k79_9816	ERR011349_MEGAHIT_TaxVamb.2
k79_9827	ERR011349_MEGAHIT_TaxVamb.2
k79_9889	ERR011349_MEGAHIT_TaxVamb.2
k79_10462	ERR011349_MEGAHIT_TaxVamb.1
k79_10604	ERR011349_MEGAHIT_TaxVamb.1
k79_10641	ERR011349_MEGAHIT_TaxVamb.1
k79_10805	ERR011349_MEGAHIT_TaxVamb.1
k79_1106	ERR011349_MEGAHIT_TaxVamb.1
k79_11303	ERR011349_MEGAHIT_TaxVamb.1
k79_11485	ERR011349_MEGAHIT_TaxVamb.1
k79_11598	ERR011349_MEGAHIT_TaxVamb.1
k79_11985	ERR011349_MEGAHIT_TaxVamb.1
k79_12065	ERR011349_MEGAHIT_TaxVamb.1
k79_12107	ERR011349_MEGAHIT_TaxVamb.1
k79_12775	ERR011349_MEGAHIT_TaxVamb.1
k79_13088	ERR011349_MEGAHIT_TaxVamb.1
k79_13355	ERR011349_MEGAHIT_TaxVamb.1
k79_15141	ERR011349_MEGAHIT_TaxVamb.1
k79_15523	ERR011349_MEGAHIT_TaxVamb.1
k79_16821	ERR011349_MEGAHIT_TaxVamb.1
k79_17817	ERR011349_MEGAHIT_TaxVamb.1
k79_18541	ERR011349_MEGAHIT_TaxVamb.1
k79_19581	ERR011349_MEGAHIT_TaxVamb.1
k79_20005	ERR011349_MEGAHIT_TaxVamb.1
k79_21281	ERR011349_MEGAHIT_TaxVamb.1
k79_22430	ERR011349_MEGAHIT_TaxVamb.1
k79_22524	ERR011349_MEGAHIT_TaxVamb.1
k79_22821	ERR011349_MEGAHIT_TaxVamb.1
k79_22831	ERR011349_MEGAHIT_TaxVamb.1
k79_22856	ERR011349_MEGAHIT_TaxVamb.1
k79_23054	ERR011349_MEGAHIT_TaxVamb.1
k79_234	ERR011349_MEGAHIT_TaxVamb.1
k79_23856	ERR011349_MEGAHIT_TaxVamb.1
k79_24272	ERR011349_MEGAHIT_TaxVamb.1
k79_24903	ERR011349_MEGAHIT_TaxVamb.1
k79_25608	ERR011349_MEGAHIT_TaxVamb.1
k79_26035	ERR011349_MEGAHIT_TaxVamb.1
k79_26306	ERR011349_MEGAHIT_TaxVamb.1
k79_26449	ERR011349_MEGAHIT_TaxVamb.1
k79_26569	ERR011349_MEGAHIT_TaxVamb.1
k79_26676	ERR011349_MEGAHIT_TaxVamb.1
k79_26973	ERR011349_MEGAHIT_TaxVamb.1
k79_2711	ERR011349_MEGAHIT_TaxVamb.1
k79_28337	ERR011349_MEGAHIT_TaxVamb.1
k79_28355	ERR011349_MEGAHIT_TaxVamb.1
k79_29296	ERR011349_MEGAHIT_TaxVamb.1
k79_29424	ERR011349_MEGAHIT_TaxVamb.1
k79_29554	ERR011349_MEGAHIT_TaxVamb.1
k79_29916	ERR011349_MEGAHIT_TaxVamb.1
k79_29998	ERR011349_MEGAHIT_TaxVamb.1
k79_30054	ERR011349_MEGAHIT_TaxVamb.1
k79_31847	ERR011349_MEGAHIT_TaxVamb.1
k79_34309	ERR011349_MEGAHIT_TaxVamb.1
k79_34502	ERR011349_MEGAHIT_TaxVamb.1
k79_34666	ERR011349_MEGAHIT_TaxVamb.1
k79_35160	ERR011349_MEGAHIT_TaxVamb.1
k79_3611	ERR011349_MEGAHIT_TaxVamb.1
k79_4342	ERR011349_MEGAHIT_TaxVamb.1
k79_4623	ERR011349_MEGAHIT_TaxVamb.1
k79_6663	ERR011349_MEGAHIT_TaxVamb.1
k79_708	ERR011349_MEGAHIT_TaxVamb.1
k79_7084	ERR011349_MEGAHIT_TaxVamb.1
k79_7394	ERR011349_MEGAHIT_TaxVamb.1
k79_7464	ERR011349_MEGAHIT_TaxVamb.1
k79_7475	ERR011349_MEGAHIT_TaxVamb.1
k79_7533	ERR011349_MEGAHIT_TaxVamb.1
k79_7769	ERR011349_MEGAHIT_TaxVamb.1
k79_7913	ERR011349_MEGAHIT_TaxVamb.1
k79_8141	ERR011349_MEGAHIT_TaxVamb.1
k79_8815	ERR011349_MEGAHIT_TaxVamb.1
k79_8866	ERR011349_MEGAHIT_TaxVamb.1
k79_8893	ERR011349_MEGAHIT_TaxVamb.1
k79_953	ERR011349_MEGAHIT_TaxVamb.1
k79_9552	ERR011349_MEGAHIT_TaxVamb.1
k79_10017	unbinned
k79_10025	unbinned
k79_10128	unbinned
k79_10155	unbinned
k79_10183	unbinned
k79_10218	unbinned
k79_10231	unbinned
k79_1024	unbinned
k79_10252	unbinned
k79_10263	unbinned
k79_10324	unbinned
k79_10426	unbinned
k79_1057	unbinned
k79_10575	unbinned
k79_10582	unbinned
k79_1062	unbinned
k79_10646	unbinned
k79_10747	unbinned
k79_10768	unbinned
k79_108	unbinned
k79_10812	unbinned
k79_10829	unbinned
k79_10870	unbinned
k79_10879	unbinned
k79_10920	unbinned
k79_10933	unbinned
k79_11004	unbinned
k79_11075	unbinned
k79_11083	unbinned
k79_11108	unbinned
k79_11132	unbinned
k79_11144	unbinned
k79_11155	unbinned
k79_11222	unbinned
k79_11274	unbinned
k79_11324	unbinned
k79_11348	unbinned
k79_11375	unbinned
k79_11470	unbinned
k79_11522	unbinned
k79_11529	unbinned
k79_11661	unbinned
k79_11667	unbinned
k79_11681	unbinned
k79_11695	unbinned
k79_117	unbinned
k79_11850	unbinned
k79_11963	unbinned
k79_12078	unbinned
k79_12257	unbinned
k79_12284	unbinned
k79_123	unbinned
k79_12343	unbinned
k79_12398	unbinned
k79_12412	unbinned
k79_12459	unbinned
k79_12466	unbinned
k79_12492	unbinned
k79_12496	unbinned
k79_12563	unbinned
k79_12566	unbinned
k79_12710	unbinned
k79_12799	unbinned
k79_12833	unbinned
k79_12918	unbinned
k79_12920	unbinned
k79_12973	unbinned
k79_12987	unbinned
k79_13003	unbinned
k79_13103	unbinned
k79_13153	unbinned
k79_13202	unbinned
k79_13236	unbinned
k79_13302	unbinned
k79_13319	unbinned
k79_13457	unbinned
k79_13478	unbinned
k79_1349	unbinned
k79_13513	unbinned
k79_13566	unbinned
k79_13581	unbinned
k79_1365	unbinned
k79_13719	unbinned
k79_13763	unbinned
k79_13834	unbinned
k79_13843	unbinned
k79_13867	unbinned
k79_13883	unbinned
k79_14010	unbinned
k79_14021	unbinned
k79_14380	unbinned
k79_14424	unbinned
k79_1444	unbinned
k79_14581	unbinned
k79_14582	unbinned
k79_14656	unbinned
k79_14706	unbinned
k79_14710	unbinned
k79_14759	unbinned
k79_14784	unbinned
k79_14799	unbinned
k79_14831	unbinned
k79_14918	unbinned
k79_14977	unbinned
k79_14991	unbinned
k79_15120	unbinned
k79_15176	unbinned
k79_15268	unbinned
k79_15288	unbinned
k79_15313	unbinned
k79_15346	unbinned
k79_15397	unbinned
k79_15493	unbinned
k79_15558	unbinned
k79_15629	unbinned
k79_15743	unbinned
k79_15756	unbinned
k79_15790	unbinned
k79_15894	unbinned
k79_15967	unbinned
k79_16151	unbinned
k79_16154	unbinned
k79_16188	unbinned
k79_16412	unbinned
k79_16419	unbinned
k79_16472	unbinned
k79_16502	unbinned
k79_16529	unbinned
k79_16611	unbinned
k79_16614	unbinned
k79_16648	unbinned
k79_16785	unbinned
k79_1679	unbinned
k79_16807	unbinned
k79_16855	unbinned
k79_16903	unbinned
k79_16939	unbinned
k79_1695	unbinned
k79_16950	unbinned
k79_16961	unbinned
k79_16970	unbinned
k79_17023	unbinned
k79_17029	unbinned
k79_17036	unbinned
k79_17103	unbinned
k79_17268	unbinned
k79_17303	unbinned
k79_17328	unbinned
k79_17346	unbinned
k79_17437	unbinned
k79_17455	unbinned
k79_17456	unbinned
k79_17508	unbinned
k79_17527	unbinned
k79_17548	unbinned
k79_176	unbinned
k79_17602	unbinned
k79_17628	unbinned
k79_17649	unbinned
k79_17667	unbinned
k79_17715	unbinned
k79_17721	unbinned
k79_1774	unbinned
k79_1775	unbinned
k79_17852	unbinned
k79_17867	unbinned
k79_17918	unbinned
k79_17939	unbinned
k79_17977	unbinned
k79_18025	unbinned
k79_18128	unbinned
k79_18240	unbinned
k79_18333	unbinned
k79_18358	unbinned
k79_18361	unbinned
k79_18456	unbinned
k79_18472	unbinned
k79_18507	unbinned
k79_18598	unbinned
k79_18663	unbinned
k79_18688	unbinned
k79_18733	unbinned
k79_18748	unbinned
k79_18874	unbinned
k79_18898	unbinned
k79_18933	unbinned
k79_18936	unbinned
k79_18994	unbinned
k79_19076	unbinned
k79_19086	unbinned
k79_19106	unbinned
k79_1911	unbinned
k79_19116	unbinned
k79_19225	unbinned
k79_19238	unbinned
k79_19250	unbinned
k79_19299	unbinned
k79_19375	unbinned
k79_19381	unbinned
k79_19388	unbinned
k79_19430	unbinned
k79_19465	unbinned
k79_19500	unbinned
k79_1952	unbinned
k79_19522	unbinned
k79_19619	unbinned
k79_1962	unbinned
k79_19683	unbinned
k79_19698	unbinned
k79_19768	unbinned
k79_19785	unbinned
k79_19846	unbinned
k79_19908	unbinned
k79_19909	unbinned
k79_1997	unbinned
k79_20000	unbinned
k79_20055	unbinned
k79_20241	unbinned
k79_20251	unbinned
k79_20258	unbinned
k79_20271	unbinned
k79_2030	unbinned
k79_20312	unbinned
k79_20323	unbinned
k79_20352	unbinned
k79_20390	unbinned
k79_20431	unbinned
k79_20490	unbinned
k79_20535	unbinned
k79_20573	unbinned
k79_20577	unbinned
k79_20631	unbinned
k79_20680	unbinned
k79_20793	unbinned
k79_2096	unbinned
k79_21044	unbinned
k79_21055	unbinned
k79_21111	unbinned
k79_2116	unbinned
k79_2121	unbinned
k79_21257	unbinned
k79_21339	unbinned
k79_21611	unbinned
k79_21687	unbinned
k79_21755	unbinned
k79_2192	unbinned
k79_21925	unbinned
k79_21967	unbinned
k79_2209	unbinned
k79_22181	unbinned
k79_22246	unbinned
k79_22422	unbinned
k79_22496	unbinned
k79_22559	unbinned
k79_22573	unbinned
k79_22593	unbinned
k79_2260	unbinned
k79_22648	unbinned
k79_22664	unbinned
k79_22689	unbinned
k79_22690	unbinned
k79_22694	unbinned
k79_22703	unbinned
k79_22743	unbinned
k79_22803	unbinned
k79_22858	unbinned
k79_22872	unbinned
k79_22898	unbinned
k79_22922	unbinned
k79_22925	unbinned
k79_22937	unbinned
k79_22960	unbinned
k79_22988	unbinned
k79_2307	unbinned
k79_23088	unbinned
k79_23123	unbinned
k79_23125	unbinned
k79_23127	unbinned
k79_23128	unbinned
k79_23250	unbinned
k79_23258	unbinned
k79_23335	unbinned
k79_23376	unbinned
k79_23394	unbinned
k79_23460	unbinned
k79_2347	unbinned
k79_2350	unbinned
k79_23577	unbinned
k79_23633	unbinned
k79_23668	unbinned
k79_23676	unbinned
k79_23679	unbinned
k79_237	unbinned
k79_23792	unbinned
k79_23805	unbinned
k79_23853	unbinned
k79_23886	unbinned
k79_239	unbinned
k79_23918	unbinned
k79_23992	unbinned
k79_24004	unbinned
k79_24103	unbinned
k79_24132	unbinned
k79_24221	unbinned
k79_24230	unbinned
k79_24428	unbinned
k79_2445	unbinned
k79_24455	unbinned
k79_24466	unbinned
k79_24487	unbinned
k79_24488	unbinned
k79_24543	unbinned
k79_2458	unbinned
k79_24581	unbinned
k79_2466	unbinned
k79_24683	unbinned
k79_24684	unbinned
k79_24727	unbinned
k79_24810	unbinned
k79_24851	unbinned
k79_24853	unbinned
k79_24884	unbinned
k79_2509	unbinned
k79_25148	unbinned
k79_25163	unbinned
k79_25186	unbinned
k79_25248	unbinned
k79_25250	unbinned
k79_253	unbinned
k79_25332	unbinned
k79_25353	unbinned
k79_25393	unbinned
k79_25398	unbinned
k79_25414	unbinned
k79_25437	unbinned
k79_25466	unbinned
k79_25518	unbinned
k79_25549	unbinned
k79_25583	unbinned
k79_25591	unbinned
k79_25594	unbinned
k79_25653	unbinned
k79_25742	unbinned
k79_25844	unbinned
k79_2593	unbinned
k79_25984	unbinned
k79_26052	unbinned
k79_26087	unbinned
k79_26090	unbinned
k79_26097	unbinned
k79_26126	unbinned
k79_26272	unbinned
k79_26363	unbinned
k79_26526	unbinned
k79_26534	unbinned
k79_26582	unbinned
k79_26647	unbinned
k79_26667	unbinned
k79_26690	unbinned
k79_26699	unbinned
k79_26739	unbinned
k79_26753	unbinned
k79_26788	unbinned
k79_26819	unbinned
k79_26909	unbinned
k79_26950	unbinned
k79_26976	unbinned
k79_27041	unbinned
k79_27194	unbinned
k79_27220	unbinned
k79_27247	unbinned
k79_27273	unbinned
k79_27355	unbinned
k79_27372	unbinned
k79_27414	unbinned
k79_27433	unbinned
k79_27480	unbinned
k79_27633	unbinned
k79_27726	unbinned
k79_27817	unbinned
k79_27980	unbinned
k79_28018	unbinned
k79_28025	unbinned
k79_28033	unbinned
k79_28080	unbinned
k79_28216	unbinned
k79_28268	unbinned
k79_28313	unbinned
k79_2834	unbinned
k79_28342	unbinned
k79_2842	unbinned
k79_28459	unbinned
k79_28568	unbinned
k79_28590	unbinned
k79_28646	unbinned
k79_28653	unbinned
k79_28807	unbinned
k79_28841	unbinned
k79_28845	unbinned
k79_28861	unbinned
k79_28929	unbinned
k79_28953	unbinned
k79_28987	unbinned
k79_290	unbinned
k79_29037	unbinned
k79_29082	unbinned
k79_29088	unbinned
k79_29092	unbinned
k79_29125	unbinned
k79_29250	unbinned
k79_29361	unbinned
k79_29518	unbinned
k79_29530	unbinned
k79_29539	unbinned
k79_29584	unbinned
k79_29660	unbinned
k79_29665	unbinned
k79_2977	unbinned
k79_29801	unbinned
k79_2984	unbinned
k79_30	unbinned
k79_30053	unbinned
k79_30096	unbinned
k79_30148	unbinned
k79_30163	unbinned
k79_30174	unbinned
k79_30313	unbinned
k79_30323	unbinned
k79_30352	unbinned
k79_30412	unbinned
k79_30564	unbinned
k79_30566	unbinned
k79_30703	unbinned
k79_30741	unbinned
k79_30745	unbinned
k79_30768	unbinned
k79_30834	unbinned
k79_30953	unbinned
k79_30964	unbinned
k79_31038	unbinned
k79_31072	unbinned
k79_31117	unbinned
k79_31206	unbinned
k79_31218	unbinned
k79_31280	unbinned
k79_31319	unbinned
k79_31333	unbinned
k79_31398	unbinned
k79_31441	unbinned
k79_31442	unbinned
k79_31444	unbinned
k79_31483	unbinned
k79_31542	unbinned
k79_31729	unbinned
k79_3174	unbinned
k79_31741	unbinned
k79_31771	unbinned
k79_31773	unbinned
k79_31782	unbinned
k79_31796	unbinned
k79_31876	unbinned
k79_31903	unbinned
k79_31907	unbinned
k79_31962	unbinned
k79_31966	unbinned
k79_32034	unbinned
k79_32046	unbinned
k79_3217	unbinned
k79_32257	unbinned
k79_32258	unbinned
k79_32275	unbinned
k79_32280	unbinned
k79_32371	unbinned
k79_32441	unbinned
k79_32532	unbinned
k79_32620	unbinned
k79_3268	unbinned
k79_32769	unbinned
k79_32799	unbinned
k79_32843	unbinned
k79_32901	unbinned
k79_32935	unbinned
k79_32942	unbinned
k79_32986	unbinned
k79_33033	unbinned
k79_33112	unbinned
k79_33190	unbinned
k79_33202	unbinned
k79_33213	unbinned
k79_33252	unbinned
k79_3334	unbinned
k79_33451	unbinned
k79_33499	unbinned
k79_33580	unbinned
k79_33598	unbinned
k79_33728	unbinned
k79_33768	unbinned
k79_33781	unbinned
k79_33803	unbinned
k79_33820	unbinned
k79_33829	unbinned
k79_33888	unbinned
k79_33904	unbinned
k79_33952	unbinned
k79_33976	unbinned
k79_34121	unbinned
k79_34154	unbinned
k79_342	unbinned
k79_34233	unbinned
k79_34403	unbinned
k79_34425	unbinned
k79_34435	unbinned
k79_34449	unbinned
k79_3451	unbinned
k79_3461	unbinned
k79_34642	unbinned
k79_34671	unbinned
k79_34675	unbinned
k79_347	unbinned
k79_34832	unbinned
k79_34840	unbinned
k79_34881	unbinned
k79_34963	unbinned
k79_34971	unbinned
k79_35006	unbinned
k79_3504	unbinned
k79_3514	unbinned
k79_3520	unbinned
k79_35235	unbinned
k79_35300	unbinned
k79_35332	unbinned
k79_35358	unbinned
k79_35458	unbinned
k79_35519	unbinned
k79_35555	unbinned
k79_35634	unbinned
k79_35759	unbinned
k79_35766	unbinned
k79_358	unbinned
k79_35805	unbinned
k79_35837	unbinned
k79_35954	unbinned
k79_36007	unbinned
k79_36008	unbinned
k79_36048	unbinned
k79_36167	unbinned
k79_36236	unbinned
k79_36269	unbinned
k79_36414	unbinned
k79_36439	unbinned
k79_36515	unbinned
k79_36517	unbinned
k79_36524	unbinned
k79_36540	unbinned
k79_36556	unbinned
k79_36618	unbinned
k79_36673	unbinned
k79_36686	unbinned
k79_36744	unbinned
k79_36766	unbinned
k79_3716	unbinned
k79_3809	unbinned
k79_3861	unbinned
k79_3928	unbinned
k79_3937	unbinned
k79_3949	unbinned
k79_401	unbinned
k79_414	unbinned
k79_418	unbinned
k79_4192	unbinned
k79_4194	unbinned
k79_4212	unbinned
k79_4247	unbinned
k79_4329	unbinned
k79_4332	unbinned
k79_4349	unbinned
k79_4400	unbinned
k79_4405	unbinned
k79_4449	unbinned
k79_4646	unbinned
k79_4659	unbinned
k79_4677	unbinned
k79_4696	unbinned
k79_4709	unbinned
k79_4766	unbinned
k79_4770	unbinned
k79_4846	unbinned
k79_485	unbinned
k79_4857	unbinned
k79_4924	unbinned
k79_5070	unbinned
k79_5072	unbinned
k79_5121	unbinned
k79_5149	unbinned
k79_5180	unbinned
k79_5181	unbinned
k79_5269	unbinned
k79_5296	unbinned
k79_5318	unbinned
k79_5332	unbinned
k79_5339	unbinned
k79_5347	unbinned
k79_535	unbinned
k79_5357	unbinned
k79_5359	unbinned
k79_5364	unbinned
k79_5368	unbinned
k79_5384	unbinned
k79_5463	unbinned
k79_5564	unbinned
k79_5579	unbinned
k79_5622	unbinned
k79_5689	unbinned
k79_5701	unbinned
k79_5741	unbinned
k79_5758	unbinned
k79_5815	unbinned
k79_5825	unbinned
k79_5831	unbinned
k79_5900	unbinned
k79_5901	unbinned
k79_5911	unbinned
k79_5920	unbinned
k79_5977	unbinned
k79_607	unbinned
k79_6124	unbinned
k79_6176	unbinned
k79_6187	unbinned
k79_6275	unbinned
k79_6277	unbinned
k79_6324	unbinned
k79_6332	unbinned
k79_6443	unbinned
k79_6473	unbinned
k79_6514	unbinned
k79_6565	unbinned
k79_6591	unbinned
k79_6601	unbinned
k79_673	unbinned
k79_6805	unbinned
k79_6864	unbinned
k79_6865	unbinned
k79_7010	unbinned
k79_7055	unbinned
k79_7080	unbinned
k79_7122	unbinned
k79_7143	unbinned
k79_7199	unbinned
k79_7207	unbinned
k79_7222	unbinned
k79_7237	unbinned
k79_7248	unbinned
k79_7307	unbinned
k79_7398	unbinned
k79_7399	unbinned
k79_7422	unbinned
k79_7573	unbinned
k79_7623	unbinned
k79_7739	unbinned
k79_779	unbinned
k79_7798	unbinned
k79_7800	unbinned
k79_7843	unbinned
k79_7853	unbinned
k79_7981	unbinned
k79_8046	unbinned
k79_8080	unbinned
k79_8113	unbinned
k79_8174	unbinned
k79_8204	unbinned
k79_8217	unbinned
k79_8289	unbinned
k79_8302	unbinned
k79_8404	unbinned
k79_8457	unbinned
k79_849	unbinned
k79_8532	unbinned
k79_8537	unbinned
k79_8578	unbinned
k79_8624	unbinned
k79_8626	unbinned
k79_8707	unbinned
k79_8768	unbinned
k79_8791	unbinned
k79_8903	unbinned
k79_8974	unbinned
k79_8987	unbinned
k79_8988	unbinned
k79_9048	unbinned
k79_9063	unbinned
k79_9091	unbinned
k79_9095	unbinned
k79_9109	unbinned
k79_9145	unbinned
k79_9189	unbinned
k79_9212	unbinned
k79_9232	unbinned
k79_9328	unbinned
k79_934	unbinned
k79_9410	unbinned
k79_9467	unbinned
k79_9511	unbinned
k79_9534	unbinned
k79_9549	unbinned
k79_9576	unbinned
k79_9585	unbinned
k79_9610	unbinned
k79_9709	unbinned
k79_9755	unbinned
k79_9795	unbinned
k79_981	unbinned
k79_9966	unbinned
k79_10136	unbinned
k79_10230	unbinned
k79_10382	unbinned
k79_10780	unbinned
k79_10916	unbinned
k79_11071	unbinned
k79_11084	unbinned
k79_11102	unbinned
k79_11127	unbinned
k79_11200	unbinned
k79_11327	unbinned
k79_11557	unbinned
k79_11613	unbinned
k79_11779	unbinned
k79_11861	unbinned
k79_11882	unbinned
k79_11890	unbinned
k79_12018	unbinned
k79_12047	unbinned
k79_12187	unbinned
k79_12244	unbinned
k79_12279	unbinned
k79_12330	unbinned
k79_12446	unbinned
k79_12557	unbinned
k79_12623	unbinned
k79_12715	unbinned
k79_12835	unbinned
k79_12903	unbinned
k79_13083	unbinned
k79_13440	unbinned
k79_13641	unbinned
k79_13757	unbinned
k79_13765	unbinned
k79_13805	unbinned
k79_1384	unbinned
k79_13989	unbinned
k79_14084	unbinned
k79_14097	unbinned
k79_14098	unbinned
k79_1431	unbinned
k79_14526	unbinned
k79_14714	unbinned
k79_14814	unbinned
k79_14833	unbinned
k79_14910	unbinned
k79_14924	unbinned
k79_15095	unbinned
k79_15142	unbinned
k79_15416	unbinned
k79_15627	unbinned
k79_15811	unbinned
k79_15861	unbinned
k79_15893	unbinned
k79_16101	unbinned
k79_16131	unbinned
k79_16159	unbinned
k79_16379	unbinned
k79_17168	unbinned
k79_17280	unbinned
k79_17457	unbinned
k79_17573	unbinned
k79_17600	unbinned
k79_17691	unbinned
k79_17861	unbinned
k79_17896	unbinned
k79_17972	unbinned
k79_18021	unbinned
k79_18140	unbinned
k79_18276	unbinned
k79_18289	unbinned
k79_18430	unbinned
k79_18475	unbinned
k79_18594	unbinned
k79_18727	unbinned
k79_18772	unbinned
k79_18842	unbinned
k79_18905	unbinned
k79_19182	unbinned
k79_19245	unbinned
k79_1932	unbinned
k79_19541	unbinned
k79_19874	unbinned
k79_20028	unbinned
k79_20052	unbinned
k79_20105	unbinned
k79_20437	unbinned
k79_20466	unbinned
k79_2062	unbinned
k79_20686	unbinned
k79_20964	unbinned
k79_21078	unbinned
k79_21219	unbinned
k79_21229	unbinned
k79_21287	unbinned
k79_2133	unbinned
k79_21418	unbinned
k79_21483	unbinned
k79_2152	unbinned
k79_21548	unbinned
k79_21586	unbinned
k79_21633	unbinned
k79_21763	unbinned
k79_21847	unbinned
k79_22122	unbinned
k79_22217	unbinned
k79_22339	unbinned
k79_22512	unbinned
k79_22580	unbinned
k79_22685	unbinned
k79_22707	unbinned
k79_23058	unbinned
k79_23085	unbinned
k79_2313	unbinned
k79_23336	unbinned
k79_23438	unbinned
k79_23618	unbinned
k79_2382	unbinned
k79_23872	unbinned
k79_23909	unbinned
k79_2392	unbinned
k79_23934	unbinned
k79_23971	unbinned
k79_24040	unbinned
k79_24188	unbinned
k79_24244	unbinned
k79_24314	unbinned
k79_24743	unbinned
k79_24841	unbinned
k79_24912	unbinned
k79_25097	unbinned
k79_25263	unbinned
k79_25312	unbinned
k79_25379	unbinned
k79_25640	unbinned
k79_25810	unbinned
k79_25936	unbinned
k79_2608	unbinned
k79_26096	unbinned
k79_26155	unbinned
k79_26285	unbinned
k79_26358	unbinned
k79_26395	unbinned
k79_26702	unbinned
k79_26783	unbinned
k79_26811	unbinned
k79_2703	unbinned
k79_27193	unbinned
k79_27377	unbinned
k79_27530	unbinned
k79_2768	unbinned
k79_27994	unbinned
k79_2830	unbinned
k79_28733	unbinned
k79_28750	unbinned
k79_2888	unbinned
k79_28934	unbinned
k79_29039	unbinned
k79_29059	unbinned
k79_29116	unbinned
k79_29130	unbinned
k79_29184	unbinned
k79_29404	unbinned
k79_29569	unbinned
k79_29749	unbinned
k79_29885	unbinned
k79_29992	unbinned
k79_30064	unbinned
k79_30101	unbinned
k79_30161	unbinned
k79_30558	unbinned
k79_30573	unbinned
k79_30628	unbinned
k79_30784	unbinned
k79_30846	unbinned
k79_31198	unbinned
k79_31461	unbinned
k79_31583	unbinned
k79_31702	unbinned
k79_31838	unbinned
k79_31862	unbinned
k79_3214	unbinned
k79_32170	unbinned
k79_32244	unbinned
k79_32307	unbinned
k79_32341	unbinned
k79_32465	unbinned
k79_32644	unbinned
k79_32750	unbinned
k79_32775	unbinned
k79_32846	unbinned
k79_3295	unbinned
k79_32968	unbinned
k79_3310	unbinned
k79_33118	unbinned
k79_33170	unbinned
k79_33175	unbinned
k79_3341	unbinned
k79_33473	unbinned
k79_33477	unbinned
k79_33654	unbinned
k79_33683	unbinned
k79_33786	unbinned
k79_33855	unbinned
k79_33950	unbinned
k79_3420	unbinned
k79_34614	unbinned
k79_34729	unbinned
k79_34789	unbinned
k79_35082	unbinned
k79_35261	unbinned
k79_3545	unbinned
k79_35888	unbinned
k79_35890	unbinned
k79_35912	unbinned
k79_35919	unbinned
k79_35962	unbinned
k79_35999	unbinned
k79_3600	unbinned
k79_36000	unbinned
k79_36046	unbinned
k79_36171	unbinned
k79_36315	unbinned
k79_36454	unbinned
k79_36466	unbinned
k79_36570	unbinned
k79_36678	unbinned
k79_3709	unbinned
k79_3777	unbinned
k79_3835	unbinned
k79_3857	unbinned
k79_3888	unbinned
k79_3913	unbinned
k79_3921	unbinned
k79_3964	unbinned
k79_4010	unbinned
k79_4034	unbinned
k79_4087	unbinned
k79_4193	unbinned
k79_4242	unbinned
k79_4661	unbinned
k79_4673	unbinned
k79_4816	unbinned
k79_4870	unbinned
k79_4984	unbinned
k79_5274	unbinned
k79_5294	unbinned
k79_5370	unbinned
k79_5560	unbinned
k79_5566	unbinned
k79_5658	unbinned
k79_6060	unbinned
k79_6062	unbinned
k79_6077	unbinned
k79_6151	unbinned
k79_6387	unbinned
k79_6468	unbinned
k79_6499	unbinned
k79_6606	unbinned
k79_6669	unbinned
k79_6849	unbinned
k79_6853	unbinned
k79_6915	unbinned
k79_6973	unbinned
k79_7414	unbinned
k79_7430	unbinned
k79_759	unbinned
k79_7719	unbinned
k79_7804	unbinned
k79_8050	unbinned
k79_8105	unbinned
k79_8199	unbinned
k79_8234	unbinned
k79_8262	unbinned
k79_8393	unbinned
k79_847	unbinned
k79_8547	unbinned
k79_8632	unbinned
k79_8726	unbinned
k79_8832	unbinned
k79_8846	unbinned
k79_9046	unbinned
k79_9066	unbinned
k79_9466	unbinned
k79_9503	unbinned
k79_9628	unbinned
k79_9873	unbinned
k79_989	unbinned
k79_9974	unbinned
k79_13402	unbinned
k79_10126	unbinned
k79_14315	unbinned
k79_36707	unbinned
k79_10561	unbinned
k79_10650	unbinned
k79_11263	unbinned
k79_11815	unbinned
k79_12792	unbinned
k79_12947	unbinned
k79_13370	unbinned
k79_13781	unbinned
k79_14038	unbinned
k79_14243	unbinned
k79_15407	unbinned
k79_16492	unbinned
k79_18036	unbinned
k79_18737	unbinned
k79_21490	unbinned
k79_2191	unbinned
k79_22289	unbinned
k79_23991	unbinned
k79_27317	unbinned
k79_27981	unbinned
k79_28312	unbinned
k79_2872	unbinned
k79_29022	unbinned
k79_30233	unbinned
k79_30252	unbinned
k79_30369	unbinned
k79_30762	unbinned
k79_31813	unbinned
k79_31963	unbinned
k79_32591	unbinned
k79_33201	unbinned
k79_33601	unbinned
k79_35346	unbinned
k79_36080	unbinned
k79_6462	unbinned
k79_6762	unbinned
k79_6765	unbinned
k79_7086	unbinned
k79_7862	unbinned
k79_7942	unbinned
k79_8096	unbinned
k79_9485	unbinned
k79_10007	unbinned
k79_10045	unbinned
k79_10077	unbinned
k79_10122	unbinned
k79_10186	unbinned
k79_1019	unbinned
k79_10287	unbinned
k79_10296	unbinned
k79_10336	unbinned
k79_10338	unbinned
k79_10352	unbinned
k79_10428	unbinned
k79_10501	unbinned
k79_10518	unbinned
k79_10691	unbinned
k79_10784	unbinned
k79_10845	unbinned
k79_10929	unbinned
k79_10949	unbinned
k79_1097	unbinned
k79_11185	unbinned
k79_1125	unbinned
k79_11252	unbinned
k79_11340	unbinned
k79_11411	unbinned
k79_11517	unbinned
k79_11657	unbinned
k79_11668	unbinned
k79_11689	unbinned
k79_1169	unbinned
k79_11690	unbinned
k79_11762	unbinned
k79_11768	unbinned
k79_11782	unbinned
k79_11787	unbinned
k79_11801	unbinned
k79_11885	unbinned
k79_11894	unbinned
k79_11931	unbinned
k79_11946	unbinned
k79_11950	unbinned
k79_11969	unbinned
k79_12022	unbinned
k79_12036	unbinned
k79_12068	unbinned
k79_12235	unbinned
k79_12307	unbinned
k79_12323	unbinned
k79_12355	unbinned
k79_12484	unbinned
k79_12486	unbinned
k79_12494	unbinned
k79_12514	unbinned
k79_12553	unbinned
k79_12567	unbinned
k79_12600	unbinned
k79_1265	unbinned
k79_12765	unbinned
k79_12795	unbinned
k79_12813	unbinned
k79_12891	unbinned
k79_13032	unbinned
k79_13061	unbinned
k79_1322	unbinned
k79_1324	unbinned
k79_13368	unbinned
k79_13372	unbinned
k79_13388	unbinned
k79_13512	unbinned
k79_13640	unbinned
k79_13814	unbinned
k79_13828	unbinned
k79_13907	unbinned
k79_13916	unbinned
k79_13951	unbinned
k79_14020	unbinned
k79_14085	unbinned
k79_14174	unbinned
k79_14267	unbinned
k79_14274	unbinned
k79_14298	unbinned
k79_14503	unbinned
k79_14507	unbinned
k79_14529	unbinned
k79_14549	unbinned
k79_14558	unbinned
k79_14593	unbinned
k79_14613	unbinned
k79_14698	unbinned
k79_1474	unbinned
k79_14797	unbinned
k79_14908	unbinned
k79_14968	unbinned
k79_14979	unbinned
k79_15018	unbinned
k79_15071	unbinned
k79_15080	unbinned
k79_15118	unbinned
k79_15170	unbinned
k79_15202	unbinned
k79_15203	unbinned
k79_15226	unbinned
k79_15256	unbinned
k79_15285	unbinned
k79_15423	unbinned
k79_15439	unbinned
k79_15468	unbinned
k79_15473	unbinned
k79_15487	unbinned
k79_15512	unbinned
k79_15607	unbinned
k79_15646	unbinned
k79_15655	unbinned
k79_15683	unbinned
k79_15969	unbinned
k79_16009	unbinned
k79_16113	unbinned
k79_16115	unbinned
k79_16134	unbinned
k79_16141	unbinned
k79_16224	unbinned
k79_16232	unbinned
k79_16254	unbinned
k79_16275	unbinned
k79_16384	unbinned
k79_16391	unbinned
k79_16395	unbinned
k79_16428	unbinned
k79_16457	unbinned
k79_16462	unbinned
k79_1651	unbinned
k79_16547	unbinned
k79_16613	unbinned
k79_1682	unbinned
k79_16834	unbinned
k79_16924	unbinned
k79_16993	unbinned
k79_17049	unbinned
k79_17056	unbinned
k79_17128	unbinned
k79_17155	unbinned
k79_17174	unbinned
k79_17183	unbinned
k79_17190	unbinned
k79_17285	unbinned
k79_17370	unbinned
k79_17385	unbinned
k79_17400	unbinned
k79_17405	unbinned
k79_17424	unbinned
k79_17491	unbinned
k79_17518	unbinned
k79_17599	unbinned
k79_17613	unbinned
k79_17657	unbinned
k79_17705	unbinned
k79_17904	unbinned
k79_17981	unbinned
k79_1799	unbinned
k79_18028	unbinned
k79_18125	unbinned
k79_18137	unbinned
k79_18201	unbinned
k79_18297	unbinned
k79_18326	unbinned
k79_18349	unbinned
k79_18520	unbinned
k79_18579	unbinned
k79_18621	unbinned
k79_18632	unbinned
k79_18643	unbinned
k79_18696	unbinned
k79_18793	unbinned
k79_18875	unbinned
k79_1898	unbinned
k79_19008	unbinned
k79_19011	unbinned
k79_19173	unbinned
k79_19240	unbinned
k79_19272	unbinned
k79_19286	unbinned
k79_1929	unbinned
k79_19331	unbinned
k79_19426	unbinned
k79_19487	unbinned
k79_1950	unbinned
k79_1966	unbinned
k79_19702	unbinned
k79_19747	unbinned
k79_19749	unbinned
k79_19918	unbinned
k79_19986	unbinned
k79_2001	unbinned
k79_20020	unbinned
k79_20124	unbinned
k79_20157	unbinned
k79_20176	unbinned
k79_20240	unbinned
k79_20303	unbinned
k79_20333	unbinned
k79_20360	unbinned
k79_2046	unbinned
k79_20500	unbinned
k79_20554	unbinned
k79_20615	unbinned
k79_20646	unbinned
k79_20754	unbinned
k79_20843	unbinned
k79_20848	unbinned
k79_20918	unbinned
k79_20924	unbinned
k79_20926	unbinned
k79_20930	unbinned
k79_20979	unbinned
k79_21018	unbinned
k79_21086	unbinned
k79_21201	unbinned
k79_21211	unbinned
k79_21329	unbinned
k79_21394	unbinned
k79_21406	unbinned
k79_21437	unbinned
k79_21442	unbinned
k79_21488	unbinned
k79_21562	unbinned
k79_21701	unbinned
k79_21724	unbinned
k79_21760	unbinned
k79_21786	unbinned
k79_21790	unbinned
k79_21851	unbinned
k79_21905	unbinned
k79_21908	unbinned
k79_21948	unbinned
k79_21978	unbinned
k79_22062	unbinned
k79_22090	unbinned
k79_22127	unbinned
k79_22156	unbinned
k79_22171	unbinned
k79_22196	unbinned
k79_22211	unbinned
k79_22258	unbinned
k79_22293	unbinned
k79_22317	unbinned
k79_22320	unbinned
k79_22338	unbinned
k79_22360	unbinned
k79_22363	unbinned
k79_22621	unbinned
k79_22669	unbinned
k79_22708	unbinned
k79_22741	unbinned
k79_22813	unbinned
k79_22919	unbinned
k79_22957	unbinned
k79_23001	unbinned
k79_23158	unbinned
k79_23173	unbinned
k79_23188	unbinned
k79_23256	unbinned
k79_23269	unbinned
k79_23270	unbinned
k79_23301	unbinned
k79_23341	unbinned
k79_23352	unbinned
k79_23362	unbinned
k79_23364	unbinned
k79_23373	unbinned
k79_23436	unbinned
k79_23441	unbinned
k79_23505	unbinned
k79_23508	unbinned
k79_23514	unbinned
k79_2353	unbinned
k79_23559	unbinned
k79_23574	unbinned
k79_23638	unbinned
k79_2369	unbinned
k79_23717	unbinned
k79_2375	unbinned
k79_23788	unbinned
k79_23795	unbinned
k79_2384	unbinned
k79_23863	unbinned
k79_23913	unbinned
k79_23920	unbinned
k79_23995	unbinned
k79_24000	unbinned
k79_24050	unbinned
k79_24078	unbinned
k79_24113	unbinned
k79_24152	unbinned
k79_24179	unbinned
k79_24202	unbinned
k79_24247	unbinned
k79_24259	unbinned
k79_24267	unbinned
k79_24284	unbinned
k79_24341	unbinned
k79_24506	unbinned
k79_24532	unbinned
k79_24651	unbinned
k79_24662	unbinned
k79_24716	unbinned
k79_24751	unbinned
k79_24752	unbinned
k79_24780	unbinned
k79_2483	unbinned
k79_24859	unbinned
k79_24963	unbinned
k79_24972	unbinned
k79_24997	unbinned
k79_25033	unbinned
k79_25170	unbinned
k79_25261	unbinned
k79_25329	unbinned
k79_25486	unbinned
k79_25513	unbinned
k79_25602	unbinned
k79_25647	unbinned
k79_25698	unbinned
k79_25724	unbinned
k79_25782	unbinned
k79_26022	unbinned
k79_26243	unbinned
k79_26310	unbinned
k79_26401	unbinned
k79_26483	unbinned
k79_26508	unbinned
k79_26528	unbinned
k79_2659	unbinned
k79_26592	unbinned
k79_26597	unbinned
k79_26675	unbinned
k79_26713	unbinned
k79_26723	unbinned
k79_26765	unbinned
k79_26785	unbinned
k79_26828	unbinned
k79_26836	unbinned
k79_26862	unbinned
k79_26875	unbinned
k79_26954	unbinned
k79_26964	unbinned
k79_27072	unbinned
k79_2709	unbinned
k79_27170	unbinned
k79_27240	unbinned
k79_27272	unbinned
k79_27325	unbinned
k79_27333	unbinned
k79_27410	unbinned
k79_27420	unbinned
k79_27478	unbinned
k79_27650	unbinned
k79_27702	unbinned
k79_27719	unbinned
k79_27727	unbinned
k79_27780	unbinned
k79_27834	unbinned
k79_27851	unbinned
k79_27876	unbinned
k79_279	unbinned
k79_27944	unbinned
k79_27969	unbinned
k79_28071	unbinned
k79_28089	unbinned
k79_28119	unbinned
k79_28181	unbinned
k79_28317	unbinned
k79_28325	unbinned
k79_28345	unbinned
k79_28373	unbinned
k79_28385	unbinned
k79_28390	unbinned
k79_28393	unbinned
k79_2841	unbinned
k79_28421	unbinned
k79_28423	unbinned
k79_28456	unbinned
k79_28530	unbinned
k79_28562	unbinned
k79_28563	unbinned
k79_28586	unbinned
k79_28626	unbinned
k79_28706	unbinned
k79_28719	unbinned
k79_28725	unbinned
k79_28776	unbinned
k79_28793	unbinned
k79_28804	unbinned
k79_28812	unbinned
k79_2892	unbinned
k79_29008	unbinned
k79_29112	unbinned
k79_29133	unbinned
k79_29209	unbinned
k79_29234	unbinned
k79_29259	unbinned
k79_29269	unbinned
k79_2928	unbinned
k79_29284	unbinned
k79_29293	unbinned
k79_29371	unbinned
k79_29417	unbinned
k79_29430	unbinned
k79_29526	unbinned
k79_29534	unbinned
k79_29644	unbinned
k79_2966	unbinned
k79_29678	unbinned
k79_2969	unbinned
k79_29725	unbinned
k79_29754	unbinned
k79_29790	unbinned
k79_29872	unbinned
k79_29902	unbinned
k79_2992	unbinned
k79_29966	unbinned
k79_30039	unbinned
k79_30070	unbinned
k79_30189	unbinned
k79_30196	unbinned
k79_30347	unbinned
k79_3038	unbinned
k79_30407	unbinned
k79_30449	unbinned
k79_30475	unbinned
k79_30618	unbinned
k79_30655	unbinned
k79_30840	unbinned
k79_30879	unbinned
k79_30907	unbinned
k79_30954	unbinned
k79_31048	unbinned
k79_31195	unbinned
k79_31216	unbinned
k79_31223	unbinned
k79_31225	unbinned
k79_31245	unbinned
k79_31305	unbinned
k79_31323	unbinned
k79_31345	unbinned
k79_31350	unbinned
k79_31380	unbinned
k79_31430	unbinned
k79_31546	unbinned
k79_31806	unbinned
k79_31881	unbinned
k79_31915	unbinned
k79_31916	unbinned
k79_32003	unbinned
k79_32064	unbinned
k79_32090	unbinned
k79_32091	unbinned
k79_32123	unbinned
k79_32133	unbinned
k79_32138	unbinned
k79_32197	unbinned
k79_32210	unbinned
k79_32358	unbinned
k79_32386	unbinned
k79_3243	unbinned
k79_32467	unbinned
k79_32468	unbinned
k79_32496	unbinned
k79_32552	unbinned
k79_32685	unbinned
k79_32749	unbinned
k79_32857	unbinned
k79_32918	unbinned
k79_33037	unbinned
k79_33210	unbinned
k79_33239	unbinned
k79_33368	unbinned
k79_33442	unbinned
k79_33496	unbinned
k79_33522	unbinned
k79_33611	unbinned
k79_33705	unbinned
k79_3374	unbinned
k79_33771	unbinned
k79_33773	unbinned
k79_33787	unbinned
k79_33892	unbinned
k79_33897	unbinned
k79_33916	unbinned
k79_33962	unbinned
k79_33967	unbinned
k79_34018	unbinned
k79_34019	unbinned
k79_3404	unbinned
k79_34056	unbinned
k79_34120	unbinned
k79_34168	unbinned
k79_3419	unbinned
k79_34194	unbinned
k79_34197	unbinned
k79_34207	unbinned
k79_34212	unbinned
k79_34326	unbinned
k79_34347	unbinned
k79_34421	unbinned
k79_34439	unbinned
k79_34453	unbinned
k79_34455	unbinned
k79_34459	unbinned
k79_34483	unbinned
k79_34540	unbinned
k79_34571	unbinned
k79_34623	unbinned
k79_34625	unbinned
k79_34694	unbinned
k79_34818	unbinned
k79_34854	unbinned
k79_34876	unbinned
k79_34884	unbinned
k79_34902	unbinned
k79_34921	unbinned
k79_34949	unbinned
k79_34974	unbinned
k79_35065	unbinned
k79_35066	unbinned
k79_35094	unbinned
k79_35109	unbinned
k79_35117	unbinned
k79_35128	unbinned
k79_35207	unbinned
k79_35285	unbinned
k79_35359	unbinned
k79_35360	unbinned
k79_35367	unbinned
k79_35370	unbinned
k79_35715	unbinned
k79_35767	unbinned
k79_35779	unbinned
k79_35806	unbinned
k79_35819	unbinned
k79_35825	unbinned
k79_35848	unbinned
k79_35859	unbinned
k79_36025	unbinned
k79_36067	unbinned
k79_36071	unbinned
k79_3610	unbinned
k79_36161	unbinned
k79_36202	unbinned
k79_36245	unbinned
k79_36281	unbinned
k79_36282	unbinned
k79_3629	unbinned
k79_36330	unbinned
k79_36350	unbinned
k79_36376	unbinned
k79_364	unbinned
k79_36423	unbinned
k79_36452	unbinned
k79_36485	unbinned
k79_36608	unbinned
k79_36625	unbinned
k79_3664	unbinned
k79_36643	unbinned
k79_36675	unbinned
k79_36710	unbinned
k79_36711	unbinned
k79_36719	unbinned
k79_36742	unbinned
k79_371	unbinned
k79_3745	unbinned
k79_3755	unbinned
k79_3763	unbinned
k79_3827	unbinned
k79_3941	unbinned
k79_3982	unbinned
k79_3999	unbinned
k79_4035	unbinned
k79_4109	unbinned
k79_4130	unbinned
k79_4174	unbinned
k79_4245	unbinned
k79_4324	unbinned
k79_4487	unbinned
k79_45	unbinned
k79_4552	unbinned
k79_4556	unbinned
k79_4641	unbinned
k79_4688	unbinned
k79_480	unbinned
k79_4839	unbinned
k79_4978	unbinned
k79_5049	unbinned
k79_5106	unbinned
k79_5123	unbinned
k79_521	unbinned
k79_5231	unbinned
k79_5272	unbinned
k79_5350	unbinned
k79_538	unbinned
k79_5418	unbinned
k79_5425	unbinned
k79_5449	unbinned
k79_5577	unbinned
k79_5615	unbinned
k79_564	unbinned
k79_5676	unbinned
k79_5824	unbinned
k79_5880	unbinned
k79_5984	unbinned
k79_6084	unbinned
k79_6087	unbinned
k79_6161	unbinned
k79_6191	unbinned
k79_6216	unbinned
k79_6242	unbinned
k79_6259	unbinned
k79_6352	unbinned
k79_6396	unbinned
k79_6401	unbinned
k79_6412	unbinned
k79_6579	unbinned
k79_6629	unbinned
k79_6688	unbinned
k79_6743	unbinned
k79_6862	unbinned
k79_6993	unbinned
k79_6995	unbinned
k79_7007	unbinned
k79_7038	unbinned
k79_7054	unbinned
k79_7166	unbinned
k79_7353	unbinned
k79_7403	unbinned
k79_7407	unbinned
k79_7417	unbinned
k79_7425	unbinned
k79_749	unbinned
k79_7504	unbinned
k79_7563	unbinned
k79_7630	unbinned
k79_7671	unbinned
k79_7710	unbinned
k79_7755	unbinned
k79_7829	unbinned
k79_8005	unbinned
k79_8064	unbinned
k79_8104	unbinned
k79_8228	unbinned
k79_8238	unbinned
k79_8255	unbinned
k79_834	unbinned
k79_841	unbinned
k79_8464	unbinned
k79_8466	unbinned
k79_8500	unbinned
k79_852	unbinned
k79_858	unbinned
k79_8596	unbinned
k79_8630	unbinned
k79_8633	unbinned
k79_8671	unbinned
k79_8853	unbinned
k79_8860	unbinned
k79_8883	unbinned
k79_891	unbinned
k79_9004	unbinned
k79_902	unbinned
k79_9092	unbinned
k79_9172	unbinned
k79_9269	unbinned
k79_9297	unbinned
k79_938	unbinned
k79_9384	unbinned
k79_9559	unbinned
k79_9621	unbinned
k79_9631	unbinned
k79_9684	unbinned
k79_9791	unbinned
k79_992	unbinned
k79_1018	unbinned
k79_10531	unbinned
k79_11259	unbinned
k79_11778	unbinned
k79_11867	unbinned
k79_12552	unbinned
k79_12719	unbinned
k79_1275	unbinned
k79_12943	unbinned
k79_13069	unbinned
k79_13279	unbinned
k79_13365	unbinned
k79_15371	unbinned
k79_15467	unbinned
k79_16563	unbinned
k79_16786	unbinned
k79_17466	unbinned
k79_18157	unbinned
k79_19001	unbinned
k79_20160	unbinned
k79_20622	unbinned
k79_21009	unbinned
k79_21038	unbinned
k79_21603	unbinned
k79_21683	unbinned
k79_21969	unbinned
k79_23418	unbinned
k79_23627	unbinned
k79_23727	unbinned
k79_2409	unbinned
k79_24433	unbinned
k79_24674	unbinned
k79_25168	unbinned
k79_25676	unbinned
k79_25878	unbinned
k79_28287	unbinned
k79_29070	unbinned
k79_29661	unbinned
k79_3043	unbinned
k79_31864	unbinned
k79_32144	unbinned
k79_33023	unbinned
k79_33230	unbinned
k79_3492	unbinned
k79_34923	unbinned
k79_35292	unbinned
k79_35456	unbinned
k79_35539	unbinned
k79_400	unbinned
k79_4645	unbinned
k79_5183	unbinned
k79_6600	unbinned
k79_7165	unbinned
k79_7208	unbinned
k79_753	unbinned
k79_7818	unbinned
k79_8333	unbinned
k79_924	unbinned
k79_9318	unbinned
k79_9982	unbinned
k79_2159	unbinned
k79_25112	unbinned
k79_10008	unbinned
k79_10346	unbinned
k79_10363	unbinned
k79_10475	unbinned
k79_10491	unbinned
k79_10629	unbinned
k79_11537	unbinned
k79_11552	unbinned
k79_118	unbinned
k79_11889	unbinned
k79_11929	unbinned
k79_12167	unbinned
k79_1217	unbinned
k79_12287	unbinned
k79_12348	unbinned
k79_12388	unbinned
k79_12389	unbinned
k79_13311	unbinned
k79_13603	unbinned
k79_13603	unbinned
k79_13835	unbinned
k79_13919	unbinned
k79_14025	unbinned
k79_14035	unbinned
k79_14510	unbinned
k79_14780	unbinned
k79_14892	unbinned
k79_14905	unbinned
k79_14928	unbinned
k79_15566	unbinned
k79_1557	unbinned
k79_15585	unbinned
k79_15924	unbinned
k79_15973	unbinned
k79_16256	unbinned
k79_16361	unbinned
k79_16400	unbinned
k79_16899	unbinned
k79_16899	unbinned
k79_17225	unbinned
k79_17865	unbinned
k79_17971	unbinned
k79_1827	unbinned
k79_18363	unbinned
k79_18457	unbinned
k79_18605	unbinned
k79_18881	unbinned
k79_18934	unbinned
k79_18954	unbinned
k79_19035	unbinned
k79_19131	unbinned
k79_19177	unbinned
k79_19395	unbinned
k79_1988	unbinned
k79_19885	unbinned
k79_19980	unbinned
k79_19985	unbinned
k79_20389	unbinned
k79_2063	unbinned
k79_20851	unbinned
k79_20891	unbinned
k79_20922	unbinned
k79_21512	unbinned
k79_21614	unbinned
k79_21632	unbinned
k79_21662	unbinned
k79_21984	unbinned
k79_21997	unbinned
k79_22286	unbinned
k79_22706	unbinned
k79_22765	unbinned
k79_2284	unbinned
k79_23090	unbinned
k79_2324	unbinned
k79_23398	unbinned
k79_23608	unbinned
k79_23884	unbinned
k79_24191	unbinned
k79_24561	unbinned
k79_24838	unbinned
k79_24917	unbinned
k79_25090	unbinned
k79_25491	unbinned
k79_25506	unbinned
k79_25868	unbinned
k79_25985	unbinned
k79_26418	unbinned
k79_2650	unbinned
k79_26688	unbinned
k79_26825	unbinned
k79_27062	unbinned
k79_27209	unbinned
k79_27212	unbinned
k79_27266	unbinned
k79_27655	unbinned
k79_27733	unbinned
k79_27849	unbinned
k79_27992	unbinned
k79_28050	unbinned
k79_28594	unbinned
k79_28768	unbinned
k79_2883	unbinned
k79_29083	unbinned
k79_29121	unbinned
k79_29583	unbinned
k79_29583	unbinned
k79_2973	unbinned
k79_29776	unbinned
k79_30116	unbinned
k79_30376	unbinned
k79_30633	unbinned
k79_31167	unbinned
k79_3142	unbinned
k79_31439	unbinned
k79_31580	unbinned
k79_3167	unbinned
k79_3184	unbinned
k79_31855	unbinned
k79_32002	unbinned
k79_32633	unbinned
k79_33217	unbinned
k79_33753	unbinned
k79_34093	unbinned
k79_34795	unbinned
k79_34798	unbinned
k79_3494	unbinned
k79_35102	unbinned
k79_35113	unbinned
k79_35301	unbinned
k79_3538	unbinned
k79_35481	unbinned
k79_35891	unbinned
k79_36186	unbinned
k79_36241	unbinned
k79_36298	unbinned
k79_36305	unbinned
k79_36346	unbinned
k79_36405	unbinned
k79_36560	unbinned
k79_3770	unbinned
k79_3818	unbinned
k79_3836	unbinned
k79_4118	unbinned
k79_4246	unbinned
k79_4395	unbinned
k79_4584	unbinned
k79_4596	unbinned
k79_4726	unbinned
k79_5258	unbinned
k79_5288	unbinned
k79_5328	unbinned
k79_5342	unbinned
k79_539	unbinned
k79_5536	unbinned
k79_5611	unbinned
k79_5625	unbinned
k79_5760	unbinned
k79_5919	unbinned
k79_5987	unbinned
k79_6166	unbinned
k79_6257	unbinned
k79_6383	unbinned
k79_6388	unbinned
k79_6610	unbinned
k79_6631	unbinned
k79_703	unbinned
k79_7272	unbinned
k79_7379	unbinned
k79_7442	unbinned
k79_7511	unbinned
k79_7649	unbinned
k79_7828	unbinned
k79_7902	unbinned
k79_7985	unbinned
k79_8108	unbinned
k79_8114	unbinned
k79_8157	unbinned
k79_8298	unbinned
k79_8402	unbinned
k79_8614	unbinned
k79_8795	unbinned
k79_8877	unbinned
k79_9556	unbinned
k79_9647	unbinned
k79_9872	unbinned
