clustername	contigname
1	k79_22831
1	k79_22524
1	k79_10604
1	k79_10462
1	k79_26449
1	k79_7769
1	k79_24272
1	k79_16821
1	k79_30054
1	k79_8893
1	k79_23856
1	k79_708
1	k79_21281
1	k79_8815
1	k79_4623
1	k79_12107
1	k79_26306
1	k79_29554
1	k79_17817
1	k79_29998
1	k79_26973
1	k79_15523
1	k79_7084
1	k79_8141
1	k79_25608
1	k79_4342
1	k79_19581
1	k79_2711
1	k79_12065
1	k79_29296
1	k79_22821
1	k79_8866
1	k79_20005
1	k79_953
1	k79_34502
1	k79_22430
1	k79_22856
1	k79_3611
1	k79_7475
1	k79_7913
1	k79_28355
1	k79_11598
1	k79_31847
1	k79_23054
1	k79_7533
1	k79_11485
1	k79_1106
1	k79_26569
1	k79_34666
1	k79_13088
1	k79_12775
1	k79_7394
1	k79_7464
1	k79_11303
1	k79_10805
1	k79_28337
1	k79_34309
1	k79_6663
1	k79_35160
1	k79_9552
1	k79_10641
1	k79_26676
1	k79_234
1	k79_18541
1	k79_29424
1	k79_24903
1	k79_29916
1	k79_11985
1	k79_26035
1	k79_13355
1	k79_15141
2	k79_4002
2	k79_20364
2	k79_11202
2	k79_10834
2	k79_30275
2	k79_18275
2	k79_8041
2	k79_30078
2	k79_33998
2	k79_29355
2	k79_13351
2	k79_8766
2	k79_22429
2	k79_9656
2	k79_15870
2	k79_23613
2	k79_26749
2	k79_272
2	k79_33900
2	k79_2824
2	k79_2257
2	k79_2897
2	k79_25303
2	k79_35466
2	k79_10894
2	k79_4224
2	k79_14881
2	k79_26162
2	k79_28885
2	k79_22531
2	k79_6681
2	k79_20682
2	k79_29620
2	k79_25370
2	k79_27381
2	k79_32560
2	k79_5635
2	k79_28074
2	k79_5596
2	k79_6293
2	k79_26225
2	k79_651
2	k79_32309
2	k79_12293
2	k79_54
2	k79_24269
2	k79_2974
2	k79_33917
2	k79_35219
2	k79_28493
2	k79_12426
2	k79_3152
2	k79_29047
2	k79_32364
2	k79_31724
2	k79_7388
2	k79_33981
2	k79_14466
2	k79_28197
2	k79_15563
2	k79_17726
2	k79_1220
2	k79_33276
2	k79_22057
2	k79_28739
2	k79_7947
2	k79_32281
2	k79_25003
2	k79_13369
2	k79_7880
2	k79_25519
2	k79_34829
2	k79_28523
2	k79_23897
2	k79_35913
2	k79_35417
2	k79_2561
2	k79_29807
2	k79_24276
2	k79_36408
2	k79_4402
2	k79_11586
2	k79_34311
2	k79_13930
2	k79_5182
2	k79_20907
2	k79_20128
2	k79_33685
2	k79_2527
2	k79_18023
2	k79_22843
2	k79_5504
2	k79_31385
2	k79_12249
2	k79_14242
2	k79_13884
2	k79_36470
2	k79_11776
2	k79_16181
2	k79_12597
2	k79_36086
2	k79_34590
2	k79_34409
2	k79_36557
2	k79_1073
2	k79_17596
2	k79_28860
2	k79_21536
2	k79_9021
2	k79_29913
2	k79_17149
2	k79_24005
2	k79_15524
2	k79_12805
2	k79_10073
2	k79_3636
2	k79_8732
2	k79_3662
2	k79_4580
2	k79_24826
2	k79_25658
2	k79_35632
2	k79_21239
2	k79_3601
2	k79_35572
2	k79_5125
2	k79_7531
2	k79_26637
2	k79_32681
2	k79_13384
2	k79_1935
2	k79_22309
2	k79_10354
2	k79_6577
2	k79_18742
2	k79_29967
2	k79_5649
2	k79_17828
2	k79_2760
2	k79_24313
2	k79_7459
2	k79_4229
2	k79_13756
2	k79_22321
2	k79_9219
2	k79_14618
2	k79_16506
2	k79_20142
2	k79_19849
2	k79_281
2	k79_23378
2	k79_20980
2	k79_11130
2	k79_26105
2	k79_31384
2	k79_26382
2	k79_7799
2	k79_33807
2	k79_29873
2	k79_31158
2	k79_4221
2	k79_5982
2	k79_21380
2	k79_15153
2	k79_28935
2	k79_13878
2	k79_36680
2	k79_24373
2	k79_22071
2	k79_143
2	k79_20357
2	k79_9816
2	k79_21480
2	k79_33671
2	k79_22411
2	k79_24438
2	k79_18446
2	k79_15078
2	k79_29351
2	k79_17560
2	k79_15912
2	k79_12460
2	k79_29973
2	k79_28999
2	k79_17809
2	k79_30450
2	k79_22389
2	k79_5857
2	k79_32084
2	k79_28898
2	k79_9815
2	k79_22252
2	k79_29242
2	k79_34242
2	k79_11754
2	k79_626
2	k79_8122
2	k79_31109
2	k79_2301
2	k79_6156
2	k79_29438
2	k79_20776
2	k79_14857
2	k79_17107
2	k79_3091
2	k79_26448
2	k79_13058
2	k79_26094
2	k79_34983
2	k79_16798
2	k79_36356
2	k79_28019
2	k79_3665
2	k79_8769
2	k79_12713
2	k79_27939
2	k79_18678
2	k79_30726
2	k79_33749
2	k79_13020
2	k79_26361
2	k79_23916
2	k79_26505
2	k79_19652
2	k79_25376
2	k79_25053
2	k79_21006
2	k79_10147
2	k79_35642
2	k79_18961
2	k79_33487
2	k79_2425
2	k79_30158
2	k79_25692
2	k79_7958
2	k79_34112
2	k79_20318
2	k79_24729
2	k79_21718
2	k79_15653
2	k79_14017
2	k79_34004
2	k79_463
2	k79_16311
2	k79_7675
2	k79_34139
2	k79_30610
2	k79_26199
2	k79_24306
2	k79_7859
2	k79_5198
2	k79_6572
2	k79_7085
2	k79_8736
2	k79_18263
2	k79_11105
2	k79_5092
2	k79_10425
2	k79_29507
2	k79_17233
2	k79_23084
2	k79_36740
2	k79_5812
2	k79_22218
2	k79_31123
2	k79_14250
2	k79_36345
2	k79_17025
2	k79_4406
2	k79_529
2	k79_34065
2	k79_35880
2	k79_22075
2	k79_19459
2	k79_15508
2	k79_30617
2	k79_3537
2	k79_22450
2	k79_7681
2	k79_33432
2	k79_16090
2	k79_35017
2	k79_36472
2	k79_29053
2	k79_22142
2	k79_32227
2	k79_5476
2	k79_23065
2	k79_1360
2	k79_28620
2	k79_36635
2	k79_27869
2	k79_746
2	k79_24080
2	k79_32537
2	k79_19197
2	k79_15928
2	k79_33821
2	k79_21737
2	k79_21392
2	k79_35771
2	k79_30034
2	k79_35325
2	k79_27782
2	k79_18807
2	k79_32824
2	k79_11532
2	k79_15783
2	k79_13685
2	k79_12469
2	k79_18517
2	k79_29252
2	k79_22709
2	k79_14477
2	k79_15638
2	k79_6940
2	k79_8663
2	k79_10862
2	k79_6080
2	k79_9827
2	k79_14290
2	k79_15630
2	k79_10598
2	k79_3202
2	k79_1356
2	k79_25841
2	k79_9889
2	k79_13892
2	k79_17618
2	k79_17951
2	k79_27515
2	k79_34367
2	k79_4370
2	k79_23119
2	k79_27458
2	k79_5591
2	k79_11531
2	k79_11535
2	k79_28391
2	k79_34593
2	k79_7949
2	k79_10749
2	k79_8548
2	k79_2125
2	k79_20455
2	k79_27093
2	k79_23642
2	k79_21027
2	k79_24217
2	k79_20259
2	k79_36400
2	k79_28609
2	k79_18238
2	k79_17343
2	k79_26202
2	k79_29752
2	k79_25310
2	k79_20837
2	k79_28792
2	k79_11496
2	k79_17163
2	k79_11103
2	k79_2176
2	k79_36223
2	k79_21248
2	k79_10099
2	k79_17666
2	k79_32186
2	k79_25816
2	k79_22585
2	k79_17710
2	k79_26722
2	k79_23765
2	k79_30462
2	k79_13747
2	k79_11064
2	k79_36687
2	k79_15275
2	k79_8128
2	k79_10208
2	k79_19810
2	k79_25986
2	k79_34725
2	k79_29642
3	k79_14315
4	k79_34449
4	k79_7798
4	k79_14010
4	k79_4709
4	k79_30566
4	k79_11529
4	k79_26976
4	k79_26739
4	k79_31966
4	k79_11083
4	k79_24230
4	k79_26363
4	k79_25398
4	k79_3217
4	k79_35954
4	k79_1679
4	k79_2347
4	k79_8289
4	k79_34971
4	k79_10920
4	k79_6443
4	k79_34154
4	k79_4332
4	k79_34675
4	k79_2209
4	k79_16151
4	k79_21611
4	k79_17918
4	k79_8903
4	k79_11108
4	k79_32799
4	k79_33820
4	k79_24103
4	k79_16529
4	k79_7853
4	k79_35766
4	k79_22573
4	k79_22988
4	k79_15967
4	k79_7199
4	k79_10829
4	k79_10218
4	k79_23668
4	k79_25250
4	k79_33213
4	k79_24004
4	k79_9232
4	k79_5920
4	k79_18933
4	k79_32275
4	k79_5901
4	k79_9048
4	k79_5368
4	k79_13302
4	k79_31542
4	k79_8578
4	k79_23676
4	k79_25518
4	k79_12566
4	k79_7739
4	k79_9109
4	k79_22703
4	k79_30745
4	k79_9534
4	k79_27817
4	k79_9511
4	k79_1952
4	k79_3937
4	k79_2977
4	k79_33888
4	k79_32532
4	k79_35235
4	k79_11004
4	k79_28268
4	k79_12257
4	k79_32935
4	k79_32046
4	k79_35634
4	k79_31072
4	k79_4766
4	k79_342
4	k79_17939
4	k79_28033
4	k79_8113
4	k79_28018
4	k79_20577
4	k79_22694
4	k79_13883
4	k79_8204
4	k79_5463
4	k79_8537
4	k79_10324
4	k79_22872
4	k79_8046
4	k79_11324
4	k79_28807
4	k79_6473
4	k79_33781
4	k79_29037
4	k79_6865
4	k79_24488
4	k79_22743
4	k79_10646
4	k79_15493
4	k79_3268
4	k79_17328
4	k79_16939
4	k79_2842
4	k79_5072
4	k79_2260
4	k79_1962
4	k79_23394
4	k79_7122
4	k79_31782
4	k79_9328
4	k79_19768
4	k79_36236
4	k79_7010
4	k79_31441
4	k79_12496
4	k79_23633
4	k79_14380
4	k79_34435
4	k79_13103
4	k79_14706
4	k79_23886
4	k79_30352
4	k79_34671
4	k79_5831
4	k79_30313
4	k79_17602
4	k79_21687
4	k79_4659
4	k79_36524
4	k79_31280
4	k79_15894
4	k79_4349
4	k79_8768
4	k79_5318
4	k79_36540
4	k79_7248
4	k79_20631
4	k79_22689
4	k79_8707
4	k79_3520
4	k79_17649
4	k79_25393
4	k79_16502
4	k79_31907
4	k79_23918
4	k79_7573
4	k79_17867
4	k79_19076
4	k79_8457
4	k79_26950
4	k79_23376
4	k79_31741
4	k79_30412
4	k79_33499
4	k79_7843
4	k79_26582
4	k79_18733
4	k79_24221
4	k79_14799
4	k79_31117
4	k79_26126
4	k79_10812
4	k79_15313
4	k79_3174
4	k79_30953
4	k79_12833
4	k79_6591
4	k79_16785
4	k79_19619
4	k79_12710
4	k79_239
4	k79_36008
4	k79_24853
4	k79_22664
4	k79_17456
4	k79_3504
4	k79_29801
4	k79_7623
4	k79_33768
4	k79_29082
4	k79_15268
4	k79_9576
4	k79_32843
4	k79_8404
4	k79_33190
4	k79_5296
4	k79_17036
4	k79_7307
4	k79_10183
4	k79_13319
4	k79_24487
4	k79_35458
4	k79_25437
4	k79_31876
4	k79_2458
4	k79_11695
4	k79_934
4	k79_16611
4	k79_24851
4	k79_19683
4	k79_1911
4	k79_7143
4	k79_30323
4	k79_16412
4	k79_33728
4	k79_14831
4	k79_17667
4	k79_12987
4	k79_23258
4	k79_22925
4	k79_26788
4	k79_14918
4	k79_5911
4	k79_18936
4	k79_13513
4	k79_5364
4	k79_16970
4	k79_3334
4	k79_28080
4	k79_24684
4	k79_2121
4	k79_17029
4	k79_18598
4	k79_35006
4	k79_485
4	k79_27980
4	k79_15176
4	k79_3461
4	k79_34642
4	k79_20390
4	k79_16614
4	k79_8174
4	k79_9467
4	k79_33033
4	k79_17715
4	k79_26699
4	k79_22922
4	k79_31333
4	k79_22648
4	k79_16419
4	k79_25583
4	k79_4329
4	k79_6324
4	k79_33202
4	k79_19785
4	k79_13581
4	k79_17628
4	k79_5070
4	k79_18358
4	k79_4247
4	k79_9063
4	k79_18874
4	k79_18898
4	k79_29665
4	k79_2350
4	k79_26909
4	k79_22246
4	k79_36686
4	k79_14784
4	k79_34840
4	k79_28646
4	k79_23679
4	k79_14656
4	k79_5758
4	k79_21339
4	k79_27355
4	k79_31398
4	k79_8080
4	k79_418
4	k79_2116
4	k79_5149
4	k79_11222
4	k79_26087
4	k79_31729
4	k79_8532
4	k79_9091
4	k79_981
4	k79_17527
4	k79_17977
4	k79_26097
4	k79_19381
4	k79_6565
4	k79_26647
4	k79_27480
4	k79_10870
4	k79_2445
4	k79_22559
4	k79_19522
4	k79_25844
4	k79_5741
4	k79_16154
4	k79_30
4	k79_20490
4	k79_10155
4	k79_5181
4	k79_11144
4	k79_26534
4	k79_13153
4	k79_21257
4	k79_36167
4	k79_26090
4	k79_18333
4	k79_3949
4	k79_22690
4	k79_10582
4	k79_33976
4	k79_15756
4	k79_31206
4	k79_12799
4	k79_36439
4	k79_5579
4	k79_10252
4	k79_6514
4	k79_19225
4	k79_36618
4	k79_28216
4	k79_28953
4	k79_17548
4	k79_15629
4	k79_25742
4	k79_4846
4	k79_32620
4	k79_1062
4	k79_20055
4	k79_27194
4	k79_36414
4	k79_36269
4	k79_10025
4	k79_15288
4	k79_34832
4	k79_30834
4	k79_3861
4	k79_32257
4	k79_31218
4	k79_28987
4	k79_34121
4	k79_22803
4	k79_29361
4	k79_28841
4	k79_18507
4	k79_34425
4	k79_30703
4	k79_29539
4	k79_20573
4	k79_3809
4	k79_36673
4	k79_23250
4	k79_358
4	k79_31319
4	k79_3928
4	k79_19430
4	k79_19846
4	k79_15397
4	k79_6805
4	k79_7080
4	k79_12973
4	k79_24428
4	k79_17508
4	k79_26819
4	k79_25332
4	k79_31962
4	k79_9709
4	k79_8302
4	k79_19500
4	k79_29530
4	k79_9212
4	k79_23125
4	k79_18361
4	k79_17455
4	k79_11963
4	k79_9189
4	k79_3716
4	k79_5564
4	k79_4212
4	k79_16961
4	k79_19375
4	k79_4770
4	k79_16807
4	k79_35837
4	k79_11850
4	k79_7398
4	k79_35759
4	k79_34233
4	k79_21755
4	k79_27247
4	k79_33803
4	k79_9610
4	k79_14021
4	k79_29088
4	k79_34403
4	k79_31796
4	k79_33829
4	k79_6187
4	k79_2307
4	k79_2834
4	k79_24543
4	k79_14759
4	k79_30964
4	k79_10128
4	k79_22593
4	k79_27433
4	k79_11075
4	k79_31444
4	k79_31483
4	k79_10768
4	k79_15790
4	k79_33451
4	k79_20793
4	k79_14424
4	k79_13457
4	k79_36744
4	k79_4696
4	k79_2192
4	k79_13202
4	k79_23805
4	k79_13003
4	k79_401
4	k79_18748
4	k79_23577
4	k79_23460
4	k79_25466
4	k79_7207
4	k79_20251
4	k79_31038
4	k79_22858
4	k79_5332
4	k79_19238
4	k79_290
4	k79_10575
4	k79_17721
4	k79_17346
4	k79_10747
4	k79_33904
4	k79_108
4	k79_10017
4	k79_35300
4	k79_20000
4	k79_1997
4	k79_20323
4	k79_27372
4	k79_176
4	k79_8974
4	k79_12563
4	k79_13719
4	k79_15120
4	k79_22181
4	k79_21967
4	k79_28025
4	k79_25148
4	k79_21111
4	k79_34881
4	k79_8987
4	k79_4449
4	k79_5900
4	k79_10879
4	k79_11155
4	k79_20312
4	k79_9549
4	k79_414
4	k79_19299
4	k79_5269
4	k79_11470
4	k79_5357
4	k79_19908
4	k79_7800
4	k79_21044
4	k79_30148
4	k79_22898
4	k79_18240
4	k79_16950
4	k79_4924
4	k79_5347
4	k79_30163
4	k79_2096
4	k79_673
4	k79_23992
4	k79_11132
4	k79_11348
4	k79_29250
4	k79_20352
4	k79_3514
4	k79_123
4	k79_14581
4	k79_1444
4	k79_29660
4	k79_9145
4	k79_18663
4	k79_19250
4	k79_2984
4	k79_33598
4	k79_13236
4	k79_22496
4	k79_32942
4	k79_36766
4	k79_5977
4	k79_36048
4	k79_347
4	k79_17437
4	k79_17023
4	k79_29584
4	k79_28342
4	k79_8217
4	k79_23853
4	k79_26690
4	k79_22422
4	k79_28929
4	k79_15346
4	k79_1774
4	k79_35358
4	k79_24455
4	k79_19388
4	k79_27041
4	k79_13834
4	k79_6176
4	k79_4646
4	k79_5359
4	k79_12284
4	k79_23128
4	k79_8791
4	k79_4857
4	k79_13566
4	k79_13867
4	k79_1349
4	k79_32441
4	k79_23335
4	k79_6332
4	k79_31771
4	k79_26052
4	k79_253
4	k79_1365
4	k79_26753
4	k79_24884
4	k79_26526
4	k79_12398
4	k79_23123
4	k79_29092
4	k79_36515
4	k79_12459
4	k79_17103
4	k79_28459
4	k79_3451
4	k79_32371
4	k79_33252
4	k79_24683
4	k79_25414
4	k79_26272
4	k79_17303
4	k79_1057
4	k79_12466
4	k79_17852
4	k79_32034
4	k79_7981
4	k79_29518
4	k79_20431
4	k79_35555
4	k79_9795
4	k79_25653
4	k79_14710
4	k79_6277
4	k79_31442
4	k79_18456
4	k79_19086
4	k79_7422
4	k79_5121
4	k79_17268
4	k79_5701
4	k79_1695
4	k79_16903
4	k79_4405
4	k79_11522
4	k79_1024
4	k79_607
4	k79_32986
4	k79_32258
4	k79_535
4	k79_9966
4	k79_9755
4	k79_10263
4	k79_25353
4	k79_5339
4	k79_27273
4	k79_8988
4	k79_18128
4	k79_23088
4	k79_4677
4	k79_29125
4	k79_10426
4	k79_32901
4	k79_10933
4	k79_30564
4	k79_6601
4	k79_6124
4	k79_7222
4	k79_12343
4	k79_20258
4	k79_13843
4	k79_30096
4	k79_11667
4	k79_20271
4	k79_14582
4	k79_117
4	k79_5825
4	k79_2509
4	k79_849
4	k79_35332
4	k79_21925
4	k79_13763
4	k79_9095
4	k79_12078
4	k79_5622
4	k79_33580
4	k79_18688
4	k79_5689
4	k79_13478
4	k79_19116
4	k79_28313
4	k79_27414
4	k79_20680
4	k79_28568
4	k79_25549
4	k79_35805
4	k79_30741
4	k79_779
4	k79_5180
4	k79_30174
4	k79_36517
4	k79_24727
4	k79_237
4	k79_11274
4	k79_12412
4	k79_26667
4	k79_22937
4	k79_12918
4	k79_9410
4	k79_14991
4	k79_23792
4	k79_16648
4	k79_6275
4	k79_18472
4	k79_25186
4	k79_25248
4	k79_16472
4	k79_6864
4	k79_12492
4	k79_28861
4	k79_2593
4	k79_7055
4	k79_14977
4	k79_4400
4	k79_30053
4	k79_34963
4	k79_25594
4	k79_20241
4	k79_23127
4	k79_27726
4	k79_36556
4	k79_28845
4	k79_24581
4	k79_5815
4	k79_19698
4	k79_18025
4	k79_24132
4	k79_10231
4	k79_30768
4	k79_18994
4	k79_1775
4	k79_28653
4	k79_2466
4	k79_25984
4	k79_28590
4	k79_35519
4	k79_16188
4	k79_19106
4	k79_21055
4	k79_25163
4	k79_8626
4	k79_32280
4	k79_32769
4	k79_12920
4	k79_4192
4	k79_11681
4	k79_19465
4	k79_15558
4	k79_36007
4	k79_16855
4	k79_8624
4	k79_7399
4	k79_20535
4	k79_27633
4	k79_33952
4	k79_19909
4	k79_27220
4	k79_31773
4	k79_11375
4	k79_15743
4	k79_4194
4	k79_7237
4	k79_5384
4	k79_31903
4	k79_11661
4	k79_24466
4	k79_2030
4	k79_25591
4	k79_33112
4	k79_22960
4	k79_24810
4	k79_9585
5	k79_33217
6	k79_27849
7	k79_7649
8	k79_12947
9	k79_36707
10	k79_27733
11	k79_6060
11	k79_8832
11	k79_1932
11	k79_10780
11	k79_33118
11	k79_4087
11	k79_19245
11	k79_6499
11	k79_20028
11	k79_3888
11	k79_2608
11	k79_8105
11	k79_13440
11	k79_19541
11	k79_15811
11	k79_24912
11	k79_6849
11	k79_29039
11	k79_3835
11	k79_19182
11	k79_11127
11	k79_31702
11	k79_759
11	k79_24314
11	k79_23618
11	k79_6387
11	k79_30101
11	k79_36678
11	k79_989
11	k79_2392
11	k79_4034
11	k79_27994
11	k79_16379
11	k79_26096
11	k79_5566
11	k79_21586
11	k79_26395
11	k79_16159
11	k79_33654
11	k79_21763
11	k79_23085
11	k79_3964
11	k79_29184
11	k79_35261
11	k79_9466
11	k79_2133
11	k79_8050
11	k79_30784
11	k79_13805
11	k79_24040
11	k79_33855
11	k79_34614
11	k79_11890
11	k79_25312
11	k79_30573
11	k79_36315
11	k79_15095
11	k79_25640
11	k79_4661
11	k79_7804
11	k79_17972
11	k79_16131
11	k79_12018
11	k79_18289
11	k79_30558
11	k79_25263
11	k79_3913
11	k79_12279
11	k79_12623
11	k79_31862
11	k79_14098
11	k79_18905
11	k79_9046
11	k79_30628
11	k79_32170
11	k79_12047
11	k79_11084
11	k79_12835
11	k79_4242
11	k79_13765
11	k79_2152
11	k79_8262
11	k79_2382
11	k79_13641
11	k79_7719
11	k79_11861
11	k79_21633
11	k79_5274
11	k79_3420
11	k79_32465
11	k79_9066
11	k79_3214
11	k79_21229
11	k79_17573
11	k79_9503
11	k79_6669
11	k79_11882
11	k79_14814
11	k79_35890
11	k79_2703
11	k79_32244
11	k79_9628
11	k79_16101
11	k79_6915
11	k79_2830
11	k79_14910
11	k79_23438
11	k79_35888
11	k79_3777
11	k79_10916
11	k79_31583
11	k79_29116
11	k79_22707
11	k79_5560
11	k79_22685
11	k79_6151
11	k79_33170
11	k79_18594
11	k79_26702
11	k79_20052
11	k79_4984
11	k79_9974
11	k79_15416
11	k79_15627
11	k79_20466
11	k79_36454
11	k79_19874
11	k79_20437
11	k79_21078
11	k79_22580
11	k79_32307
11	k79_21548
11	k79_15861
11	k79_29749
11	k79_36466
11	k79_21219
11	k79_4010
11	k79_8846
11	k79_12903
11	k79_24841
11	k79_21418
11	k79_8393
11	k79_3295
11	k79_17280
11	k79_12446
11	k79_32775
11	k79_1384
11	k79_22217
11	k79_22339
11	k79_12244
11	k79_4870
11	k79_11200
11	k79_23336
11	k79_18475
11	k79_10230
11	k79_33477
11	k79_14084
11	k79_10382
11	k79_14924
11	k79_11102
11	k79_29885
11	k79_32968
11	k79_12715
11	k79_35919
11	k79_17600
11	k79_4193
11	k79_18021
11	k79_27193
11	k79_11071
11	k79_36000
11	k79_26783
11	k79_29404
11	k79_6468
11	k79_33473
11	k79_8199
11	k79_11557
11	k79_17168
11	k79_23872
11	k79_11613
11	k79_36046
11	k79_9873
11	k79_3341
11	k79_33175
11	k79_2313
11	k79_3545
11	k79_4673
11	k79_26285
11	k79_32341
11	k79_18842
11	k79_18276
11	k79_10136
11	k79_35082
11	k79_6606
11	k79_32644
11	k79_20686
11	k79_23909
11	k79_13757
11	k79_5658
11	k79_35912
11	k79_6062
11	k79_3857
11	k79_18430
11	k79_31461
11	k79_18140
11	k79_11779
11	k79_5370
11	k79_5294
11	k79_13989
11	k79_23934
11	k79_24743
11	k79_29130
11	k79_11327
11	k79_34729
11	k79_12330
11	k79_7414
11	k79_26811
11	k79_25810
11	k79_23971
11	k79_21287
11	k79_3600
11	k79_3921
11	k79_33683
11	k79_22122
11	k79_21483
11	k79_2888
11	k79_32750
11	k79_22512
11	k79_27377
11	k79_25379
11	k79_24244
11	k79_20964
11	k79_30064
11	k79_35999
11	k79_14714
11	k79_23058
11	k79_20105
11	k79_28733
11	k79_26358
11	k79_35962
11	k79_15893
11	k79_33786
11	k79_3709
11	k79_18772
11	k79_30846
11	k79_8234
11	k79_25097
11	k79_6853
11	k79_12557
11	k79_31198
11	k79_29992
11	k79_8726
11	k79_28750
11	k79_17861
11	k79_15142
11	k79_17896
11	k79_2768
11	k79_27530
11	k79_21847
11	k79_4816
11	k79_28934
11	k79_36171
11	k79_8632
11	k79_14833
11	k79_14097
11	k79_29059
11	k79_6077
11	k79_7430
11	k79_12187
11	k79_26155
11	k79_18727
11	k79_1431
11	k79_34789
11	k79_3310
11	k79_17457
11	k79_13083
11	k79_36570
11	k79_14526
11	k79_33950
11	k79_2062
11	k79_29569
11	k79_6973
11	k79_8547
11	k79_17691
11	k79_25936
11	k79_31838
11	k79_32846
11	k79_847
11	k79_30161
11	k79_24188
12	k79_12323
12	k79_29293
12	k79_24662
12	k79_18349
12	k79_18696
12	k79_23362
12	k79_31915
12	k79_15423
12	k79_12235
12	k79_28804
12	k79_17981
12	k79_8853
12	k79_36742
12	k79_9004
12	k79_8228
12	k79_5449
12	k79_15655
12	k79_18125
12	k79_30655
12	k79_5824
12	k79_23559
12	k79_35767
12	k79_28706
12	k79_17049
12	k79_22258
12	k79_35117
12	k79_24152
12	k79_29008
12	k79_12022
12	k79_6216
12	k79_23373
12	k79_33210
12	k79_12307
12	k79_8860
12	k79_14979
12	k79_13951
12	k79_8238
12	k79_7403
12	k79_35806
12	k79_15118
12	k79_27702
12	k79_19240
12	k79_1019
12	k79_34018
12	k79_13916
12	k79_858
12	k79_28423
12	k79_34207
12	k79_21394
12	k79_30618
12	k79_36423
12	k79_12514
12	k79_9269
12	k79_15226
12	k79_5577
12	k79_30189
12	k79_17599
12	k79_22813
12	k79_24997
12	k79_21851
12	k79_33705
12	k79_34194
12	k79_36071
12	k79_15512
12	k79_12600
12	k79_29234
12	k79_24113
12	k79_31323
12	k79_33239
12	k79_10428
12	k79_33037
12	k79_28119
12	k79_16391
12	k79_15285
12	k79_30879
12	k79_2001
12	k79_8005
12	k79_18137
12	k79_20554
12	k79_8255
12	k79_32467
12	k79_9791
12	k79_19331
12	k79_28725
12	k79_19702
12	k79_31380
12	k79_29112
12	k79_29534
12	k79_45
12	k79_6396
12	k79_26828
12	k79_5615
12	k79_6412
12	k79_10287
12	k79_26675
12	k79_4130
12	k79_14274
12	k79_29259
12	k79_20124
12	k79_32091
12	k79_8596
12	k79_521
12	k79_992
12	k79_7829
12	k79_22360
12	k79_36710
12	k79_24341
12	k79_32003
12	k79_24532
12	k79_1097
12	k79_8633
12	k79_31245
12	k79_12891
12	k79_34884
12	k79_27727
12	k79_7417
12	k79_6259
12	k79_24859
12	k79_25170
12	k79_19173
12	k79_23173
12	k79_15071
12	k79_34168
12	k79_30039
12	k79_30070
12	k79_19011
12	k79_14968
12	k79_28317
12	k79_15018
12	k79_23995
12	k79_29790
12	k79_14558
12	k79_21442
12	k79_34854
12	k79_14020
12	k79_6191
12	k79_15487
12	k79_24972
12	k79_28812
12	k79_23920
12	k79_34483
12	k79_8064
12	k79_902
12	k79_28776
12	k79_7755
12	k79_16224
12	k79_27944
12	k79_5231
12	k79_11946
12	k79_3745
12	k79_4641
12	k79_17190
12	k79_8630
12	k79_27333
12	k79_11657
12	k79_23436
12	k79_26401
12	k79_4035
12	k79_34902
12	k79_11517
12	k79_20500
12	k79_6084
12	k79_27240
12	k79_35370
12	k79_33892
12	k79_3982
12	k79_21908
12	k79_17613
12	k79_3763
12	k79_26483
12	k79_34623
12	k79_13032
12	k79_34453
12	k79_27072
12	k79_20333
12	k79_29754
12	k79_4487
12	k79_11690
12	k79_33962
12	k79_27478
12	k79_17285
12	k79_6242
12	k79_18297
12	k79_24259
12	k79_19426
12	k79_18201
12	k79_24963
12	k79_14549
12	k79_34347
12	k79_20615
12	k79_34120
12	k79_20924
12	k79_18875
12	k79_35109
12	k79_36719
12	k79_32918
12	k79_34974
12	k79_13512
12	k79_34949
12	k79_17183
12	k79_27420
12	k79_2353
12	k79_11801
12	k79_24651
12	k79_31225
12	k79_22062
12	k79_32857
12	k79_25033
12	k79_36330
12	k79_32138
12	k79_32496
12	k79_11668
12	k79_35207
12	k79_5425
12	k79_15202
12	k79_17405
12	k79_21086
12	k79_30407
12	k79_22338
12	k79_6087
12	k79_36281
12	k79_33522
12	k79_12765
12	k79_12484
12	k79_20843
12	k79_16113
12	k79_9684
12	k79_20360
12	k79_8500
12	k79_23505
12	k79_35359
12	k79_34439
12	k79_20926
12	k79_36675
12	k79_32133
12	k79_32552
12	k79_33916
12	k79_7007
12	k79_21329
12	k79_9384
12	k79_21724
12	k79_1966
12	k79_23788
12	k79_2928
12	k79_11252
12	k79_30347
12	k79_21978
12	k79_26765
12	k79_23441
12	k79_29371
12	k79_19008
12	k79_33368
12	k79_28373
12	k79_22090
12	k79_279
12	k79_9621
12	k79_10784
12	k79_13372
12	k79_34876
12	k79_26875
12	k79_5880
12	k79_3038
12	k79_18028
12	k79_5676
12	k79_27876
12	k79_29430
12	k79_4688
12	k79_27410
12	k79_21760
12	k79_13640
12	k79_5123
12	k79_10045
12	k79_11411
12	k79_9092
12	k79_6161
12	k79_28345
12	k79_12494
12	k79_12553
12	k79_35779
12	k79_6688
12	k79_2483
12	k79_13388
12	k79_7630
12	k79_21406
12	k79_36711
12	k79_33897
12	k79_6352
12	k79_22919
12	k79_5272
12	k79_35367
12	k79_834
12	k79_10501
12	k79_13907
12	k79_24179
12	k79_16613
12	k79_32090
12	k79_10929
12	k79_26597
12	k79_16924
12	k79_538
12	k79_10336
12	k79_938
12	k79_13061
12	k79_28530
12	k79_29417
12	k79_23913
12	k79_1322
12	k79_33496
12	k79_34540
12	k79_10186
12	k79_31216
12	k79_19286
12	k79_34019
12	k79_31048
12	k79_34056
12	k79_23270
12	k79_9172
12	k79_20918
12	k79_28456
12	k79_32386
12	k79_3664
12	k79_16254
12	k79_17155
12	k79_6995
12	k79_29209
12	k79_20979
12	k79_2369
12	k79_22708
12	k79_7353
12	k79_21018
12	k79_28325
12	k79_3243
12	k79_3629
12	k79_29725
12	k79_364
12	k79_371
12	k79_28390
12	k79_15439
12	k79_23269
12	k79_27851
12	k79_14085
12	k79_20303
12	k79_25513
12	k79_36625
12	k79_27650
12	k79_28181
12	k79_25698
12	k79_14698
12	k79_34571
12	k79_14174
12	k79_33771
12	k79_21905
12	k79_24247
12	k79_17424
12	k79_36452
12	k79_22171
12	k79_30475
12	k79_8466
12	k79_36376
12	k79_31916
12	k79_27170
12	k79_26862
12	k79_6862
12	k79_18621
12	k79_16395
12	k79_25647
12	k79_30840
12	k79_25486
12	k79_18632
12	k79_16547
12	k79_11689
12	k79_13814
12	k79_34421
12	k79_26785
12	k79_4978
12	k79_16462
12	k79_1169
12	k79_31546
12	k79_19986
12	k79_32210
12	k79_12486
12	k79_8883
12	k79_35285
12	k79_7407
12	k79_23508
12	k79_30907
12	k79_23158
12	k79_10296
12	k79_7563
12	k79_24780
12	k79_26954
12	k79_20176
12	k79_14613
12	k79_4839
12	k79_17128
12	k79_21211
12	k79_852
12	k79_1265
12	k79_6579
12	k79_35128
12	k79_31305
12	k79_35065
12	k79_11894
12	k79_34212
12	k79_16115
12	k79_35848
12	k79_10352
12	k79_16384
12	k79_26723
12	k79_28089
12	k79_4552
12	k79_23352
12	k79_29269
12	k79_5350
12	k79_5049
12	k79_12036
12	k79_2992
12	k79_891
12	k79_13368
12	k79_19487
12	k79_7054
12	k79_32123
12	k79_10691
12	k79_31350
12	k79_17370
12	k79_16834
12	k79_31806
12	k79_21437
12	k79_32685
12	k79_28562
12	k79_15473
12	k79_11885
12	k79_21562
12	k79_24506
12	k79_3610
12	k79_15969
12	k79_23364
12	k79_22293
12	k79_27969
12	k79_29644
12	k79_34455
12	k79_36643
12	k79_19747
12	k79_31195
12	k79_11950
12	k79_34694
12	k79_3755
12	k79_31881
12	k79_27834
12	k79_21786
12	k79_17518
12	k79_841
12	k79_21201
12	k79_25724
12	k79_12795
12	k79_11787
12	k79_15683
12	k79_15170
12	k79_28421
12	k79_3827
12	k79_27272
12	k79_18520
12	k79_7710
12	k79_21488
12	k79_17904
12	k79_15646
12	k79_19749
12	k79_2384
12	k79_35094
12	k79_26243
12	k79_13828
12	k79_23574
12	k79_14908
12	k79_18579
12	k79_3374
12	k79_10518
12	k79_28793
12	k79_33773
12	k79_22957
12	k79_26022
12	k79_22196
12	k79_36202
12	k79_34921
12	k79_16275
12	k79_10077
12	k79_27719
12	k79_26508
12	k79_3941
12	k79_23301
12	k79_23717
12	k79_19918
12	k79_15080
12	k79_10949
12	k79_22621
12	k79_9631
12	k79_20754
12	k79_19272
12	k79_11340
12	k79_24202
12	k79_24267
12	k79_28385
12	k79_1651
12	k79_34326
12	k79_30449
12	k79_23188
12	k79_15203
12	k79_31430
12	k79_2841
12	k79_24752
12	k79_20157
12	k79_22127
12	k79_17174
12	k79_17657
12	k79_4174
12	k79_1799
12	k79_24000
12	k79_4556
12	k79_16428
12	k79_20930
12	k79_16993
12	k79_34625
12	k79_23341
12	k79_15256
12	k79_1474
12	k79_10007
12	k79_749
12	k79_20240
12	k79_22211
12	k79_5984
12	k79_35715
12	k79_11768
12	k79_29902
12	k79_7038
12	k79_17385
12	k79_15607
12	k79_8464
12	k79_22156
12	k79_23863
12	k79_25782
12	k79_9297
12	k79_3419
12	k79_26310
12	k79_36350
12	k79_2709
12	k79_12355
12	k79_16141
12	k79_36025
12	k79_1929
12	k79_17056
12	k79_3404
12	k79_23256
12	k79_12068
12	k79_2969
12	k79_30954
12	k79_14503
12	k79_12813
12	k79_22363
12	k79_564
12	k79_17705
12	k79_7166
12	k79_32358
12	k79_34459
12	k79_18643
12	k79_1950
12	k79_31223
12	k79_33967
12	k79_11762
12	k79_35825
12	k79_22741
12	k79_28393
12	k79_35360
12	k79_2966
12	k79_28626
12	k79_16232
12	k79_11185
12	k79_25329
12	k79_5418
12	k79_7425
12	k79_12567
12	k79_6629
12	k79_30196
12	k79_16009
12	k79_14797
12	k79_16134
12	k79_25261
12	k79_28719
12	k79_2892
12	k79_28563
12	k79_18793
12	k79_24284
12	k79_11969
12	k79_1898
12	k79_22317
12	k79_10338
12	k79_14267
12	k79_11931
12	k79_8104
12	k79_6401
12	k79_29284
12	k79_21701
12	k79_27780
12	k79_24716
12	k79_2375
12	k79_2659
12	k79_33611
12	k79_14529
12	k79_29966
12	k79_22320
12	k79_29133
12	k79_36161
12	k79_32197
12	k79_480
12	k79_32468
12	k79_6743
12	k79_9559
12	k79_18326
12	k79_29872
12	k79_17491
12	k79_23001
12	k79_24050
12	k79_25602
12	k79_11782
12	k79_28586
12	k79_4245
12	k79_23638
12	k79_29526
12	k79_17400
12	k79_36245
12	k79_2046
12	k79_36067
12	k79_26592
12	k79_26836
12	k79_34197
12	k79_15468
12	k79_20020
12	k79_29678
12	k79_26713
12	k79_6993
12	k79_7504
12	k79_22669
12	k79_33787
12	k79_10122
12	k79_36282
12	k79_23514
12	k79_32749
12	k79_27325
12	k79_14507
12	k79_1682
12	k79_14298
12	k79_10845
12	k79_20848
12	k79_21790
12	k79_26964
12	k79_35066
12	k79_36608
12	k79_36485
12	k79_4109
12	k79_4324
12	k79_32064
12	k79_23795
12	k79_28071
12	k79_31345
12	k79_16457
12	k79_7671
12	k79_26528
12	k79_24078
12	k79_1324
12	k79_35859
12	k79_3999
12	k79_14593
12	k79_34818
12	k79_5106
12	k79_20646
12	k79_8671
12	k79_35819
12	k79_33442
12	k79_21948
12	k79_1125
12	k79_24751
13	k79_12287
14	k79_1988
14	k79_23991
14	k79_28594
14	k79_8096
14	k79_5258
14	k79_13835
14	k79_16899
14	k79_9556
14	k79_6462
14	k79_13603
14	k79_6762
14	k79_7942
14	k79_8157
14	k79_7902
14	k79_2883
14	k79_10491
14	k79_10561
14	k79_10126
15	k79_36080
16	k79_19885
17	k79_10346
18	k79_19131
19	k79_29583
19	k79_1827
20	k79_19395
21	k79_15566
22	k79_31167
23	k79_14243
24	k79_33753
25	k79_21632
26	k79_11263
27	k79_10475
28	k79_8298
29	k79_31813
30	k79_26418
31	k79_6166
32	k79_19035
33	k79_17971
34	k79_27266
35	k79_6765
36	k79_13781
37	k79_8877
38	k79_35481
39	k79_12389
40	k79_10650
41	k79_18457
42	k79_2324
43	k79_5760
44	k79_35113
45	k79_6610
46	k79_16786
46	k79_5183
46	k79_1275
46	k79_24433
46	k79_7208
46	k79_3043
46	k79_12719
46	k79_13279
46	k79_11867
46	k79_25878
46	k79_15467
46	k79_753
46	k79_400
46	k79_35539
46	k79_9318
46	k79_21683
46	k79_924
46	k79_2409
46	k79_7818
46	k79_12943
46	k79_16563
46	k79_24674
46	k79_25676
46	k79_21038
46	k79_13365
46	k79_9982
46	k79_3492
46	k79_31864
46	k79_23418
46	k79_23727
46	k79_4645
46	k79_20160
46	k79_7165
46	k79_33023
46	k79_13069
46	k79_23627
46	k79_32144
46	k79_17466
46	k79_25168
46	k79_12552
46	k79_28287
46	k79_21009
46	k79_10531
46	k79_11778
46	k79_29070
46	k79_8333
46	k79_21603
46	k79_35456
46	k79_33230
46	k79_20622
46	k79_19001
46	k79_29661
46	k79_15371
46	k79_34923
46	k79_27981
46	k79_21969
46	k79_18157
46	k79_6600
46	k79_1018
46	k79_11259
46	k79_35292
47	k79_15407
48	k79_33201
49	k79_22286
50	k79_5328
51	k79_16256
52	k79_118
53	k79_36560
54	k79_8795
55	k79_24561
56	k79_31963
57	k79_3538
58	k79_35102
59	k79_31855
60	k79_5625
61	k79_26825
62	k79_31580
63	k79_18881
64	k79_6388
65	k79_539
66	k79_24917
67	k79_11815
68	k79_21614
69	k79_32633
70	k79_18737
71	k79_24838
72	k79_30252
73	k79_13370
74	k79_24191
75	k79_21662
76	k79_9872
77	k79_36405
78	k79_29083
79	k79_20389
80	k79_29121
81	k79_9485
82	k79_16361
83	k79_14510
84	k79_5288
85	k79_5987
86	k79_13402
87	k79_28768
88	k79_3142
89	k79_25868
90	k79_10629
91	k79_2284
92	k79_14780
93	k79_27062
94	k79_7379
95	k79_18934
96	k79_25985
97	k79_7511
98	k79_5342
99	k79_25112
100	k79_15973
101	k79_17225
102	k79_20922
103	k79_21512
104	k79_16492
104	k79_14025
104	k79_14038
104	k79_20891
104	k79_22289
104	k79_7862
104	k79_2872
104	k79_32591
104	k79_18036
104	k79_18954
104	k79_30762
104	k79_30369
104	k79_30233
104	k79_12792
105	k79_8614
106	k79_14928
107	k79_9647
108	k79_6257
109	k79_21490
110	k79_19985
111	k79_2973
112	k79_3494
113	k79_35891
114	k79_3818
115	k79_5919
116	k79_20851
117	k79_22706
117	k79_28312
117	k79_4246
117	k79_4118
117	k79_19177
117	k79_23608
117	k79_5536
117	k79_3836
117	k79_27209
117	k79_4395
117	k79_14035
117	k79_23090
117	k79_12388
117	k79_36298
117	k79_21984
117	k79_14905
117	k79_17865
117	k79_23884
117	k79_21997
117	k79_30376
117	k79_14892
117	k79_703
117	k79_4584
117	k79_23398
117	k79_28050
117	k79_8402
117	k79_29022
117	k79_34795
117	k79_12167
117	k79_15585
117	k79_29776
117	k79_18363
117	k79_2650
117	k79_36305
117	k79_1557
117	k79_11889
117	k79_2063
117	k79_19980
117	k79_7985
117	k79_5611
117	k79_4726
117	k79_7828
117	k79_8108
117	k79_26688
117	k79_6631
117	k79_27992
117	k79_6383
117	k79_16400
117	k79_31439
117	k79_13919
117	k79_1217
117	k79_27212
117	k79_22765
117	k79_34798
117	k79_10008
117	k79_11537
117	k79_3184
117	k79_34093
117	k79_7442
117	k79_25506
117	k79_36241
117	k79_3770
117	k79_15924
117	k79_36346
118	k79_32002
118	k79_11552
118	k79_10363
118	k79_35346
118	k79_33601
118	k79_18605
118	k79_13311
118	k79_2191
118	k79_35301
118	k79_30633
118	k79_27317
118	k79_11929
118	k79_25090
119	k79_30116
120	k79_7086
121	k79_36186
122	k79_8114
123	k79_2159
124	k79_25491
125	k79_12348
126	k79_3167
127	k79_4596
127	k79_27655
127	k79_7272
