user_genome	classification	fastani_reference	fastani_reference_radius	fastani_taxonomy	fastani_ani	fastani_af	closest_placement_reference	closest_placement_radius	closest_placement_taxonomy	closest_placement_ani	closest_placement_af	pplacer_taxonomy	classification_method	note	other_related_references(genome_id,species_name,radius,ANI,AF)	msa_percent	translation_table	red_value	warnings
ERR011347_MEGAHIT_TaxVamb_dRep.43	d__Bacteria;p__Bacillota_A;c__Clostridia;o__TANB77;f__CAG-465;g__CAG-465;s__CAG-465 sp000433755	GCA_000433755.1	95.0	d__Bacteria;p__Bacillota_A;c__Clostridia;o__TANB77;f__CAG-465;g__CAG-465;s__CAG-465 sp000433755	97.56	0.825	GCA_000433755.1	95.0	d__Bacteria;p__Bacillota_A;c__Clostridia;o__TANB77;f__CAG-465;g__CAG-465;s__CAG-465 sp000433755	97.56	0.825	d__Bacteria;p__Bacillota_A;c__Clostridia;o__TANB77;f__CAG-465;g__CAG-465;s__	taxonomic classification defined by topology and ANI	topological placement and ANI have congruent species assignments	GCA_900772475.1, s__CAG-465 sp900772475, 95.0, 92.16, 0.774; GCA_900554875.1, s__CAG-465 sp900554875, 95.0, 88.09, 0.664; GCA_905204915.1, s__CAG-465 sp905204915, 95.0, 78.09, 0.27; GCA_934132895.1, s__CAG-465 sp934132895, 95.0, 77.75, 0.263; GCA_944388575.1, s__CAG-465 sp944388575, 95.0, 77.73, 0.255; GCA_023460235.1, s__CAG-465 sp023460235, 95.0, 77.66, 0.212; GCA_944388565.1, s__CAG-465 sp944388565, 95.0, 77.59, 0.277; GCA_000433135.1, s__CAG-465 sp000433135, 95.0, 77.51, 0.219; GCA_944387385.1, s__CAG-465 sp944387385, 95.0, 77.41, 0.182; GCA_934169925.1, s__CAG-465 sp934169925, 95.0, 77.16, 0.241; GCA_944383035.1, s__CAG-465 sp944383035, 95.0, 77.12, 0.35; GCA_944383015.1, s__CAG-465 sp944383015, 95.0, 77.02, 0.19; GCA_023410645.1, s__CAG-465 sp023410645, 95.0, 76.95, 0.299; GCA_934130325.1, s__CAG-465 sp934130325, 95.0, 76.91, 0.19; GCA_944386345.1, s__CAG-465 sp944386345, 95.0, 76.89, 0.19; GCA_944388585.1, s__CAG-465 sp944388585, 95.0, 76.86, 0.226; GCA_934162655.1, s__CAG-465 sp934162655, 95.0, 76.85, 0.168; GCA_944386635.1, s__CAG-465 sp944386635, 95.0, 76.8, 0.175; GCA_944387375.1, s__CAG-465 sp944387375, 95.0, 76.75, 0.204; GCA_017534305.1, s__CAG-465 sp017534305, 95.0, 76.62, 0.146; GCA_017626395.1, s__CAG-465 sp017626395, 95.0, 76.59, 0.19; GCA_944386605.1, s__CAG-465 sp944386605, 95.0, 76.54, 0.139; GCA_000433335.1, s__CAG-465 sp000433335, 95.0, 76.38, 0.182; GCA_934130595.1, s__CAG-465 sp934130595, 95.0, 76.3, 0.175	61.49	11	N/A	N/A
ERR011348_MEGAHIT_MetaBinner_dRep.1	d__Bacteria;p__Bacillota_A;c__Clostridia;o__Oscillospirales;f__Acutalibacteraceae;g__Ruminococcus_E;s__Ruminococcus_E bromii_B	GCF_002834235.1	95.0	d__Bacteria;p__Bacillota_A;c__Clostridia;o__Oscillospirales;f__Acutalibacteraceae;g__Ruminococcus_E;s__Ruminococcus_E bromii_B	97.48	0.829	GCF_002834235.1	95.0	d__Bacteria;p__Bacillota_A;c__Clostridia;o__Oscillospirales;f__Acutalibacteraceae;g__Ruminococcus_E;s__Ruminococcus_E bromii_B	97.48	0.829	d__Bacteria;p__Bacillota_A;c__Clostridia;o__Oscillospirales;f__Acutalibacteraceae;g__Ruminococcus_E;s__	taxonomic classification defined by topology and ANI	topological placement and ANI have congruent species assignments	GCF_002834225.1, s__Ruminococcus_E bromii, 95.0, 95.01, 0.763; GCA_905215855.1, s__Ruminococcus_E sp905215855, 95.0, 94.55, 0.771; GCA_902771755.1, s__Ruminococcus_E sp902771755, 95.0, 92.35, 0.762; GCA_902766775.1, s__Ruminococcus_E sp902766775, 95.0, 90.49, 0.776; GCA_900755995.1, s__Ruminococcus_E sp900755995, 95.0, 80.67, 0.321; GCA_019415925.1, s__Ruminococcus_E sp019415925, 95.0, 80.23, 0.432; GCF_003438075.1, s__Ruminococcus_E sp003438075, 95.0, 80.09, 0.418; GCA_002491825.1, s__Ruminococcus_E sp002491825, 95.0, 79.96, 0.487; GCF_023921805.1, s__Ruminococcus_E sp003526955, 95.0, 79.86, 0.379; GCA_003521625.1, s__Ruminococcus_E sp003521625, 95.0, 79.62, 0.418; GCA_019415945.1, s__Ruminococcus_E sp019415945, 95.0, 79.48, 0.338; GCA_002493005.1, s__Ruminococcus_E sp002493005, 95.0, 79.34, 0.415; GCA_902766885.1, s__Ruminococcus_E sp902766885, 95.0, 79.3, 0.411; GCA_022510955.1, s__Ruminococcus_E sp022510955, 95.0, 79.18, 0.31; GCA_002493635.1, s__Ruminococcus_E sp002493635, 95.0, 79.13, 0.326; GCA_910585865.1, s__Ruminococcus_E sp910585865, 95.0, 79.07, 0.299; GCA_904393835.1, s__Ruminococcus_E sp904393835, 95.0, 79.01, 0.31; GCA_900101355.1, s__Ruminococcus_E bromii_A, 95.0, 78.96, 0.311; GCA_944415425.1, s__Ruminococcus_E sp944415425, 95.0, 78.94, 0.327; GCA_900543095.1, s__Ruminococcus_E sp900543095, 95.0, 78.69, 0.348; GCA_944412525.1, s__Ruminococcus_E sp944412525, 95.0, 78.67, 0.324; GCA_945632055.1, s__Ruminococcus_E sp945632055, 95.0, 78.64, 0.445; GCA_945607165.1, s__Ruminococcus_E sp945607165, 95.0, 78.43, 0.327; GCA_021202245.1, s__Ruminococcus_E sp021202245, 95.0, 78.35, 0.338; GCA_024403825.1, s__Ruminococcus_E sp024403825, 95.0, 78.24, 0.243; GCA_900315085.1, s__Ruminococcus_E sp900315085, 95.0, 78.16, 0.208; GCA_905235295.1, s__Ruminococcus_E sp905235295, 95.0, 78.0, 0.194; GCA_022774755.1, s__Ruminococcus_E sp004560275, 95.0, 77.93, 0.198; GCA_900316385.1, s__Ruminococcus_E sp900316385, 95.0, 77.81, 0.107; GCA_900318495.1, s__Ruminococcus_E sp900318495, 95.0, 77.79, 0.223; GCA_905233145.1, s__Ruminococcus_E sp905233145, 95.0, 77.78, 0.188; GCA_900315605.1, s__Ruminococcus_E sp900315605, 95.0, 77.77, 0.174; GCA_934476515.1, s__Ruminococcus_E sp934476515, 95.0, 77.74, 0.124; GCA_900100595.1, s__Ruminococcus_E sp900100595, 95.0, 77.72, 0.112; GCF_018918205.1, s__Ruminococcus_E sp018918205, 95.0, 77.71, 0.122; GCA_900316435.1, s__Ruminococcus_E sp900316435, 95.0, 77.66, 0.148; GCA_902767845.1, s__Ruminococcus_E sp902767845, 95.0, 77.66, 0.102; GCA_022779485.1, s__Ruminococcus_E sp022779485, 95.0, 77.6, 0.148; GCA_900315785.1, s__Ruminococcus_E sp900315785, 95.0, 77.59, 0.129; GCA_022510945.1, s__Ruminococcus_E sp022510945, 95.0, 77.57, 0.126; GCA_900319655.1, s__Ruminococcus_E sp900319655, 95.0, 77.56, 0.23; GCA_017380355.1, s__Ruminococcus_E sp017380355, 95.0, 77.51, 0.069; GCA_902774325.1, s__Ruminococcus_E sp902774325, 95.0, 77.46, 0.075; GCA_902792105.1, s__Ruminococcus_E sp902792105, 95.0, 77.46, 0.168; GCA_017458105.1, s__Ruminococcus_E sp017458105, 95.0, 77.44, 0.154; GCA_900315195.1, s__Ruminococcus_E sp900315195, 95.0, 77.42, 0.175; GCA_902794395.1, s__Ruminococcus_E sp902794395, 95.0, 77.38, 0.086; GCA_900316555.1, s__Ruminococcus_E sp900316555, 95.0, 77.38, 0.144; GCA_017481885.1, s__Ruminococcus_E sp017481885, 95.0, 77.36, 0.108; GCF_005601135.1, s__Ruminococcus_E bovis, 95.0, 77.36, 0.115; GCA_902798365.1, s__Ruminococcus_E sp902798365, 95.0, 77.35, 0.133; GCA_015066595.1, s__Ruminococcus_E sp015066595, 95.0, 77.34, 0.074; GCA_902785365.1, s__Ruminococcus_E sp902785365, 95.0, 77.34, 0.11; GCA_017458845.1, s__Ruminococcus_E sp017458845, 95.0, 77.34, 0.094; GCA_017473555.1, s__Ruminococcus_E sp017473555, 95.0, 77.31, 0.078; GCA_017433905.1, s__Ruminococcus_E sp017433905, 95.0, 77.27, 0.099; GCA_902798605.1, s__Ruminococcus_E sp902798605, 95.0, 77.26, 0.134; GCA_018065465.1, s__Ruminococcus_E sp018065465, 95.0, 77.25, 0.097; GCA_017407755.1, s__Ruminococcus_E sp017407755, 95.0, 77.24, 0.128; GCA_017464765.1, s__Ruminococcus_E sp017464765, 95.0, 77.2, 0.058; GCA_905234305.1, s__Ruminococcus_E sp905234305, 95.0, 77.18, 0.098; GCA_900318905.1, s__Ruminococcus_E sp900318905, 95.0, 77.17, 0.164; GCA_017411835.1, s__Ruminococcus_E sp017411835, 95.0, 77.14, 0.105; GCA_902776375.1, s__Ruminococcus_E sp902776375, 95.0, 77.13, 0.104; GCA_022511005.1, s__Ruminococcus_E sp022511005, 95.0, 77.11, 0.214; GCA_003520555.1, s__Ruminococcus_E sp003520555, 95.0, 77.1, 0.192; GCA_902772755.1, s__Ruminococcus_E sp902772755, 95.0, 77.08, 0.086; GCA_902777275.1, s__Ruminococcus_E sp902777275, 95.0, 77.07, 0.112; GCA_902784855.1, s__Ruminococcus_E sp902784855, 95.0, 77.05, 0.069; GCA_020625875.1, s__Ruminococcus_E sp020625875, 95.0, 77.03, 0.114; GCA_002350765.1, s__Ruminococcus_E sp002350765, 95.0, 77.02, 0.084; GCA_017410265.1, s__Ruminococcus_E sp017410265, 95.0, 76.97, 0.094; GCA_022508865.1, s__Ruminococcus_E sp022508865, 95.0, 76.94, 0.132; GCA_902790475.1, s__Ruminococcus_E sp902790475, 95.0, 76.91, 0.104; GCA_902799325.1, s__Ruminococcus_E sp902799325, 95.0, 76.9, 0.1; GCA_017473955.1, s__Ruminococcus_E sp017473955, 95.0, 76.88, 0.077; GCA_024690465.1, s__Ruminococcus_E sp024690465, 95.0, 76.86, 0.092; GCA_902793125.1, s__Ruminococcus_E sp902793125, 95.0, 76.8, 0.101; GCA_902787145.1, s__Ruminococcus_E sp902787145, 95.0, 76.8, 0.081; GCA_017471345.1, s__Ruminococcus_E sp017471345, 95.0, 76.76, 0.097; GCA_900317595.1, s__Ruminococcus_E sp900317595, 95.0, 76.72, 0.084; GCA_902797225.1, s__Ruminococcus_E sp902797225, 95.0, 76.71, 0.073; GCA_902765625.1, s__Ruminococcus_E sp902765625, 95.0, 76.68, 0.101; GCA_902797655.1, s__Ruminococcus_E sp902797655, 95.0, 76.67, 0.098; GCA_902797525.1, s__Ruminococcus_E sp902797525, 95.0, 76.6, 0.12; GCA_020626545.1, s__Ruminococcus_E sp020626545, 95.0, 76.59, 0.114; GCA_905234015.1, s__Ruminococcus_E sp905234015, 95.0, 76.56, 0.1; GCA_902761375.1, s__Ruminococcus_E sp902761375, 95.0, 76.55, 0.088; GCA_900317315.1, s__Ruminococcus_E sp900317315, 95.0, 76.54, 0.079; GCA_017384945.1, s__Ruminococcus_E sp017384945, 95.0, 76.51, 0.074; GCA_902767325.1, s__Ruminococcus_E sp902767325, 95.0, 76.48, 0.135; GCA_022510985.1, s__Ruminococcus_E sp022510985, 95.0, 76.47, 0.187; GCA_900317875.1, s__Ruminococcus_E sp900317875, 95.0, 76.45, 0.131; GCA_900316815.1, s__Ruminococcus_E sp900316815, 95.0, 76.43, 0.06; GCA_017502425.1, s__Ruminococcus_E sp017502425, 95.0, 76.35, 0.071; GCA_900320415.1, s__Ruminococcus_E sp900320415, 95.0, 76.15, 0.076; GCA_902773155.1, s__Ruminococcus_E sp902773155, 95.0, 76.11, 0.04; GCA_020625635.1, s__Ruminococcus_E sp020625635, 95.0, 76.03, 0.082; GCA_902773035.1, s__Ruminococcus_E sp902773035, 95.0, 75.66, 0.086	94.36	11	N/A	N/A
ERR011348_MEGAHIT_MetaBinner_dRep.6_sub	d__Bacteria;p__Bacillota_A;c__Clostridia;o__Oscillospirales;f__Acutalibacteraceae;g__Fimenecus;s__Fimenecus sp000432435	GCA_000432435.1	95.0	d__Bacteria;p__Bacillota_A;c__Clostridia;o__Oscillospirales;f__Acutalibacteraceae;g__Fimenecus;s__Fimenecus sp000432435	98.12	0.771	GCA_000432435.1	95.0	d__Bacteria;p__Bacillota_A;c__Clostridia;o__Oscillospirales;f__Acutalibacteraceae;g__Fimenecus;s__Fimenecus sp000432435	98.12	0.771	d__Bacteria;p__Bacillota_A;c__Clostridia;o__Oscillospirales;f__Acutalibacteraceae;g__Fimenecus;s__	taxonomic classification defined by topology and ANI	topological placement and ANI have congruent species assignments	GCA_022768065.1, s__Fimenecus sp022768065, 95.0, 90.45, 0.739; GCA_002437245.1, s__Fimenecus sp002437245, 95.0, 89.43, 0.739; GCA_004556705.1, s__Fimenecus sp004556705, 95.0, 78.0, 0.182; GCA_002490525.1, s__Fimenecus sp002490525, 95.0, 77.69, 0.064; GCA_004555265.1, s__Fimenecus sp004555265, 95.0, 77.59, 0.096; GCA_934436505.1, s__Fimenecus sp934436505, 95.0, 77.46, 0.186; GCA_018712805.1, s__Fimenecus excrementavium, 95.0, 77.32, 0.089; GCA_015066635.1, s__Fimenecus sp015066635, 95.0, 76.93, 0.1; GCA_021769885.1, s__Fimenecus sp021769885, 95.0, 76.84, 0.114; GCA_020025775.1, s__Fimenecus sp020025775, 95.0, 76.82, 0.096; GCA_022508805.1, s__Fimenecus sp022508805, 95.0, 76.81, 0.096; GCA_017438845.1, s__Fimenecus sp017438845, 95.0, 76.71, 0.146; GCA_900315985.1, s__Fimenecus sp900315985, 95.0, 76.69, 0.118; GCA_944380765.1, s__Fimenecus sp944380765, 95.0, 76.67, 0.093; GCA_900766945.1, s__Fimenecus sp900766945, 95.0, 76.59, 0.05; GCA_927362715.1, s__Fimenecus stercoravium, 95.0, 76.51, 0.057; GCA_944384985.1, s__Fimenecus sp944384985, 95.0, 76.48, 0.061; GCA_017503135.1, s__Fimenecus sp017503135, 95.0, 76.42, 0.023; GCA_017399405.1, s__Fimenecus sp017399405, 95.0, 76.41, 0.046; GCA_900540295.1, s__Fimenecus sp900540295, 95.0, 76.39, 0.089; GCA_002361875.1, s__Fimenecus sp002361875, 95.0, 76.34, 0.064; GCA_904501895.1, s__Fimenecus sp904501895, 95.0, 76.28, 0.043; GCA_022508785.1, s__Fimenecus sp022508785, 95.0, 76.27, 0.057; GCA_017466205.1, s__Fimenecus sp017466205, 95.0, 76.19, 0.036; GCA_900545625.1, s__Fimenecus sp900545625, 95.0, 76.1, 0.071; GCA_016290515.1, s__Fimenecus sp016290515, 95.0, 76.07, 0.104; GCA_944384995.1, s__Fimenecus sp944384995, 95.0, 75.89, 0.082; GCA_002490425.1, s__Fimenecus sp002490425, 95.0, 75.78, 0.107; GCA_017546665.1, s__Fimenecus sp017546665, 95.0, 75.77, 0.018; GCA_018714805.1, s__Fimenecus excrementigallinarum, 95.0, 75.71, 0.036; GCA_022508705.1, s__Fimenecus sp022508705, 95.0, 75.62, 0.039; GCA_017624735.1, s__Fimenecus sp017624735, 95.0, 75.62, 0.029; GCA_945787805.1, s__Fimenecus sp945787805, 95.0, 75.58, 0.068; GCA_017399175.1, s__Fimenecus sp017399175, 95.0, 75.3, 0.043; GCA_017631955.1, s__Fimenecus sp017631955, 95.0, 75.24, 0.039	72.65	11	N/A	N/A
ERR011348_MEGAHIT_TaxVamb_dRep.10	d__Bacteria;p__Bacteroidota;c__Bacteroidia;o__Bacteroidales;f__Bacteroidaceae;g__Phocaeicola;s__Phocaeicola plebeius_A	GCF_003437535.1	95.0	d__Bacteria;p__Bacteroidota;c__Bacteroidia;o__Bacteroidales;f__Bacteroidaceae;g__Phocaeicola;s__Phocaeicola plebeius_A	97.71	0.936	GCF_003437535.1	95.0	d__Bacteria;p__Bacteroidota;c__Bacteroidia;o__Bacteroidales;f__Bacteroidaceae;g__Phocaeicola;s__Phocaeicola plebeius_A	97.71	0.936	d__Bacteria;p__Bacteroidota;c__Bacteroidia;o__Bacteroidales;f__Bacteroidaceae;g__Phocaeicola;s__	taxonomic classification defined by topology and ANI	topological placement and ANI have congruent species assignments	GCF_000187895.1, s__Phocaeicola plebeius, 95.0, 95.63, 0.931; GCA_902362595.1, s__Phocaeicola merdigallinarum, 95.0, 84.4, 0.851; GCF_900128455.1, s__Phocaeicola mediterraneensis, 95.0, 84.36, 0.856; GCF_016900355.1, s__Phocaeicola sp900551065, 95.0, 84.23, 0.83; GCA_900552075.1, s__Phocaeicola sp900552075, 95.0, 83.92, 0.771; GCA_900551445.1, s__Phocaeicola sp900551445, 95.0, 83.84, 0.723; GCF_013618865.1, s__Phocaeicola faecicola, 95.0, 81.73, 0.447; GCF_000157915.1, s__Phocaeicola coprophilus, 95.0, 81.72, 0.5; GCA_019414725.1, s__Phocaeicola sp019414725, 95.0, 81.61, 0.314; GCF_000154845.1, s__Phocaeicola coprocola, 95.0, 81.59, 0.457; GCF_000374585.1, s__Phocaeicola barnesiae, 95.0, 81.12, 0.516; GCA_900553185.1, s__Phocaeicola sp900553185, 95.0, 80.97, 0.463; GCA_900542985.1, s__Phocaeicola sp900542985, 95.0, 80.92, 0.41; GCF_016902295.1, s__Phocaeicola caecigallinarum_A, 95.0, 80.72, 0.33; GCA_900544075.1, s__Phocaeicola sp900544075, 95.0, 80.68, 0.351; GCA_944321335.1, s__Phocaeicola sp944321335, 95.0, 80.6, 0.33; GCF_900128495.1, s__Phocaeicola ilei, 95.0, 80.59, 0.415; GCA_018884025.1, s__Phocaeicola faecipullorum, 95.0, 80.58, 0.314; GCA_000432735.1, s__Phocaeicola sp000432735, 95.0, 80.54, 0.42; GCF_016901995.1, s__Phocaeicola sp900066445, 95.0, 80.49, 0.378; GCA_019414665.1, s__Phocaeicola sp019414665, 95.0, 80.33, 0.229; GCF_021530995.1, s__Phocaeicola faecigallinarum, 95.0, 80.26, 0.372; GCA_020026175.1, s__Phocaeicola sp020026175, 95.0, 80.25, 0.261; GCA_023415545.1, s__Phocaeicola sp023415545, 95.0, 80.23, 0.101; GCF_021531075.1, s__Phocaeicola caecigallinarum_B, 95.0, 80.19, 0.356; GCA_944320605.1, s__Phocaeicola sp944320605, 95.0, 80.15, 0.213; GCF_014837055.1, s__Phocaeicola faecium, 95.0, 80.08, 0.372; GCA_000434735.1, s__Phocaeicola sp000434735, 95.0, 79.94, 0.33; GCA_944320855.1, s__Phocaeicola sp944320855, 95.0, 79.91, 0.356; GCF_000613805.1, s__Phocaeicola paurosaccharolyticus, 95.0, 79.87, 0.144; GCA_900551645.1, s__Phocaeicola sp900551645, 95.0, 79.87, 0.324; GCA_900546645.1, s__Phocaeicola sp900546645, 95.0, 79.72, 0.378; GCF_000012825.1, s__Phocaeicola vulgatus, 95.359, 79.67, 0.282; GCA_900556845.1, s__Phocaeicola sp900556845, 95.0, 79.59, 0.239; GCF_021730445.1, s__Phocaeicola faecalis, 95.0, 79.57, 0.303; GCA_902388365.1, s__Phocaeicola sp902388365, 95.0, 79.57, 0.356; GCA_011959205.1, s__Phocaeicola sp011959205, 95.0, 79.54, 0.277; GCA_000436795.1, s__Phocaeicola sp000436795, 95.0, 79.44, 0.33; GCF_013009555.1, s__Phocaeicola dorei, 95.359, 79.44, 0.303; GCF_000382445.1, s__Phocaeicola massiliensis, 95.0, 79.38, 0.314; GCF_014837065.1, s__Phocaeicola intestinalis, 95.0, 79.35, 0.303; GCA_900546355.1, s__Phocaeicola sp900546355, 95.0, 79.35, 0.287; GCF_000614185.1, s__Phocaeicola sartorii, 95.0, 79.35, 0.309; GCA_900544675.1, s__Phocaeicola sp900544675, 95.0, 79.35, 0.404; GCA_020026225.1, s__Phocaeicola sp020026225, 95.0, 79.24, 0.277; GCF_000190575.1, s__Phocaeicola salanitronis, 95.0, 79.15, 0.319; GCA_017472925.1, s__Phocaeicola sp017472925, 95.0, 79.13, 0.255; GCA_019550975.1, s__Phocaeicola excrementipullorum, 95.0, 79.11, 0.404; GCA_905198575.1, s__Phocaeicola sp905198575, 95.0, 78.98, 0.223; GCA_017467385.1, s__Phocaeicola sp017467385, 95.0, 78.96, 0.176; GCF_002161765.1, s__Phocaeicola sp002161765, 95.0, 78.89, 0.34; GCA_015060765.1, s__Phocaeicola sp015060765, 95.0, 78.89, 0.234; GCA_944320845.1, s__Phocaeicola sp944320845, 95.0, 78.88, 0.298; GCA_944320815.1, s__Phocaeicola sp944320815, 95.0, 78.75, 0.367; GCA_015060705.1, s__Phocaeicola sp015060705, 95.0, 78.54, 0.218; GCA_022767125.1, s__Phocaeicola plebeius_C, 95.0, 78.5, 0.309; GCA_019116145.1, s__Phocaeicola gallistercoris, 95.0, 78.45, 0.176; GCA_944320135.1, s__Phocaeicola sp944320135, 95.0, 78.43, 0.378; GCA_900552645.1, s__Phocaeicola sp900552645, 95.0, 78.27, 0.122; GCA_944319745.1, s__Phocaeicola sp944319745, 95.0, 78.23, 0.202; GCA_900760795.1, s__Phocaeicola sp900760795, 95.0, 78.23, 0.271; GCA_015060735.1, s__Phocaeicola sp015060735, 95.0, 78.21, 0.154; GCA_019120125.1, s__Phocaeicola excrementigallinarum, 95.0, 78.11, 0.351; GCA_017416735.1, s__Phocaeicola sp017416735, 95.0, 78.09, 0.176; GCA_004558305.1, s__Phocaeicola plebeius_B, 95.0, 78.08, 0.287; GCA_902779535.1, s__Phocaeicola sp902779535, 95.0, 78.05, 0.165; GCA_022764505.1, s__Phocaeicola sp022764505, 95.0, 77.96, 0.16; GCA_944322395.1, s__Phocaeicola sp944322395, 95.0, 77.93, 0.25; GCA_021295095.1, s__Phocaeicola sp021295095, 95.0, 77.9, 0.117; GCA_017558175.1, s__Phocaeicola sp017558175, 95.0, 77.46, 0.165; GCA_017503235.1, s__Phocaeicola sp017503235, 95.0, 77.44, 0.197; GCA_017466635.1, s__Phocaeicola sp017466635, 95.0, 77.3, 0.144; GCF_000312445.1, s__Phocaeicola abscessus, 95.0, 77.28, 0.069; GCA_017420875.1, s__Phocaeicola sp017420875, 95.0, 77.13, 0.133; GCA_017559935.1, s__Phocaeicola sp017559935, 95.0, 76.7, 0.144	45.84	11	N/A	N/A
ERR011348_MEGAHIT_TaxVamb_dRep.15_sub	d__Bacteria;p__Bacillota_A;c__Clostridia;o__Lachnospirales;f__Lachnospiraceae;g__Bariatricus;s__Bariatricus comes	GCA_025149785.1	95.0	d__Bacteria;p__Bacillota_A;c__Clostridia;o__Lachnospirales;f__Lachnospiraceae;g__Bariatricus;s__Bariatricus comes	99.39	0.945	GCA_025149785.1	95.0	d__Bacteria;p__Bacillota_A;c__Clostridia;o__Lachnospirales;f__Lachnospiraceae;g__Bariatricus;s__Bariatricus comes	99.39	0.945	d__Bacteria;p__Bacillota_A;c__Clostridia;o__Lachnospirales;f__Lachnospiraceae;g__Bariatricus;s__	taxonomic classification defined by topology and ANI	topological placement and ANI have congruent species assignments	GCF_013300725.1, s__Bariatricus comes_A, 95.0, 95.42, 0.895; GCA_934320645.1, s__Bariatricus sp934320645, 95.0, 92.67, 0.827; GCA_022774325.1, s__Bariatricus sp004560705, 95.0, 78.75, 0.321; GCF_900086725.1, s__Bariatricus massiliensis, 95.0, 78.69, 0.207; GCA_900554415.1, s__Bariatricus sp900554415, 95.0, 78.19, 0.152; GCA_934307065.1, s__Bariatricus sp934307065, 95.0, 77.61, 0.219; GCA_022793995.1, s__Bariatricus sp022793995, 95.0, 77.13, 0.148; GCA_905216215.1, s__Bariatricus sp905216215, 95.0, 76.49, 0.19; GCA_019118525.1, s__Bariatricus faecipullorum, 95.0, 76.39, 0.152	59.44	11	N/A	N/A
ERR011348_MEGAHIT_TaxVamb_dRep.16	d__Bacteria;p__Verrucomicrobiota;c__Verrucomicrobiae;o__Verrucomicrobiales;f__Akkermansiaceae;g__Akkermansia;s__Akkermansia muciniphila	GCF_000020225.1	95.0	d__Bacteria;p__Verrucomicrobiota;c__Verrucomicrobiae;o__Verrucomicrobiales;f__Akkermansiaceae;g__Akkermansia;s__Akkermansia muciniphila	97.25	0.88	GCF_000020225.1	95.0	d__Bacteria;p__Verrucomicrobiota;c__Verrucomicrobiae;o__Verrucomicrobiales;f__Akkermansiaceae;g__Akkermansia;s__Akkermansia muciniphila	97.25	0.88	d__Bacteria;p__Verrucomicrobiota;c__Verrucomicrobiae;o__Verrucomicrobiales;f__Akkermansiaceae;g__Akkermansia;s__	taxonomic classification defined by topology and ANI	topological placement and ANI have congruent species assignments	GCA_905200945.1, s__Akkermansia sp905200945, 95.0, 94.28, 0.88; GCF_900184965.1, s__Akkermansia muciniphila_A, 95.0, 93.31, 0.852; GCF_018847375.1, s__Akkermansia muciniphila_B, 95.0, 86.17, 0.803; GCF_002884975.1, s__Akkermansia muciniphila_C, 95.0, 85.01, 0.768; GCF_018709685.1, s__Akkermansia muciniphila_E, 95.0, 84.88, 0.75; GCA_020860705.1, s__Akkermansia sp020860705, 95.0, 84.39, 0.75; GCF_018847895.1, s__Akkermansia sp001580195, 95.0, 82.06, 0.665; GCF_004167605.1, s__Akkermansia sp004167605, 95.0, 81.97, 0.634; GCA_021202525.1, s__Akkermansia sp021202525, 95.0, 81.81, 0.658; GCF_001683795.1, s__Akkermansia glycaniphila, 95.0, 78.79, 0.088; GCA_021200315.1, s__Akkermansia sp021200315, 95.0, 78.32, 0.063; GCA_900545155.1, s__Akkermansia sp900545155, 95.0, 78.11, 0.137; GCA_017472085.1, s__Akkermansia sp017472085, 95.0, 76.98, 0.039; GCA_024405435.1, s__Akkermansia sp024405435, 95.0, 76.91, 0.039; GCA_017546445.1, s__Akkermansia sp017546445, 95.0, 76.67, 0.039; GCA_900766865.1, s__Akkermansia sp900766865, 95.0, 76.66, 0.035; GCA_904501955.1, s__Akkermansia sp904501955, 95.0, 76.42, 0.018; GCA_017521405.1, s__Akkermansia sp017521405, 95.0, 76.35, 0.032; GCA_017435505.1, s__Akkermansia sp017435505, 95.0, 76.33, 0.032; GCA_002471255.1, s__Akkermansia sp002471255, 95.0, 76.27, 0.021; GCA_024405455.1, s__Akkermansia sp024405455, 95.0, 76.26, 0.053; GCA_017415555.1, s__Akkermansia sp017415555, 95.0, 76.22, 0.028; GCA_017399165.1, s__Akkermansia sp017399165, 95.0, 76.21, 0.018; GCA_015062015.1, s__Akkermansia sp015062015, 95.0, 76.18, 0.021; GCA_017409465.1, s__Akkermansia sp017409465, 95.0, 76.16, 0.028; GCA_017415995.1, s__Akkermansia sp017415995, 95.0, 76.1, 0.028; GCA_017558555.1, s__Akkermansia sp017558555, 95.0, 76.1, 0.035; GCA_944390825.1, s__Akkermansia sp944390825, 95.0, 76.06, 0.035; GCA_017555025.1, s__Akkermansia sp017555025, 95.0, 76.04, 0.046; GCA_004557455.1, s__Akkermansia muciniphila_D, 95.0, 76.01, 0.032; GCA_022510805.1, s__Akkermansia sp022510805, 95.0, 76.0, 0.049; GCA_017517805.1, s__Akkermansia sp017517805, 95.0, 75.93, 0.032; GCA_017398765.1, s__Akkermansia sp017398765, 95.0, 75.86, 0.025; GCA_002358905.1, s__Akkermansia sp002358905, 95.0, 75.85, 0.025; GCA_017521145.1, s__Akkermansia sp017521145, 95.0, 75.8, 0.018; GCA_022787425.1, s__Akkermansia sp022787425, 95.0, 75.75, 0.032; GCA_904501915.1, s__Akkermansia sp904501915, 95.0, 75.74, 0.042; GCA_017504805.1, s__Akkermansia sp017504805, 95.0, 75.73, 0.008; GCA_017435365.1, s__Akkermansia sp017435365, 95.0, 75.72, 0.063; GCA_017390945.1, s__Akkermansia sp017390945, 95.0, 75.67, 0.014; GCA_015061985.1, s__Akkermansia sp015061985, 95.0, 75.66, 0.035; GCA_017471985.1, s__Akkermansia sp017471985, 95.0, 75.59, 0.025; GCA_017555465.1, s__Akkermansia sp017555465, 95.0, 75.57, 0.039; GCA_017477935.1, s__Akkermansia sp017477935, 95.0, 75.56, 0.035; GCA_900548895.1, s__Akkermansia intestinavium, 95.0, 75.55, 0.039; GCA_019114365.1, s__Akkermansia intestinigallinarum, 95.0, 75.54, 0.049; GCA_017628435.1, s__Akkermansia sp017628435, 95.0, 75.47, 0.021; GCA_017398355.1, s__Akkermansia sp017398355, 95.0, 75.4, 0.035; GCA_015062055.1, s__Akkermansia sp015062055, 95.0, 75.39, 0.011; GCA_017549485.1, s__Akkermansia sp017549485, 95.0, 75.33, 0.021; GCA_017937215.1, s__Akkermansia sp017937215, 95.0, 75.32, 0.056; GCA_017517385.1, s__Akkermansia sp017517385, 95.0, 75.3, 0.046; GCA_015062005.1, s__Akkermansia sp015062005, 95.0, 75.23, 0.039; GCA_017546845.1, s__Akkermansia sp017546845, 95.0, 75.19, 0.035; GCA_015062045.1, s__Akkermansia sp015062045, 95.0, 75.14, 0.014; GCA_024405415.1, s__Akkermansia sp024405415, 95.0, 75.14, 0.053; GCA_904502165.1, s__Akkermansia sp904502165, 95.0, 75.12, 0.039; GCA_017379255.1, s__Akkermansia sp017379255, 95.0, 74.98, 0.032; GCA_017555205.1, s__Akkermansia sp017555205, 95.0, 74.93, 0.021; GCA_904501975.1, s__Akkermansia sp904501975, 95.0, 74.83, 0.025	49.28	11	N/A	N/A
ERR011348_MEGAHIT_TaxVamb_dRep.21	d__Bacteria;p__Bacillota_A;c__Clostridia;o__Lachnospirales;f__Lachnospiraceae;g__Anaerostipes;s__Anaerostipes hadrus	GCF_000332875.2	95.0	d__Bacteria;p__Bacillota_A;c__Clostridia;o__Lachnospirales;f__Lachnospiraceae;g__Anaerostipes;s__Anaerostipes hadrus	97.87	0.741	GCF_000332875.2	95.0	d__Bacteria;p__Bacillota_A;c__Clostridia;o__Lachnospirales;f__Lachnospiraceae;g__Anaerostipes;s__Anaerostipes hadrus	97.87	0.741	d__Bacteria;p__Bacillota_A;c__Clostridia;o__Lachnospirales;f__Lachnospiraceae;g__Anaerostipes;s__	taxonomic classification defined by topology and ANI	topological placement and ANI have congruent species assignments	GCA_019423795.1, s__Anaerostipes sp019423795, 95.0, 94.74, 0.444; GCA_905215045.1, s__Anaerostipes sp905215045, 95.0, 94.54, 0.463; GCF_001404655.1, s__Anaerostipes hadrus_A, 95.0, 93.54, 0.722; GCA_902362875.1, s__Anaerostipes sp900066705, 95.0, 90.87, 0.63; GCF_018982945.1, s__Anaerostipes faecalis, 95.0, 83.39, 0.333; GCF_018918155.1, s__Anaerostipes sp018918155, 95.0, 83.15, 0.481; GCF_016586355.1, s__Anaerostipes butyraticus, 95.0, 82.67, 0.259; GCA_019420275.1, s__Anaerostipes sp019420275, 95.0, 81.93, 0.259; GCA_021771695.1, s__Anaerostipes sp021771695, 95.0, 81.81, 0.315; GCA_019119895.1, s__Anaerostipes avistercoris, 95.0, 81.72, 0.296; GCA_019114985.1, s__Anaerostipes excrementavium, 95.0, 81.72, 0.259; GCA_905213305.1, s__Anaerostipes sp905213305, 95.0, 81.19, 0.222; GCA_900756035.1, s__Anaerostipes sp900756035, 95.0, 80.38, 0.296; GCF_014467075.1, s__Anaerostipes caccae, 95.0, 78.93, 0.204; GCF_005280655.1, s__Anaerostipes rhamnosivorans, 95.0, 78.8, 0.185; GCA_018381315.1, s__Anaerostipes sp018381315, 95.0, 78.75, 0.185; GCF_002270485.1, s__Anaerostipes hominis, 95.0, 78.64, 0.185	47.98	11	N/A	N/A
ERR011348_MEGAHIT_TaxVamb_dRep.44	d__Bacteria;p__Bacillota_C;c__Negativicutes;o__Acidaminococcales;f__Acidaminococcaceae;g__Phascolarctobacterium;s__Phascolarctobacterium faecium	GCF_003269275.1	95.0	d__Bacteria;p__Bacillota_C;c__Negativicutes;o__Acidaminococcales;f__Acidaminococcaceae;g__Phascolarctobacterium;s__Phascolarctobacterium faecium	99.13	0.912	GCF_003269275.1	95.0	d__Bacteria;p__Bacillota_C;c__Negativicutes;o__Acidaminococcales;f__Acidaminococcaceae;g__Phascolarctobacterium;s__Phascolarctobacterium faecium	99.13	0.912	d__Bacteria;p__Bacillota_C;c__Negativicutes;o__Acidaminococcales;f__Acidaminococcaceae;g__Phascolarctobacterium;s__	taxonomic classification defined by topology and ANI	topological placement and ANI have congruent species assignments	GCA_900551745.1, s__Phascolarctobacterium sp900551745, 95.0, 94.74, 0.711; GCA_900545535.1, s__Phascolarctobacterium sp900545535, 95.0, 85.83, 0.833; GCA_900544795.1, s__Phascolarctobacterium sp900544795, 95.0, 82.27, 0.735	75.69	11	N/A	N/A
ERR011348_MEGAHIT_TaxVamb_dRep.5	d__Bacteria;p__Bacteroidota;c__Bacteroidia;o__Bacteroidales;f__Bacteroidaceae;g__Bacteroides;s__Bacteroides uniformis	GCA_025147485.1	95.0	d__Bacteria;p__Bacteroidota;c__Bacteroidia;o__Bacteroidales;f__Bacteroidaceae;g__Bacteroides;s__Bacteroides uniformis	98.28	0.867	GCA_025147485.1	95.0	d__Bacteria;p__Bacteroidota;c__Bacteroidia;o__Bacteroidales;f__Bacteroidaceae;g__Bacteroides;s__Bacteroides uniformis	98.28	0.867	d__Bacteria;p__Bacteroidota;c__Bacteroidia;o__Bacteroidales;f__Bacteroidaceae;g__Bacteroides;s__	taxonomic classification defined by topology and ANI	topological placement and ANI have congruent species assignments	GCF_000614125.1, s__Bacteroides rodentium, 95.0, 94.63, 0.732; GCF_004793475.1, s__Bacteroides sp002491635, 95.0, 92.02, 0.674; GCA_905197435.1, s__Bacteroides sp905197435, 95.0, 87.91, 0.656; GCF_000195635.1, s__Bacteroides fluxus, 95.0, 81.9, 0.468; GCA_902388495.1, s__Bacteroides sp902388495, 95.0, 81.82, 0.51; GCA_905203765.1, s__Bacteroides sp905203765, 95.0, 81.02, 0.505; GCA_025147325.1, s__Bacteroides stercoris, 95.0, 80.65, 0.405; GCF_900129655.1, s__Bacteroides clarus, 95.0, 80.45, 0.376; GCF_018390535.1, s__Bacteroides propionicigenes, 95.0, 80.4, 0.383; GCA_025146565.1, s__Bacteroides eggerthii, 95.0, 80.27, 0.364; GCA_021203515.1, s__Bacteroides sp021203515, 95.0, 80.12, 0.413; GCA_910578895.1, s__Bacteroides sp910578895, 95.0, 80.12, 0.355; GCF_000374365.1, s__Bacteroides gallinarum, 95.0, 80.04, 0.392; GCF_000186225.1, s__Bacteroides helcogenes, 95.0, 79.93, 0.403; GCF_004342845.1, s__Bacteroides heparinolyticus, 95.0, 79.86, 0.374; GCF_900241005.1, s__Bacteroides cutis, 95.0, 79.84, 0.341; GCF_000315485.1, s__Bacteroides oleiciplenus, 95.0, 79.81, 0.393; GCF_003464595.1, s__Bacteroides intestinalis_A, 95.2143, 79.74, 0.369; GCA_905215345.1, s__Bacteroides sp905215345, 95.0, 79.62, 0.335; GCF_002998435.1, s__Bacteroides zoogleoformans, 95.0, 79.6, 0.353; GCA_945607605.1, s__Bacteroides sp945607605, 95.0, 79.47, 0.42; GCF_900142015.1, s__Bacteroides stercorirosoris, 95.0, 79.44, 0.391; GCF_000172175.1, s__Bacteroides intestinalis, 95.0, 79.37, 0.362; GCF_902364365.1, s__Bacteroides sp900556215, 95.2143, 79.29, 0.372; GCA_023458215.1, s__Bacteroides sp023458215, 95.0, 79.22, 0.391; GCA_905207245.1, s__Bacteroides sp905207245, 95.0, 79.2, 0.367; GCF_000513195.1, s__Bacteroides timonensis, 95.0, 79.17, 0.357; GCA_910585845.1, s__Bacteroides sp910585845, 95.0, 79.12, 0.286; GCF_020091405.1, s__Bacteroides sp900552405, 95.0, 79.1, 0.386; GCA_900555635.1, s__Bacteroides sp900555635, 95.0, 79.03, 0.413; GCF_024623065.1, s__Bacteroides acidifaciens, 95.0, 78.95, 0.206; GCF_000158035.1, s__Bacteroides cellulosilyticus, 95.0, 78.94, 0.361; GCA_900755095.1, s__Bacteroides sp900755095, 95.0, 78.88, 0.12; GCF_001688725.2, s__Bacteroides caecimuris, 95.0, 78.82, 0.19; GCA_900557355.1, s__Bacteroides sp900557355, 95.0, 78.78, 0.181; GCA_905215555.1, s__Bacteroides sp905215555, 95.0, 78.72, 0.306; GCF_900155865.1, s__Bacteroides bouchesdurhonensis, 95.0, 78.68, 0.144; GCF_009193325.2, s__Bacteroides zhangwenhongii, 95.8579, 78.53, 0.195; GCF_009193295.2, s__Bacteroides luhongzhouii, 95.0, 78.51, 0.18; GCF_000614145.1, s__Bacteroides faecichinchillae, 95.0, 78.49, 0.141; GCF_014750685.1, s__Bacteroides sp014750685, 95.0, 78.41, 0.206; GCA_902362375.1, s__Bacteroides sp902362375, 95.0, 78.33, 0.208; GCF_903181435.1, s__Bacteroides sp900765785, 95.0, 78.33, 0.205; GCF_001314995.1, s__Bacteroides ovatus, 95.0, 78.29, 0.205; GCF_000381365.1, s__Bacteroides salyersiae, 95.0, 78.25, 0.197; GCA_910586915.1, s__Bacteroides sp910586915, 95.0, 78.23, 0.208; GCF_002222615.2, s__Bacteroides caccae, 95.0, 78.21, 0.196; GCF_000011065.1, s__Bacteroides thetaiotaomicron, 95.0, 78.21, 0.202; GCF_000210075.1, s__Bacteroides xylanisolvens, 95.0, 78.2, 0.196; GCF_900130125.1, s__Bacteroides congonensis, 95.0, 78.2, 0.213; GCF_000156195.1, s__Bacteroides finegoldii, 95.8579, 78.18, 0.195; GCF_900106755.1, s__Bacteroides faecis, 95.0, 78.16, 0.199; GCF_000025985.1, s__Bacteroides fragilis, 95.0, 78.12, 0.183; GCA_000613465.1, s__Bacteroides nordii, 95.0, 78.08, 0.179; GCF_019583405.1, s__Bacteroides fragilis_B, 95.0, 78.07, 0.196; GCF_014334015.1, s__Bacteroides intestinigallinarum, 95.0, 78.07, 0.203; GCA_002293435.1, s__Bacteroides sp002293435, 95.0, 78.04, 0.235; GCA_944322345.1, s__Bacteroides sp944322345, 95.0, 78.03, 0.126; GCA_014385165.1, s__Bacteroides sp014385165, 95.0, 78.0, 0.163; GCF_012113595.1, s__Bacteroides sp012113595, 95.0, 77.99, 0.226; GCA_900547205.1, s__Bacteroides sp900547205, 95.0, 77.99, 0.187; GCF_002849695.1, s__Bacteroides fragilis_A, 95.0, 77.95, 0.196; GCA_934716785.1, s__Bacteroides sp934716785, 95.0, 77.9, 0.154; GCF_003865075.1, s__Bacteroides faecalis, 95.0, 77.89, 0.139; GCF_000428105.1, s__Bacteroides pyogenes, 95.0, 77.77, 0.138; GCA_002471185.1, s__Bacteroides sp002471185, 95.0, 77.75, 0.077; GCA_002471195.1, s__Bacteroides sp002471195, 95.0, 77.66, 0.069; GCA_900761785.1, s__Bacteroides sp900761785, 95.0, 77.66, 0.191; GCF_000517545.1, s__Bacteroides reticulotermitis, 95.0, 77.66, 0.119; GCF_014196225.1, s__Bacteroides pyogenes_A, 95.0, 77.64, 0.154; GCA_900766005.1, s__Bacteroides sp900766005, 95.0, 77.58, 0.18; GCA_023426145.1, s__Bacteroides sp023426145, 95.0, 77.5, 0.087; GCA_900556625.1, s__Bacteroides sp900556625, 95.0, 77.38, 0.144; GCA_022648295.1, s__Bacteroides sp022648295, 95.0, 77.35, 0.13; GCA_017992695.1, s__Bacteroides sp017992695, 95.0, 77.33, 0.134; GCF_000499785.1, s__Bacteroides neonati, 95.0, 77.31, 0.13; GCA_019416685.1, s__Bacteroides sp900762525, 95.0, 77.3, 0.15; GCA_900766195.1, s__Bacteroides sp900766195, 95.0, 77.27, 0.103; GCA_009929715.1, s__Bacteroides sp009929715, 95.0, 77.15, 0.1; GCA_007896885.1, s__Bacteroides sp007896885, 95.0, 77.09, 0.114; GCA_019412865.1, s__Bacteroides sp019412865, 95.0, 76.65, 0.092	84.65	11	N/A	N/A
ERR011348_MEGAHIT_TaxVamb_dRep.6_sub	d__Bacteria;p__Bacillota_A;c__Clostridia;o__Lachnospirales;f__Lachnospiraceae;g__Blautia_A;s__Blautia_A wexlerae	GCA_025148125.1	95.0	d__Bacteria;p__Bacillota_A;c__Clostridia;o__Lachnospirales;f__Lachnospiraceae;g__Blautia_A;s__Blautia_A wexlerae	98.26	0.967	GCA_025148125.1	95.0	d__Bacteria;p__Bacillota_A;c__Clostridia;o__Lachnospirales;f__Lachnospiraceae;g__Blautia_A;s__Blautia_A wexlerae	98.26	0.967	d__Bacteria;p__Bacillota_A;c__Clostridia;o__Lachnospirales;f__Lachnospiraceae;g__Blautia_A;s__	taxonomic classification defined by topology and ANI	topological placement and ANI have congruent species assignments	GCF_013300825.1, s__Blautia_A wexlerae_B, 95.0, 94.22, 0.909; GCF_003471165.1, s__Blautia_A sp003471165, 95.0, 87.57, 0.866; GCF_018919065.1, s__Blautia_A sp018919065, 95.0, 87.54, 0.755; GCA_000285855.2, s__Blautia_A sp000285855, 95.0, 85.99, 0.726; GCF_009707925.1, s__Blautia_A luti, 95.0, 85.67, 0.737; GCA_934437695.1, s__Blautia_A sp934437695, 95.0, 85.5, 0.614; GCF_003477525.1, s__Blautia_A sp003477525, 95.0, 85.46, 0.78; GCA_905209435.1, s__Blautia_A sp905209435, 95.0, 85.24, 0.716; GCA_934426285.1, s__Blautia_A sp934426285, 95.0, 83.47, 0.51; GCA_934409175.1, s__Blautia_A sp934409175, 95.0, 81.69, 0.481; GCA_900764225.1, s__Blautia_A sp900764225, 95.0, 80.71, 0.344; GCF_013304825.1, s__Blautia_A schinkii, 95.0, 79.68, 0.412; GCF_001487165.1, s__Blautia_A massiliensis, 95.0, 79.53, 0.385; GCF_003461955.1, s__Blautia_A sp900066335, 95.0, 79.41, 0.409; GCF_900120195.1, s__Blautia_A sp900120195, 95.0, 79.39, 0.356; GCF_014297355.1, s__Blautia_A intestinalis, 95.0, 79.38, 0.352; GCF_003474435.1, s__Blautia_A sp003474435, 95.0, 79.35, 0.393; GCA_025147765.1, s__Blautia_A obeum, 95.0, 79.29, 0.368; GCA_934372025.1, s__Blautia_A sp934372025, 95.0, 79.27, 0.333; GCF_018918125.1, s__Blautia_A sp018918125, 95.0, 79.23, 0.362; GCA_900066355.1, s__Blautia_A sp900066355, 95.0, 79.22, 0.356; GCA_900751995.1, s__Blautia_A sp900751995, 95.0, 79.19, 0.257; GCF_020537505.1, s__Blautia_A sp905206915, 95.0, 79.17, 0.346; GCF_003460605.1, s__Blautia_A sp900066145, 95.0, 79.15, 0.37; GCA_934424575.1, s__Blautia_A sp934424575, 95.0, 79.09, 0.387; GCF_009883055.1, s__Blautia_A sp900548245, 95.0, 79.07, 0.37; GCF_003461245.1, s__Blautia_A sp000436615, 95.0, 79.07, 0.391; GCF_013304735.1, s__Blautia_A sp900066205, 95.0, 79.04, 0.405; GCA_019416265.1, s__Blautia_A sp019416265, 95.0, 78.82, 0.34; GCF_020554845.1, s__Blautia_A faecis, 95.0, 78.77, 0.36; GCA_934373235.1, s__Blautia_A sp934373235, 95.0, 78.69, 0.346; GCA_934359835.1, s__Blautia_A sp934359835, 95.0, 78.69, 0.346; GCA_934371575.1, s__Blautia_A sp934371575, 95.0, 78.66, 0.358; GCA_934364795.1, s__Blautia_A sp934364795, 95.0, 78.65, 0.315; GCA_934371915.1, s__Blautia_A sp934371915, 95.0, 78.65, 0.313; GCA_900763175.1, s__Blautia_A sp900763175, 95.0, 78.62, 0.309; GCA_900549015.1, s__Blautia_A sp900549015, 95.0, 78.55, 0.263; GCA_934378195.1, s__Blautia_A sp934378195, 95.0, 78.49, 0.294; GCA_021771755.1, s__Blautia_A sp021771755, 95.0, 78.46, 0.302; GCF_013304385.1, s__Blautia_A sp900066505, 95.0, 78.4, 0.288; GCA_934358405.1, s__Blautia_A sp934358405, 95.0, 78.32, 0.224; GCA_934394595.1, s__Blautia_A sp934394595, 95.0, 78.29, 0.255; GCA_900316115.1, s__Blautia_A sp900316115, 95.0, 78.28, 0.272; GCA_900551715.1, s__Blautia_A sp900551715, 95.0, 78.28, 0.331; GCA_934402155.1, s__Blautia_A sp934402155, 95.0, 78.27, 0.274; GCF_024622975.1, s__Blautia_A caecimuris, 95.0, 78.24, 0.313; GCA_934408705.1, s__Blautia_A sp934408705, 95.0, 78.21, 0.28; GCA_900540785.1, s__Blautia_A sp900540785, 95.0, 78.21, 0.263; GCA_900551465.1, s__Blautia_A sp900551465, 95.0, 78.2, 0.177; GCA_934394545.1, s__Blautia_A sp934394545, 95.0, 78.2, 0.321; GCA_022764275.1, s__Blautia_A sp022764275, 95.0, 78.17, 0.274; GCA_900541345.1, s__Blautia_A sp900541345, 95.0, 78.12, 0.243; GCA_021772055.1, s__Blautia_A sp021772055, 95.0, 78.11, 0.255; GCA_900553515.1, s__Blautia_A sp900553515, 95.0, 78.1, 0.274; GCA_022770365.1, s__Blautia_A sp022770365, 95.0, 77.95, 0.274; GCA_900551075.1, s__Blautia_A sp900551075, 95.0, 77.94, 0.224; GCA_945864225.1, s__Blautia_A sp945864225, 95.0, 77.91, 0.302; GCA_900541985.1, s__Blautia_A sp900541985, 95.0, 77.91, 0.282; GCA_000702025.1, s__Blautia_A schinkii_A, 95.0, 77.85, 0.233; GCA_022769545.1, s__Blautia_A sp022769545, 95.0, 77.8, 0.191; GCA_900547615.1, s__Blautia_A sp900547615, 95.0, 77.73, 0.239; GCA_944380045.1, s__Blautia_A sp944380045, 95.0, 77.71, 0.16; GCA_945872375.1, s__Blautia_A sp945872375, 95.0, 77.6, 0.193; GCF_002159835.1, s__Blautia_A avistercoris, 95.0, 77.58, 0.136; GCA_018064695.1, s__Blautia_A sp018064695, 95.0, 77.49, 0.103; GCA_019119235.1, s__Blautia_A excrementigallinarum, 95.0, 77.32, 0.152; GCA_019116385.1, s__Blautia_A faecigallinarum, 95.0, 77.31, 0.156; GCA_019118425.1, s__Blautia_A faecavium, 95.0, 77.27, 0.16; GCA_019120475.1, s__Blautia_A intestinipullorum, 95.0, 77.0, 0.158; GCF_000157975.1, s__Blautia_A hydrogenotrophica, 95.0, 76.95, 0.07; GCA_019113745.1, s__Blautia_A intestinavium, 95.0, 76.94, 0.189; GCA_019115125.1, s__Blautia_A faecipullorum, 95.0, 76.92, 0.173; GCA_019118645.1, s__Blautia_A excrementipullorum, 95.0, 76.91, 0.177; GCA_021443885.1, s__Blautia_A sp021443885, 95.0, 76.89, 0.097; GCA_019112635.1, s__Blautia_A intestinigallinarum, 95.0, 76.82, 0.076; GCA_902803215.1, s__Blautia_A sp902803215, 95.0, 76.68, 0.058; GCA_017463155.1, s__Blautia_A sp017463155, 95.0, 76.63, 0.076; GCA_021203365.1, s__Blautia_A sp021203365, 95.0, 76.52, 0.097; GCA_900542045.1, s__Blautia_A gallistercoris, 95.0, 76.25, 0.115; GCA_017420455.1, s__Blautia_A sp017420455, 95.0, 76.23, 0.062; GCA_017515325.1, s__Blautia_A sp017515325, 95.0, 76.05, 0.047; GCA_017459635.1, s__Blautia_A sp017459635, 95.0, 76.03, 0.049; GCA_902783305.1, s__Blautia_A sp902783305, 95.0, 75.69, 0.021; GCA_017475035.1, s__Blautia_A sp017475035, 95.0, 75.68, 0.051; GCA_902782975.1, s__Blautia_A sp902782975, 95.0, 75.57, 0.064; GCA_017515945.1, s__Blautia_A sp017515945, 95.0, 75.22, 0.035	84.39	11	N/A	Genome has more than 10.0% of markers with multiple hits
ERR011349_MEGAHIT_TaxVamb_dRep.1	d__Bacteria;p__Bacillota_A;c__Clostridia;o__TANB77;f__CAG-508;g__CAG-273;s__CAG-273 sp000435755	GCA_000435755.1	95.0	d__Bacteria;p__Bacillota_A;c__Clostridia;o__TANB77;f__CAG-508;g__CAG-273;s__CAG-273 sp000435755	99.84	0.91	GCA_000435755.1	95.0	d__Bacteria;p__Bacillota_A;c__Clostridia;o__TANB77;f__CAG-508;g__CAG-273;s__CAG-273 sp000435755	99.84	0.91	d__Bacteria;p__Bacillota_A;c__Clostridia;o__TANB77;f__CAG-508;g__CAG-273;s__	taxonomic classification defined by topology and ANI	topological placement and ANI have congruent species assignments	GCA_934120135.1, s__CAG-273 sp934120135, 95.0, 94.4, 0.785; GCA_934168365.1, s__CAG-273 sp934168365, 95.0, 94.17, 0.745; GCA_934121875.1, s__CAG-273 sp934121875, 95.0, 89.0, 0.716; GCA_934122155.1, s__CAG-273 sp934122155, 95.0, 88.45, 0.713; GCA_934122125.1, s__CAG-273 sp934122125, 95.0, 88.31, 0.743; GCA_000437855.1, s__CAG-273 sp000437855, 95.0, 87.08, 0.707; GCA_934167305.1, s__CAG-273 sp934167305, 95.0, 86.65, 0.682; GCA_944390525.1, s__CAG-273 sp944390525, 95.0, 80.7, 0.596; GCA_944390505.1, s__CAG-273 sp944390505, 95.0, 79.67, 0.492; GCA_900752095.1, s__CAG-273 sp900752095, 95.0, 79.47, 0.382; GCA_022798335.1, s__CAG-273 sp022798335, 95.0, 79.23, 0.518; GCA_944391885.1, s__CAG-273 sp944391885, 95.0, 79.1, 0.44; GCA_944393435.1, s__CAG-273 sp944393435, 95.0, 79.03, 0.465; GCA_944391825.1, s__CAG-273 sp944391825, 95.0, 79.02, 0.492; GCA_022797635.1, s__CAG-273 sp022797635, 95.0, 79.01, 0.406; GCA_900752335.1, s__CAG-273 sp900752335, 95.0, 79.0, 0.305; GCA_905214245.1, s__CAG-273 sp905214245, 95.0, 78.89, 0.357; GCA_910589185.1, s__CAG-273 sp910589185, 95.0, 78.89, 0.419; GCA_022797215.1, s__CAG-273 sp022797215, 95.0, 78.84, 0.429; GCA_905215615.1, s__CAG-273 sp905215615, 95.0, 78.83, 0.36; GCA_022798895.1, s__CAG-273 sp022798895, 95.0, 78.8, 0.437; GCA_944392105.1, s__CAG-273 sp944392105, 95.0, 78.57, 0.343; GCA_934121885.1, s__CAG-273 sp934121885, 95.0, 78.51, 0.39; GCA_944390395.1, s__CAG-273 sp944390395, 95.0, 78.38, 0.359; GCA_934101145.1, s__CAG-273 sp934101145, 95.0, 78.37, 0.346; GCA_930991035.1, s__CAG-273 sp930991035, 95.0, 78.3, 0.28; GCA_902406115.1, s__CAG-273 sp902406115, 95.0, 78.28, 0.357; GCA_017479865.1, s__CAG-273 sp017479865, 95.0, 78.26, 0.327; GCA_944391855.1, s__CAG-273 sp944391855, 95.0, 78.22, 0.314; GCA_944393405.1, s__CAG-273 sp944393405, 95.0, 78.14, 0.353; GCA_003534295.1, s__CAG-273 sp003534295, 95.0, 78.1, 0.312; GCA_000438355.1, s__CAG-273 sp000438355, 95.0, 78.08, 0.356; GCA_944389745.1, s__CAG-273 sp944389745, 95.0, 78.07, 0.348; GCA_003507395.1, s__CAG-273 sp003507395, 95.0, 78.05, 0.361; GCA_944389655.1, s__CAG-273 sp944389655, 95.0, 78.03, 0.264; GCA_944391835.1, s__CAG-273 sp944391835, 95.0, 78.0, 0.275; GCA_944392455.1, s__CAG-273 sp944392455, 95.0, 77.99, 0.369; GCA_944392445.1, s__CAG-273 sp944392445, 95.0, 77.98, 0.301; GCA_017886645.1, s__CAG-273 sp017886645, 95.0, 77.93, 0.314; GCA_944392545.1, s__CAG-273 sp944392545, 95.0, 77.82, 0.317; GCA_944392085.1, s__CAG-273 sp944392085, 95.0, 77.81, 0.301; GCA_944392465.1, s__CAG-273 sp944392465, 95.0, 77.79, 0.312; GCA_944392435.1, s__CAG-273 sp944392435, 95.0, 77.74, 0.226; GCA_944388985.1, s__CAG-273 sp944388985, 95.0, 77.67, 0.194; GCA_944391015.1, s__CAG-273 sp944391015, 95.0, 77.65, 0.293; GCA_944392505.1, s__CAG-273 sp944392505, 95.0, 77.57, 0.281; GCA_944393025.1, s__CAG-273 sp944393025, 95.0, 77.49, 0.338; GCA_944390365.1, s__CAG-273 sp944390365, 95.0, 77.47, 0.277; GCA_944390995.1, s__CAG-273 sp944390995, 95.0, 77.42, 0.178; GCA_930990645.1, s__CAG-273 sp930990645, 95.0, 77.38, 0.226; GCA_944392065.1, s__CAG-273 sp944392065, 95.0, 77.37, 0.253; GCA_904378095.1, s__CAG-273 sp904378095, 95.0, 77.23, 0.28; GCA_944390515.1, s__CAG-273 sp944390515, 95.0, 77.18, 0.322; GCA_019419955.1, s__CAG-273 sp019419955, 95.0, 77.12, 0.194; GCA_944393505.1, s__CAG-273 sp944393505, 95.0, 77.09, 0.23; GCA_944393165.1, s__CAG-273 sp944393165, 95.0, 77.08, 0.267; GCA_904420285.1, s__CAG-273 sp904420285, 95.0, 77.07, 0.304	82.54	11	N/A	N/A
ERR011349_MEGAHIT_TaxVamb_dRep.2	d__Bacteria;p__Bacillota_A;c__Clostridia;o__Lachnospirales;f__Lachnospiraceae;g__Butyrivibrio_A;s__Butyrivibrio_A crossotus	GCA_025148445.1	95.0	d__Bacteria;p__Bacillota_A;c__Clostridia;o__Lachnospirales;f__Lachnospiraceae;g__Butyrivibrio_A;s__Butyrivibrio_A crossotus	98.66	0.898	GCA_025148445.1	95.0	d__Bacteria;p__Bacillota_A;c__Clostridia;o__Lachnospirales;f__Lachnospiraceae;g__Butyrivibrio_A;s__Butyrivibrio_A crossotus	98.66	0.898	d__Bacteria;p__Bacillota_A;c__Clostridia;o__Lachnospirales;f__Lachnospiraceae;g__Butyrivibrio_A;s__	taxonomic classification defined by topology and ANI	topological placement and ANI have congruent species assignments	GCA_000431815.1, s__Butyrivibrio_A sp000431815, 95.0, 78.59, 0.216; GCA_900768755.1, s__Butyrivibrio_A sp900768755, 95.0, 78.17, 0.1; GCA_016297265.1, s__Butyrivibrio_A sp016297265, 95.0, 78.09, 0.14; GCA_910577605.1, s__Butyrivibrio_A sp910577605, 95.0, 77.0, 0.065; GCA_014799955.1, s__Butyrivibrio_A sp014799955, 95.0, 76.97, 0.068; GCA_900771195.1, s__Butyrivibrio_A sp900771195, 95.0, 76.96, 0.102; GCA_944382105.1, s__Butyrivibrio_A sp944382105, 95.0, 76.81, 0.095; GCA_023665525.1, s__Butyrivibrio_A sp023665525, 95.0, 76.34, 0.046	85.42	11	N/A	Genome has more than 10.0% of markers with multiple hits
