#Annotated with Bakta v1.11.4, https://github.com/oschwengers/bakta
#Database v6.0, https://doi.org/10.5281/zenodo.4247252
#Sequence Id	Start	Stop	Strand	Locus Tag	Mol Weight [kDa]	Iso El. Point	Pfam hits	Dbxrefs
contig_1	21	1403	+	BJCDML_00001	51.8	4.8	PF00133.28|tRNA-synt_1, PF08264.19|Anticodon_1, PF10458.14|Val_tRNA-synt_C	PFAM:PF00133.28, PFAM:PF08264.19, PFAM:PF10458.14
contig_2	329	826	+	BJCDML_00003	17.9	9.2		
contig_2	1876	3441	+	BJCDML_00004	58.0	10.0		
contig_4	81	623	+	BJCDML_00017	19.6	10.0		
contig_5	583	1101	-	BJCDML_00043	19.2	5.8		
contig_7	2023	2355	-	BJCDML_00048	11.9	7.7		
contig_8	985	1086	+	BJCDML_00049	3.9	8.8		
contig_9	17056	17202	+	BJCDML_00064	5.9	9.3		SO:0001217, UniParc:UPI0006C21715, UniRef:UniRef100_A0A174GMF5, UniRef:UniRef50_A0A174GMF5, UniRef:UniRef90_A0A174GMF5
contig_11	282	488	+	BJCDML_00075	7.5	7.8		
contig_11	5642	5863	-	BJCDML_00079	8.5	8.0		
contig_15	350	853	+	BJCDML_00086	18.5	10.7		
contig_15	18569	19081	-	BJCDML_00104	19.9	7.8		
contig_21	3	182	-	BJCDML_00115	7.0	8.8		
contig_23	3123	3410	-	BJCDML_00133	10.9	5.5		RefSeq:WP_005828523.1, SO:0001217, UniParc:UPI00015BF7A1, UniRef:UniRef100_R9HSB3, UniRef:UniRef50_R9HSB3, UniRef:UniRef90_R9HSB3
contig_24	812	1489	-	BJCDML_00147	25.5	9.6	PF13342.12|Toprim_Crpt	PFAM:PF13342.12
contig_26	10400	10624	+	BJCDML_00161	8.5	9.0		RefSeq:WP_004326701.1, SO:0001217, UniParc:UPI0001A2494F, UniRef:UniRef100_A0A3E4ZF47, UniRef:UniRef50_K9DUK3, UniRef:UniRef90_K9DUK3
contig_26	11525	11953	+	BJCDML_00163	16.6	5.0		RefSeq:WP_008673371.1, SO:0001217, UniParc:UPI0001A24952, UniRef:UniRef100_A0A8E6L0I9, UniRef:UniRef50_I8W4F0, UniRef:UniRef90_I8W4F0
contig_26	12988	13161	+	BJCDML_00166	6.7	10.0		RefSeq:WP_008673373.1, SO:0001217, UniParc:UPI0001A2572F, UniRef:UniRef100_A0AAW8VI65, UniRef:UniRef50_A0A8E6L7U8, UniRef:UniRef90_A0A8E6L7U8
contig_26	15791	15949	-	BJCDML_00172	6.1	10.5		
contig_26	19361	19936	+	BJCDML_00178	22.1	9.5		SO:0001217, UniRef:UniRef50_A0A3E4ZF58, UniRef:UniRef90_A0A3E4ZF58
contig_26	20937	21278	+	BJCDML_00181	12.9	8.9		RefSeq:WP_117696800.1, SO:0001217, UniParc:UPI000E445A84, UniRef:UniRef100_A0A6L3K4N9, UniRef:UniRef50_A0A1E9C688, UniRef:UniRef90_A0A412VTG0
contig_26	21288	21635	+	BJCDML_00182	13.5	5.3		RefSeq:WP_117696798.1, SO:0001217, UniParc:UPI000E440807, UniRef:UniRef100_A0A7J5GI25, UniRef:UniRef50_A0A6I0JXW9, UniRef:UniRef90_A0A7J5GI25
contig_26	23593	23829	+	BJCDML_00186	9.2	9.3		RefSeq:WP_007846621.1, SO:0001217, UniParc:UPI0002692A19, UniRef:UniRef100_A0A3E4ZF64, UniRef:UniRef50_K9EG35, UniRef:UniRef90_K9EG35
contig_26	26041	26448	+	BJCDML_00191	16.0	9.1		RefSeq:WP_005794352.1, SO:0001217, UniParc:UPI00025FD49C, UniRef:UniRef100_A0A3E4ZF61, UniRef:UniRef50_I8VNB9, UniRef:UniRef90_A0A3E4ZF61
contig_26	33076	33423	-	BJCDML_00204	13.2	8.9		RefSeq:WP_004326747.1, SO:0001217, UniParc:UPI00025FD4A1, UniRef:UniRef100_A0A3E4ZFN5, UniRef:UniRef50_I8VKB3, UniRef:UniRef90_A0A3E4ZFN5
contig_26	37483	37716	-	BJCDML_00208	8.5	4.8		RefSeq:WP_004326756.1, SO:0001217, UniParc:UPI0001A258E9, UniRef:UniRef100_A0A3E4KJ63, UniRef:UniRef50_A0A3E4ZFZ1, UniRef:UniRef90_A0A3E4ZFZ1
contig_26	37718	38923	-	BJCDML_00209	44.5	4.9		RefSeq:WP_130060812.1, SO:0001217, UniParc:UPI000A9E0254, UniRef:UniRef100_A0A6L3K4G6, UniRef:UniRef50_A0A8S5R7Q0, UniRef:UniRef90_I9R5Y3
contig_27	7950	9011	-	BJCDML_00219	41.1	8.6		
contig_28	49	189	+	BJCDML_00220	5.4	6.5	PF16130.10|DUF4842	PFAM:PF16130.10
contig_30	21	419	+	BJCDML_00231	14.5	5.4	PF01053.26|Cys_Met_Meta_PP	PFAM:PF01053.26
contig_30	8650	9006	-	BJCDML_00236	13.2	7.9	PF18344.7|CBM32	PFAM:PF18344.7
contig_33	2125	2280	-	BJCDML_00250	5.6	4.8		SO:0001217, UniParc:UPI000339F3AB, UniRef:UniRef100_R9I0N3, UniRef:UniRef50_R9I0N3, UniRef:UniRef90_R9I0N3
contig_33	7872	8417	-	BJCDML_00257	21.3	9.6		SO:0001217, UniRef:UniRef50_UPI001E404579, UniRef:UniRef90_UPI001E404579
contig_38	168	1247	+	BJCDML_00289	43.0	5.2		SO:0001217, UniRef:UniRef50_A0A174DXY0, UniRef:UniRef90_A0A174DXY0
contig_41	439	1365	+	BJCDML_00315	33.6	6.1		
contig_43	40	843	+	BJCDML_00331	30.3	5.6		
contig_44	472	813	+	BJCDML_00341	13.0	5.8		
contig_47	8500	8745	-	BJCDML_00356	9.1	6.1		
contig_51	7769	8413	-	BJCDML_00375	24.2	4.6		SO:0001217, UniRef:UniRef50_R9HRN0
contig_53	9055	9450	-	BJCDML_00392	14.7	5.1		RefSeq:WP_117713543.1, SO:0001217, UniParc:UPI000E4465EF, UniRef:UniRef100_A0A3A5ZHX6, UniRef:UniRef50_A0A3A5WUV6, UniRef:UniRef90_A0A3A5WUV6
contig_53	10572	10718	+	BJCDML_00394	5.7	8.9		SO:0001217, UniRef:UniRef50_A0AAW6GVP1, UniRef:UniRef90_UPI001402C1C2
contig_55	917	1897	+	BJCDML_00401	37.1	8.9		SO:0001217, UniRef:UniRef50_K9E728, UniRef:UniRef90_A0A174LK96
contig_56	20	1021	+	BJCDML_00402	37.3	5.0	PF07980.17|SusD_RagB	PFAM:PF07980.17
contig_56	7128	7238	-	BJCDML_00407	4.2	5.6		
contig_58	1167	1409	-	BJCDML_00414	8.0	4.1		
contig_59	104	1237	+	BJCDML_00415	41.6	9.9		
contig_59	7013	7669	-	BJCDML_00419	24.7	9.1	PF07980.17|SusD_RagB	PFAM:PF07980.17
contig_60	7966	8070	-	BJCDML_00427	4.3	10.5		SO:0001217, UniParc:UPI000268D8B1, UniRef:UniRef100_R9I0K0, UniRef:UniRef50_R9I0K0, UniRef:UniRef90_R9I0K0
contig_60	13385	13540	+	BJCDML_00432	5.8	6.9		RefSeq:WP_165853744.1, SO:0001217, UniParc:UPI001403D1B3, UniRef:UniRef100_A0A174H2C4, UniRef:UniRef50_A0A174H2C4, UniRef:UniRef90_A0A174H2C4
contig_61	479	646	-	BJCDML_00446	6.4	4.1		SO:0001217, UniParc:UPI0003382D79, UniRef:UniRef100_A0A1Q6IGS0, UniRef:UniRef50_A0A1Q6IGS0, UniRef:UniRef90_A0A6I0LV61
contig_64	320	553	+	BJCDML_00456	8.8	9.4		
contig_65	3	983	+	BJCDML_00464	37.1	6.0		
contig_66	8	481	+	BJCDML_00470	18.0	6.3	PF01648.25|ACPS	PFAM:PF01648.25
contig_68	157	1281	+	BJCDML_00485	39.2	5.3	PF00395.25|SLH	PFAM:PF00395.25
contig_69	269	847	+	BJCDML_00486	19.8	4.2		
contig_69	1018	1335	+	BJCDML_00487	11.9	4.2		
contig_69	2232	2774	+	BJCDML_00489	21.2	9.7		
contig_69	3342	4136	+	BJCDML_00490	28.9	4.4		
contig_69	4176	4976	+	BJCDML_00491	28.6	4.2		
contig_69	4993	5766	+	BJCDML_00492	27.4	4.2		
contig_70	1446	1595	-	BJCDML_00495	5.5	5.1		
contig_71	654	836	+	BJCDML_00496	7.3	9.1		SO:0001217, UniParc:UPI000268E6DA, UniRef:UniRef100_A0A174VR90, UniRef:UniRef50_A0A174VR90, UniRef:UniRef90_A0A174VR90
contig_72	22	657	+	BJCDML_00498	24.3	7.7		
contig_72	674	1036	+	BJCDML_00499	14.4	9.1		SO:0001217, UniParc:UPI0002132DB8, UniRef:UniRef100_A0A7J5KZ69, UniRef:UniRef50_A0A3E4ZCD6, UniRef:UniRef90_A0A3E4ZCD6
contig_72	1085	1231	+	BJCDML_00500	5.5	6.7		SO:0001217, UniParc:UPI000280241B, UniRef:UniRef100_A0A415SX57, UniRef:UniRef50_A0A415SX57, UniRef:UniRef90_A0A415SX57
contig_72	1280	2047	-	BJCDML_00501	28.3	6.3		
contig_74	568	891	+	BJCDML_00512	12.2	6.4		
contig_74	2154	2525	-	BJCDML_00515	13.9	7.6		RefSeq:WP_005823953.1, SO:0001217, UniParc:UPI00015BF70F, UniRef:UniRef100_A0A078SU28, UniRef:UniRef50_F3PTK1, UniRef:UniRef90_R9HR53
contig_75	5029	5205	+	BJCDML_00522	6.6	4.5		RefSeq:WP_005680036.1, SO:0001217, UniParc:UPI0001AFC932, UniRef:UniRef100_I8XVD0, UniRef:UniRef50_S0FCI4, UniRef:UniRef90_I8XVD0
contig_75	7318	7422	-	BJCDML_00527	3.8	10.0		SO:0001217, UniParc:UPI00015AC234, UniRef:UniRef100_I8XVC6, UniRef:UniRef50_I8XVC6, UniRef:UniRef90_I8XVC6
contig_75	8248	8385	-	BJCDML_00529	5.5	9.4		
contig_76	178	285	+	BJCDML_00530	3.9	9.3		
contig_76	688	1155	+	BJCDML_00531	17.9	5.0		SO:0001217, UniRef:UniRef50_A0AAE7V534, UniRef:UniRef90_A0AAE7V534
contig_76	2141	3001	+	BJCDML_00534	34.0	5.2		SO:0001217, UniRef:UniRef50_A0AAE7S069, UniRef:UniRef90_A0AAE7S069
contig_78	91	618	+	BJCDML_00543	19.6	5.2		
contig_79	1082	1564	-	BJCDML_00546	18.9	9.8		
contig_81	58	414	+	BJCDML_00552	12.4	4.7		
contig_82	2420	2698	-	BJCDML_00558	9.8	4.6		
contig_84	7776	7991	+	BJCDML_00589	8.5	10.6		SO:0001217, UniRef:UniRef50_A0A3E5EAU0, UniRef:UniRef90_A0A3E5EAU0
contig_84	14559	14885	-	BJCDML_00594	12.3	5.4		RefSeq:WP_051642936.1, SO:0001217, UniParc:UPI0004D4D5AF, UniRef:UniRef100_A0AAE4IHZ9, UniRef:UniRef50_A0A4Y1VJ08, UniRef:UniRef90_A0A4Y1VJ08
contig_87	15	668	+	BJCDML_00604	23.0	5.1		
contig_87	13758	14102	-	BJCDML_00618	12.6	6.3		
contig_90	113	487	+	BJCDML_00623	13.0	4.4		
contig_90	2163	4730	-	BJCDML_00625	93.9	6.8	PF01645.23|Glu_synthase, PF04898.20|Glu_syn_central	PFAM:PF01645.23, PFAM:PF04898.20
contig_92	25	183	+	BJCDML_00627	5.8	11.7		
contig_92	694	1716	-	BJCDML_00628	38.7	7.5		
contig_95	10061	10195	-	BJCDML_00640	5.5	6.1		SO:0001217, UniParc:UPI00015BF25E, UniRef:UniRef100_R9HWJ8, UniRef:UniRef50_R9HWJ8, UniRef:UniRef90_R9HWJ8
contig_96	25444	25620	-	BJCDML_00669	6.6	9.1		SO:0001217, UniParc:UPI0004D4FFA4, UniRef:UniRef100_A0A078SAE2, UniRef:UniRef50_A0A078SAE2, UniRef:UniRef90_A0A078SAE2
contig_98	3	707	+	BJCDML_00688	26.6	8.9		
contig_98	14530	14715	+	BJCDML_00699	7.1	8.8		SO:0001217, UniParc:UPI000268E35A, UniRef:UniRef100_R9HR03, UniRef:UniRef50_R9HR03, UniRef:UniRef90_R9HR03
contig_99	11686	12147	-	BJCDML_00723	16.2	4.2		
contig_100	277	687	+	BJCDML_00724	15.1	5.4		
contig_103	568	771	+	BJCDML_00736	7.1	7.9		
contig_104	412	864	-	BJCDML_00744	17.2	9.6		
contig_107	164	316	+	BJCDML_00749	5.6	4.8		
contig_108	22	237	+	BJCDML_00766	8.3	7.8		
contig_108	243	563	+	BJCDML_00767	12.0	4.3		RefSeq:WP_004303957.1, SO:0001217, UniParc:UPI000197AE68, UniRef:UniRef100_A0A3E4ZC64, UniRef:UniRef50_A0A3E4ZC64, UniRef:UniRef90_A0A3E4ZC64
contig_108	766	1011	+	BJCDML_00768	9.4	4.9		RefSeq:WP_004293638.1, SO:0001217, UniParc:UPI000197AF43, UniRef:UniRef100_A0A3E4ZC30, UniRef:UniRef50_A0A4Y1WXB9, UniRef:UniRef90_A0A3E4ZC30
contig_109	178	483	+	BJCDML_00769	12.0	9.7		
contig_110	1978	2313	-	BJCDML_00776	12.4	4.2		
contig_111	45	893	+	BJCDML_00777	33.0	7.5		SO:0001217, UniParc:UPI0004DA38C4, UniRef:UniRef100_A0A174TCX0, UniRef:UniRef50_A0A174TCX0, UniRef:UniRef90_A0A174TCX0
contig_111	884	1927	+	BJCDML_00778	39.6	8.6		RefSeq:WP_035448112.1, SO:0001217, UniParc:UPI0004D5CF93, UniRef:UniRef100_A0A174TCR8, UniRef:UniRef50_A0A174TCR8, UniRef:UniRef90_A0A174TCR8
contig_112	4380	4508	-	BJCDML_00784	5.1	8.2		SO:0001217, UniParc:UPI00033F4881, UniRef:UniRef100_A0A174H881, UniRef:UniRef50_A0A174H881, UniRef:UniRef90_A0A174H881
contig_112	15341	15442	+	BJCDML_00795	3.7	4.1		
contig_114	262	678	+	BJCDML_00805	15.8	5.6		
contig_114	699	2882	+	BJCDML_00806	79.7	5.2	PF07728.20|AAA_5	PFAM:PF07728.20
contig_114	2928	5477	+	BJCDML_00807	94.4	4.9	PF00092.34|VWA, PF11775.14|CobT_C	PFAM:PF00092.34, PFAM:PF11775.14
contig_114	5526	6077	-	BJCDML_00808	21.0	4.8	PF10502.14|Peptidase_S26	PFAM:PF10502.14
contig_114	6314	8554	+	BJCDML_00809	83.0	8.6		
contig_115	9885	10298	-	BJCDML_00816	15.2	4.9		
contig_117	151	582	-	BJCDML_00818	16.3	11.5		
contig_119	665	1576	+	BJCDML_00819	33.2	4.9		
contig_119	2443	3117	-	BJCDML_00820	25.2	6.5		
contig_124	149	298	+	BJCDML_00831	5.5	4.7		
contig_125	4451	4588	-	BJCDML_00838	5.5	6.8		
contig_125	10425	11153	-	BJCDML_00844	26.6	6.8	PF02687.27|FtsX	PFAM:PF02687.27
contig_126	2191	2601	-	BJCDML_00846	15.4	9.5		
contig_127	17405	17608	+	BJCDML_00856	7.6	8.8		
contig_127	34409	35545	-	BJCDML_00864	42.5	6.1		
contig_129	2919	3182	-	BJCDML_00871	10.0	4.2		
contig_130	36	728	+	BJCDML_00872	26.3	10.2		
contig_132	522	638	+	BJCDML_00885	4.4	10.3		
contig_132	3146	3424	-	BJCDML_00888	10.4	5.1	PF16874.11|Glyco_hydro_36C	PFAM:PF16874.11
contig_133	5079	5264	-	BJCDML_00893	7.1	9.8		SO:0001217, UniParc:UPI000268E61B, UniRef:UniRef100_A0A646HGS7, UniRef:UniRef50_R9IAZ5, UniRef:UniRef90_A0A646HGS7
contig_133	7145	7990	-	BJCDML_00896	32.9	6.1		
contig_135	44	499	+	BJCDML_00898	17.2	7.0		SO:0001217, UniRef:UniRef50_UPI001E36EBCF, UniRef:UniRef90_UPI001E36EBCF
contig_135	474	758	+	BJCDML_00899	10.8	5.2		SO:0001217, UniRef:UniRef50_A0A1M6IUL7, UniRef:UniRef90_A0A3E5B2H2
contig_135	1364	1576	+	BJCDML_00901	8.1	9.3		RefSeq:WP_005828986.1, SO:0001217, UniParc:UPI00015BF527, UniRef:UniRef100_A0A174VYE5, UniRef:UniRef50_E6SU95, UniRef:UniRef90_A0A412DMU6
contig_135	3256	3687	+	BJCDML_00903	16.7	9.9		
contig_135	3829	4125	-	BJCDML_00904	11.5	11.0		RefSeq:WP_057253957.1, SO:0001217, UniParc:UPI0006BF06B3, UniRef:UniRef100_A0A174SVG3, UniRef:UniRef50_A0A174SVG3, UniRef:UniRef90_A0A174SVG3
contig_135	4141	4338	+	BJCDML_00905	7.8	8.9		RefSeq:WP_057253960.1, SO:0001217, UniParc:UPI0006C41707, UniRef:UniRef100_A0A174U5S3, UniRef:UniRef50_E6SU97, UniRef:UniRef90_E6SU97
contig_135	4818	5309	+	BJCDML_00907	18.7	8.8		RefSeq:WP_057253965.1, SO:0001217, UniParc:UPI0006C4035F, UniRef:UniRef100_A0A174TY08, UniRef:UniRef50_E6SU99, UniRef:UniRef90_A0A174TY08
contig_135	7159	8253	+	BJCDML_00911	41.2	5.6		RefSeq:WP_117713827.1, SO:0001217, UniParc:UPI000E438627, UniRef:UniRef100_A0AAE4IIK2, UniRef:UniRef50_A0A174SUM3, UniRef:UniRef90_A0A174SUM3
contig_135	8263	8541	+	BJCDML_00912	10.7	9.3		RefSeq:WP_005829015.1, SO:0001217, UniParc:UPI00015BF5FA, UniRef:UniRef100_A0A174U687, UniRef:UniRef50_E6SUA4, UniRef:UniRef90_E6SUA4
contig_136	1453	1605	-	BJCDML_00918	6.0	10.1		SO:0001217, UniParc:UPI0003378249, UniRef:UniRef100_A0A6N2UGX8, UniRef:UniRef50_A0A078S059, UniRef:UniRef90_A0A078S059
contig_138	18	272	+	BJCDML_00928	9.9	5.1		
contig_138	269	1057	+	BJCDML_00929	30.8	9.4		RefSeq:WP_005829021.1, SO:0001217, UniParc:UPI00015BF5FD, UniRef:UniRef100_A0A173XG09, UniRef:UniRef50_E6SUN5, UniRef:UniRef90_A0A078S4F6
contig_138	1054	1530	+	BJCDML_00930	18.3	4.9		RefSeq:WP_005829022.1, SO:0001217, UniParc:UPI00015BF5FE, UniRef:UniRef100_A0A173XIF8, UniRef:UniRef50_A0A173XIF8, UniRef:UniRef90_A0A3A5X0E9
contig_138	1672	2517	-	BJCDML_00931	30.0	5.9		
contig_138	2746	3075	-	BJCDML_00932	12.4	5.3		
contig_139	16	225	+	BJCDML_00933	8.0	6.2	PF07980.17|SusD_RagB	PFAM:PF07980.17
contig_139	7605	8282	-	BJCDML_00938	25.5	7.8	PF01915.27|Glyco_hydro_3_C	PFAM:PF01915.27
contig_140	77	445	-	BJCDML_00939	13.6	10.5		
contig_141	36803	37162	-	BJCDML_00973	13.1	7.0	PF01551.29|Peptidase_M23	PFAM:PF01551.29
contig_142	5932	6726	-	BJCDML_00980	30.0	10.4		
contig_143	14263	14802	-	BJCDML_00991	20.2	8.5	PF08299.17|Bac_DnaA_C	PFAM:PF08299.17
contig_145	9806	9895	-	BJCDML_01004	3.5	8.9		SO:0001217, UniParc:UPI000268D88F, UniRef:UniRef100_A0A174GW64, UniRef:UniRef50_A0A174GW64, UniRef:UniRef90_A0A174GW64
contig_145	30163	30330	-	BJCDML_01027	6.2	9.4		
contig_145	30512	30667	-	BJCDML_01028	6.1	4.6		
contig_149	1189	1605	-	BJCDML_01034	15.2	6.9		
contig_151	11	1171	+	BJCDML_01038	42.8	7.0		
contig_151	23460	23555	+	BJCDML_01057	3.9	5.7		SO:0001217, UniParc:UPI000268E467, UniRef:UniRef100_R9HWK3, UniRef:UniRef50_R9HWK3, UniRef:UniRef90_R9HWK3
contig_151	28396	28791	-	BJCDML_01060	15.0	4.2		
contig_153	24	698	+	BJCDML_01061	25.8	8.1		
contig_153	949	1884	-	BJCDML_01062	33.9	7.0		
contig_154	9522	9689	-	BJCDML_01071	6.0	11.0		
contig_156	8147	8890	-	BJCDML_01082	29.1	7.0		
contig_157	398	604	-	BJCDML_01083	7.9	8.7		SO:0001217, UniParc:UPI0001789D74, UniRef:UniRef100_A0A414PNC8, UniRef:UniRef50_A0A414PNC8, UniRef:UniRef90_A0A414PNC8
contig_157	1040	1741	-	BJCDML_01084	27.2	8.6		RefSeq:WP_225719306.1, SO:0001217, UniParc:UPI0006C6BF54, UniRef:UniRef100_A0A413MWC6, UniRef:UniRef50_A0A4S1ZFY1, UniRef:UniRef90_A0A015ZHX0
contig_158	11381	11650	+	BJCDML_01096	10.1	7.8		RefSeq:WP_005826660.1, SO:0001217, UniParc:UPI00015BF688, UniRef:UniRef100_R9HV50, UniRef:UniRef50_E6SNU5, UniRef:UniRef90_R9HV50
contig_159	67	663	+	BJCDML_01101	22.6	5.4	PF00728.28|Glyco_hydro_20	PFAM:PF00728.28
contig_162	3814	4095	+	BJCDML_01125	11.0	9.4		SO:0001217, UniParc:UPI00033ACACC, UniRef:UniRef100_A0A6N2SUL0, UniRef:UniRef50_A0A6N2SUL0, UniRef:UniRef90_A0A6N2SUL0
contig_163	402	530	+	BJCDML_01134	4.9	4.2		RefSeq:WP_005837113.1, SO:0001217, UniParc:UPI000268DB01, UniRef:UniRef100_R9I0W7, UniRef:UniRef50_R9I0W7, UniRef:UniRef90_R9I0W7
contig_163	16814	17488	-	BJCDML_01150	24.4	6.4		
contig_169	4165	4581	-	BJCDML_01192	15.2	6.6		
contig_174	62	256	+	BJCDML_01203	7.1	5.5		
contig_174	8533	8715	-	BJCDML_01212	6.6	9.2		RefSeq:WP_005828120.1, SO:0001217, UniParc:UPI00015BF0CC, UniRef:UniRef100_R9I3P9, UniRef:UniRef50_R9I3P9, UniRef:UniRef90_R9I3P9
contig_174	13630	13821	-	BJCDML_01218	7.2	9.8	PF03880.21|DbpA	PFAM:PF03880.21
contig_175	19	222	+	BJCDML_01219	8.1	7.7		
contig_177	62	1867	+	BJCDML_01229	69.4	5.0	PF13402.12|Peptidase_M60, PF17291.7|M60-like_N	PFAM:PF13402.12, PFAM:PF17291.7
contig_181	80	889	+	BJCDML_01256	30.7	7.7	PF02929.23|Bgal_small_N	PFAM:PF02929.23
contig_181	5381	5995	-	BJCDML_01260	21.6	4.8		
contig_182	481	768	-	BJCDML_01262	10.5	4.5		RefSeq:WP_004293578.1, SO:0001217, UniParc:UPI0001A2677B, UniRef:UniRef100_A0A412E5A4, UniRef:UniRef50_A0A412E5A4, UniRef:UniRef90_A0A412E5A4
contig_182	820	1365	-	BJCDML_01263	19.9	8.6		
contig_183	36	683	+	BJCDML_01264	25.0	6.1		
contig_184	57	155	+	BJCDML_01269	3.7	4.3		
contig_186	2529	2636	+	BJCDML_01299	4.2	8.3		
contig_187	10	261	+	BJCDML_01300	9.9	6.3		
contig_188	487	1089	-	BJCDML_01309	22.8	9.3		
contig_190	10599	11018	-	BJCDML_01324	16.2	7.7	PF12705.13|PDDEXK_1	PFAM:PF12705.13
contig_191	34	1794	+	BJCDML_01325	66.5	5.9	PF07971.18|Glyco_hydro_92, PF17678.7|Glyco_hydro_92N	PFAM:PF07971.18, PFAM:PF17678.7
contig_194	7276	7551	-	BJCDML_01347	10.8	10.3		
contig_195	3593	4129	+	BJCDML_01350	20.1	6.5		RefSeq:WP_009037556.1, SO:0001217, UniParc:UPI0001BEEB82, UniRef:UniRef100_A0AB37L4J5, UniRef:UniRef50_R9I329, UniRef:UniRef90_R9I329
contig_195	35121	35486	-	BJCDML_01367	13.5	9.9		
contig_196	39	719	+	BJCDML_01368	26.3	10.0		
contig_196	2557	2793	-	BJCDML_01370	8.8	11.6		RefSeq:WP_005833018.1, SO:0001217, UniParc:UPI000268E2F5, UniRef:UniRef100_A0A174RSK5, UniRef:UniRef50_R9HX21, UniRef:UniRef90_R9HX21
contig_197	3054	3332	-	BJCDML_01383	10.8	6.0		
contig_198	478	942	+	BJCDML_01384	18.1	10.4		
contig_198	1117	1248	+	BJCDML_01385	4.7	7.8		
contig_200	37	780	+	BJCDML_01401	26.7	5.8	PF00403.32|HMA, PF00702.32|Hydrolase, PF08282.18|Hydrolase_3	PFAM:PF00403.32, PFAM:PF00702.32, PFAM:PF08282.18
contig_202	72	278	+	BJCDML_01409	8.1	9.4		
contig_203	4675	4776	+	BJCDML_01422	4.1	10.1		SO:0001217, UniParc:UPI0006C208E9, UniRef:UniRef100_A0A174RWI9, UniRef:UniRef50_A0A174V8B5, UniRef:UniRef90_A0A174V8B5
contig_203	21083	21211	-	BJCDML_01435	4.8	9.4		
contig_203	21429	21716	-	BJCDML_01436	11.6	9.4		
contig_204	6393	6782	+	BJCDML_01449	14.1	5.7		RefSeq:WP_117714055.1, SO:0001217, UniParc:UPI000E440BA3, UniRef:UniRef100_UPI000E440BA3, UniRef:UniRef50_I8ZEI9, UniRef:UniRef90_I8ZEI9
contig_204	6725	6832	-	BJCDML_01450	4.0	5.5		SO:0001217, UniRef:UniRef50_I9TW16, UniRef:UniRef90_I9TW16
contig_204	6979	7404	+	BJCDML_01451	15.8	6.4		RefSeq:WP_310591123.1, SO:0001217, UniParc:UPI0020529244, UniRef:UniRef100_UPI0020529244, UniRef:UniRef50_UPI001E42D41E, UniRef:UniRef90_UPI0020529244
contig_205	472	906	+	BJCDML_01452	15.6	6.3		
contig_207	5622	5711	-	BJCDML_01461	3.6	11.0		SO:0001217, UniParc:UPI0006C3FEF7, UniRef:UniRef100_A0A174NJH3, UniRef:UniRef50_A0A174NJH3, UniRef:UniRef90_A0A174NJH3
contig_207	15275	16318	-	BJCDML_01469	39.9	9.3		
contig_209	112	243	+	BJCDML_01475	5.4	7.9		
contig_210	29	337	+	BJCDML_01479	11.5	4.7	PF14509.12|GH97_C	PFAM:PF14509.12
contig_211	4147	4524	-	BJCDML_01491	13.8	4.6		
contig_212	34	1248	+	BJCDML_01492	44.9	4.5		
contig_216	2882	3346	-	BJCDML_01514	17.3	4.5		
contig_216	3961	4377	+	BJCDML_01515	16.1	11.5		
contig_217	48	554	+	BJCDML_01516	18.5	4.5		
contig_218	24	149	+	BJCDML_01533	4.7	10.1		
contig_219	104	262	-	BJCDML_01539	5.8	4.4		SO:0001217, UniRef:UniRef50_A0A1C5T571, UniRef:UniRef90_A0A1C5T571
contig_219	246	521	-	BJCDML_01540	10.8	4.9		
contig_219	2450	3232	-	BJCDML_01544	29.0	6.8		SO:0001217, UniRef:UniRef50_A0A1C5T5J7, UniRef:UniRef90_A0A1C5T5J7
contig_219	3239	3550	-	BJCDML_01545	11.9	4.2		SO:0001217, UniRef:UniRef50_A0AAE3IIB7, UniRef:UniRef90_A0AAE3IIB7
contig_219	3559	3762	-	BJCDML_01546	7.8	7.7		SO:0001217, UniRef:UniRef50_A0AAE3IM28, UniRef:UniRef90_A0AAE3IM28
contig_219	5256	5609	-	BJCDML_01548	13.7	5.9		SO:0001217, UniRef:UniRef50_A0AAE3IL19, UniRef:UniRef90_A0AAE3IL19
contig_219	5627	5827	-	BJCDML_01549	8.4	9.7		
contig_219	5811	5906	-	BJCDML_01550	3.9	4.1		
contig_219	6360	6563	-	BJCDML_01552	7.8	4.8		
contig_219	6687	7235	-	BJCDML_01553	21.6	5.2		SO:0001217, UniRef:UniRef50_UPI00164450CA
contig_219	8122	8280	-	BJCDML_01555	6.2	10.0		
contig_219	8281	8547	-	BJCDML_01556	10.9	6.1		SO:0001217, UniParc:UPI00082349B7, UniRef:UniRef100_A0A1C6DEC4, UniRef:UniRef50_A0A1C6DEC4, UniRef:UniRef90_A0A1C6DEC4
contig_219	9083	9550	-	BJCDML_01558	17.6	8.5		
contig_219	9617	9739	-	BJCDML_01559	4.8	7.8		
contig_219	9831	10295	-	BJCDML_01560	18.0	5.4		
contig_220	230	358	+	BJCDML_01561	5.0	4.2		
contig_223	5483	5644	-	BJCDML_01581	6.0	4.8		RefSeq:WP_186905521.1, SO:0001217, UniParc:UPI00164CBEA8, UniRef:UniRef100_A0A396CS89, UniRef:UniRef50_A0A396CS89, UniRef:UniRef90_A0A396CS89
contig_223	6822	7178	-	BJCDML_01584	13.2	9.1		SO:0001217, UniParc:UPI0001BEEB1F, UniRef:UniRef100_A0A078RX45, UniRef:UniRef50_A0A078RX45, UniRef:UniRef90_A0A078RX45
contig_225	2133	3182	-	BJCDML_01593	39.5	6.0		
contig_227	36	506	+	BJCDML_01601	17.5	6.3		
contig_227	18331	18996	-	BJCDML_01610	25.3	9.3	PF16344.10|FecR_C	PFAM:PF16344.10
contig_229	9478	9660	-	BJCDML_01625	6.7	9.8		SO:0001217, UniParc:UPI00033A84DF, UniRef:UniRef100_R9I159, UniRef:UniRef50_R9I159, UniRef:UniRef90_R9I159
contig_229	9620	9718	-	BJCDML_01626	3.9	10.0		SO:0001217, UniParc:UPI00033A0348, UniRef:UniRef100_R9I134, UniRef:UniRef50_R9I134, UniRef:UniRef90_R9I134
contig_229	9726	9920	-	BJCDML_01627	7.8	8.9		SO:0001217, UniParc:UPI00033FBC22, UniRef:UniRef100_R9I1B0, UniRef:UniRef50_R9I1B0, UniRef:UniRef90_R9I1B0
contig_231	7065	7376	-	BJCDML_01639	11.3	5.7	PF03458.18|Gly_transporter	PFAM:PF03458.18
contig_233	555	656	+	BJCDML_01642	3.8	7.9		
contig_233	15288	15473	-	BJCDML_01658	7.2	9.1		
contig_233	16947	17282	-	BJCDML_01660	13.0	5.5		
contig_235	15779	16003	+	BJCDML_01678	8.3	4.3		RefSeq:WP_057254184.1, SO:0001217, UniParc:UPI0006C6B04C, UniRef:UniRef100_A0A174V5Q6, UniRef:UniRef50_A0A174V5Q6, UniRef:UniRef90_A0A174V5Q6
contig_235	16045	16203	+	BJCDML_01679	5.7	5.4		
contig_237	245	403	+	BJCDML_01686	5.7	9.4		
contig_237	1351	1584	+	BJCDML_01687	8.7	10.1		
contig_239	2637	3230	-	BJCDML_01696	22.2	5.4	PF02875.26|Mur_ligase_C	PFAM:PF02875.26
contig_241	51	1961	+	BJCDML_01697	70.1	5.2	PF03793.24|PASTA	PFAM:PF03793.24
contig_241	1864	2274	-	BJCDML_01698	15.2	10.0		
contig_242	39634	39858	-	BJCDML_01717	7.9	6.5	PF00455.28|DeoRC	PFAM:PF00455.28
contig_243	682	1053	-	BJCDML_01719	14.2	9.9		SO:0001217, UniParc:UPI000E445DF5, UniRef:UniRef100_A0A414IKB6, UniRef:UniRef50_R9HU71, UniRef:UniRef90_R9HU71
contig_243	4411	4650	-	BJCDML_01724	9.1	7.9	PF03938.19|OmpH	PFAM:PF03938.19
contig_247	6574	6714	-	BJCDML_01749	5.4	9.7		SO:0001217, UniParc:UPI0002F907A1, UniRef:UniRef100_R9I1Q6, UniRef:UniRef50_R9I1Q6, UniRef:UniRef90_R9I1Q6
contig_248	9233	9361	-	BJCDML_01764	4.6	9.3		SO:0001217, UniParc:UPI000268DEB7, UniRef:UniRef100_R9HX35, UniRef:UniRef50_A0A380ZD45, UniRef:UniRef90_R9HX35
contig_248	13822	14076	-	BJCDML_01770	10.2	9.4		SO:0001217, UniParc:UPI0006C5E8D6, UniRef:UniRef100_A0A173WS85, UniRef:UniRef50_A0A173WS85, UniRef:UniRef90_A0A173WS85
contig_248	15692	15967	+	BJCDML_01774	10.3	10.6		RefSeq:WP_022401417.1, SO:0001217, UniParc:UPI0003404BBF, UniRef:UniRef100_A0A894KHC7, UniRef:UniRef50_A0A174MH83, UniRef:UniRef90_A0A174MH83
contig_248	20035	20274	-	BJCDML_01778	8.7	9.5		
contig_249	8787	10073	-	BJCDML_01784	45.1	5.9		
contig_250	3218	3652	-	BJCDML_01791	15.9	9.7		
contig_251	287	565	+	BJCDML_01792	10.7	10.5		
contig_252	89	1144	+	BJCDML_01795	40.6	9.3		SO:0001217, UniRef:UniRef50_UPI001F3E80C9
contig_253	190	516	+	BJCDML_01799	11.6	5.4		
contig_254	186	497	+	BJCDML_01801	11.6	4.8	PF02826.25|2-Hacid_dh_C	PFAM:PF02826.25
contig_255	20921	21583	-	BJCDML_01821	24.2	5.0	PF00754.31|F5_F8_type_C	PFAM:PF00754.31
contig_256	29614	30336	+	BJCDML_01837	25.9	7.6		RefSeq:WP_005825006.1, SO:0001217, UniParc:UPI00015BE39E, UniRef:UniRef100_R9HYT0, UniRef:UniRef50_R9HYT0, UniRef:UniRef90_R9HYT0
contig_258	1543	2724	-	BJCDML_01862	44.0	5.5	PF01175.24|Urocanase, PF17392.7|Urocanase_C	PFAM:PF01175.24, PFAM:PF17392.7
contig_260	2037	2936	-	BJCDML_01865	33.3	6.2		
contig_262	34	231	+	BJCDML_01876	7.4	8.9		RefSeq:WP_057254190.1, SO:0001217, UniParc:UPI0006C3086C, UniRef:UniRef100_A0A174V9D4, UniRef:UniRef50_A0A975Q691, UniRef:UniRef90_A0A174V9D4
contig_262	252	611	+	BJCDML_01877	13.7	9.0		RefSeq:WP_057254194.1, SO:0001217, UniParc:UPI0006C440EC, UniRef:UniRef100_A0A174VDN5, UniRef:UniRef50_R9I2L0, UniRef:UniRef90_R9I2L0
contig_262	678	956	+	BJCDML_01878	11.1	4.3		RefSeq:WP_057254192.1, SO:0001217, UniParc:UPI0006C4EC08, UniRef:UniRef100_A0A174VDR9, UniRef:UniRef50_A0A174VDR9, UniRef:UniRef90_A0A174VDR9
contig_262	5217	5699	+	BJCDML_01881	17.9	4.5		SO:0001217, UniRef:UniRef50_E6SU88, UniRef:UniRef90_A0A078SH18
contig_262	8201	8803	+	BJCDML_01884	22.0	4.7		RefSeq:WP_005828980.1, SO:0001217, UniParc:UPI00015BF522, UniRef:UniRef100_A0A173XEJ7, UniRef:UniRef50_E6SU91, UniRef:UniRef90_A0A1M6IUY6
contig_264	1193	1747	+	BJCDML_01909	19.6	4.3		
contig_265	152	655	+	BJCDML_01910	18.5	10.0		
contig_265	8958	9047	-	BJCDML_01916	3.5	4.7		SO:0001217, UniParc:UPI000268DC78, UniRef:UniRef100_R9HXA4, UniRef:UniRef50_R9HXA4, UniRef:UniRef90_R9HXA4
contig_265	19780	19935	-	BJCDML_01925	6.1	9.6		
contig_266	3	98	-	BJCDML_01926	3.5	4.1		
contig_266	199	291	-	BJCDML_01927	3.7	4.7		
contig_266	309	929	+	BJCDML_01928	22.3	5.3		
contig_267	132	716	+	BJCDML_01930	21.4	5.2		
contig_267	1677	2294	+	BJCDML_01931	23.1	4.5		
contig_268	368	688	+	BJCDML_01942	12.6	9.6		
contig_269	571	936	+	BJCDML_01946	14.7	9.6		
contig_269	1113	1367	+	BJCDML_01947	10.2	8.1		
contig_269	1458	1562	-	BJCDML_01948	4.1	9.4		
contig_270	7467	7763	-	BJCDML_01959	11.5	9.0		SO:0001217, UniParc:UPI000A02C899, UniRef:UniRef100_A0A3E4QTY6, UniRef:UniRef50_R9HT99, UniRef:UniRef90_R9HT99
contig_270	25370	25525	+	BJCDML_01976	6.2	9.7		SO:0001217, UniParc:UPI000268DC65, UniRef:UniRef100_A0A285TD82, UniRef:UniRef50_A0A285TD82, UniRef:UniRef90_A0A285TD82
contig_270	44439	44564	-	BJCDML_01993	4.9	10.0		SO:0001217, UniParc:UPI0006C0DD4E, UniRef:UniRef100_A0A174DL85, UniRef:UniRef90_A0A174DL85
contig_271	12344	12709	+	BJCDML_02001	13.9	5.9		RefSeq:WP_005823632.1, SO:0001217, UniParc:UPI00015BEE86, UniRef:UniRef100_R9I9Q5, UniRef:UniRef50_K9EGU8, UniRef:UniRef90_R9I9Q5
contig_272	869	1144	+	BJCDML_02006	10.5	4.4		
contig_273	6718	6885	-	BJCDML_02015	5.8	4.9		RefSeq:WP_005827893.1, SO:0001217, UniParc:UPI00015BF840, UniRef:UniRef100_UPI00015BF840, UniRef:UniRef50_A0A174LN72, UniRef:UniRef90_A0A174LN72
contig_274	2371	2961	+	BJCDML_02025	21.9	10.4		SO:0001217, UniRef:UniRef50_A0A3A6KQ51, UniRef:UniRef90_A0A3A6KQ51
contig_276	4403	4702	+	BJCDML_02041	11.7	4.8	PF00190.28|Cupin_1, PF02311.25|AraC_binding, PF07883.17|Cupin_2	PFAM:PF00190.28, PFAM:PF02311.25, PFAM:PF07883.17
contig_277	489	668	-	BJCDML_02043	7.3	10.1		
contig_278	3366	3872	-	BJCDML_02047	19.3	6.4		
contig_280	210	977	+	BJCDML_02068	27.1	9.5		
contig_281	779	874	-	BJCDML_02070	3.5	10.0		
contig_282	676	798	+	BJCDML_02072	4.8	9.5		SO:0001217, UniParc:UPI000268E5A5, UniRef:UniRef100_R9HS28, UniRef:UniRef50_R9HS28, UniRef:UniRef90_R9HS28
contig_282	8476	8718	-	BJCDML_02080	9.0	9.8		SO:0001217, UniParc:UPI000E4513A1, UniRef:UniRef100_A0A414IM88, UniRef:UniRef50_R9HSE9, UniRef:UniRef90_R9HSE9
contig_282	9174	9506	-	BJCDML_02081	11.9	8.6		
contig_283	73	372	+	BJCDML_02082	10.8	7.0		
contig_283	1345	1755	+	BJCDML_02083	15.2	6.4		
contig_284	47	316	+	BJCDML_02088	9.9	5.4	PF17676.7|Peptidase_S66C	PFAM:PF17676.7, SO:0001217, UniRef:UniRef50_UPI002003146F
contig_285	8753	9319	+	BJCDML_02095	21.6	9.8		SO:0001217, UniRef:UniRef50_UPI00227B4487, UniRef:UniRef90_UPI00227B4487
contig_286	1253	1342	+	BJCDML_02097	3.3	9.7		SO:0001217, UniParc:UPI000268E11E, UniRef:UniRef100_A0A4Y1VCM1, UniRef:UniRef50_A0A078S4X2, UniRef:UniRef90_A0A078S4X2
contig_287	1386	1613	-	BJCDML_02098	8.4	5.1		RefSeq:WP_117713862.1, SO:0001217, UniParc:UPI000E43C06D, UniRef:UniRef100_UPI000E43C06D, UniRef:UniRef50_UPI000E43C06D, UniRef:UniRef90_UPI000E43C06D
contig_287	4706	4828	-	BJCDML_02102	4.5	9.5		SO:0001217, UniRef:UniRef50_A0A173ZBB7, UniRef:UniRef90_A0A173ZBB7
contig_287	5919	6050	-	BJCDML_02104	4.9	9.5		RefSeq:WP_256372938.1, SO:0001217, UniParc:UPI0006C52592, UniRef:UniRef100_A0A173ZEE6, UniRef:UniRef50_A0A173ZEE6, UniRef:UniRef90_A0A173ZEE6
contig_288	24	2171	+	BJCDML_02105	79.3	6.5	PF00005.33|ABC_tran, PF02463.25|SMC_N, PF17755.6|UvrA_DNA-bind	PFAM:PF00005.33, PFAM:PF02463.25, PFAM:PF17755.6
contig_288	12171	12392	-	BJCDML_02115	9.1	10.0		
contig_290	310	1329	-	BJCDML_02135	36.8	5.3		
contig_291	4140	4682	+	BJCDML_02138	21.1	10.2		RefSeq:WP_005829029.1, SO:0001217, UniParc:UPI00015BF603, UniRef:UniRef100_A0A174TYU3, UniRef:UniRef50_A0A7J5HFT0, UniRef:UniRef90_A0A7J5HFT0
contig_291	11003	11308	+	BJCDML_02143	11.4	7.8		RefSeq:WP_258896245.1, SO:0001217, UniParc:UPI0006C22934, UniRef:UniRef100_A0A139K836, UniRef:UniRef50_E6SUP9, UniRef:UniRef90_E6SUP9
contig_291	11241	11444	-	BJCDML_02144	7.7	4.9		SO:0001217, UniParc:UPI0006C418AE, UniRef:UniRef100_A0A174U6G2, UniRef:UniRef50_E6SUQ0, UniRef:UniRef90_E6SUQ0
contig_291	11486	11971	+	BJCDML_02145	17.8	9.3		RefSeq:WP_057253977.1, SO:0001217, UniParc:UPI0006C5C49F, UniRef:UniRef100_A0A174U2Y5, UniRef:UniRef50_A0A174U2Y5, UniRef:UniRef90_A0A174U2Y5
contig_291	12839	13033	+	BJCDML_02148	7.4	4.6		SO:0001217, UniParc:UPI0006C05C95, UniRef:UniRef100_A0A174U7X0, UniRef:UniRef50_A0A078S2A5, UniRef:UniRef90_A0A078S2A5
contig_294	1409	1660	-	BJCDML_02169	8.9	5.1	PF00005.33|ABC_tran	PFAM:PF00005.33, SO:0001217, UniRef:UniRef50_UPI00293920A9
contig_298	5	547	+	BJCDML_02183	20.0	5.5	PF16576.10|HlyD_D23	PFAM:PF16576.10
contig_300	422	556	-	BJCDML_02186	5.1	9.3		
contig_300	7550	7699	-	BJCDML_02190	6.1	10.0		SO:0001217, UniParc:UPI0002D58901, UniRef:UniRef100_A0A078S7Q1, UniRef:UniRef50_R9IC13, UniRef:UniRef90_R9IC13
contig_300	15427	15705	-	BJCDML_02196	10.3	9.2		SO:0001217, UniRef:UniRef50_A0A397W9I3, UniRef:UniRef50_A0A6N2SNB2, UniRef:UniRef90_A0A6N2X926
contig_302	222	659	+	BJCDML_02198	17.5	10.2		RefSeq:WP_117713987.1, SO:0001217, UniParc:UPI000E443C46, UniRef:UniRef100_A0A414IDM9, UniRef:UniRef50_F3PRD9, UniRef:UniRef90_R9HP97
contig_304	30	431	+	BJCDML_02202	15.1	5.0		
contig_304	3383	4084	-	BJCDML_02207	26.5	6.1		
contig_304	4150	4398	-	BJCDML_02208	9.1	9.7		
contig_305	14	370	+	BJCDML_02209	14.0	9.8		
contig_305	2930	3124	+	BJCDML_02212	7.4	9.0		SO:0001217, UniRef:UniRef50_A0A174S7K5, UniRef:UniRef90_A0A174S7K5
contig_305	3179	3403	+	BJCDML_02213	8.5	8.0		RefSeq:WP_057087395.1, SO:0001217, UniParc:UPI0006C11BE4, UniRef:UniRef100_A0A174CWP7, UniRef:UniRef50_R9ICM7, UniRef:UniRef90_R9ICM7
contig_306	1151	1372	-	BJCDML_02233	7.9	4.5		
contig_307	8911	9066	-	BJCDML_02239	6.4	8.7		SO:0001217, UniParc:UPI0006C0133E, UniRef:UniRef100_A0A174QBT7, UniRef:UniRef50_A0A174QBT7, UniRef:UniRef90_A0A174QBT7
contig_307	10502	10690	-	BJCDML_02241	7.4	9.8		SO:0001217, UniParc:UPI0009B8944B, UniRef:UniRef100_A0A414BBV9, UniRef:UniRef50_A0A414BBV9, UniRef:UniRef90_A0A414BBV9
contig_308	1601	1807	-	BJCDML_02246	7.7	8.7		RefSeq:WP_005835857.1, SO:0001217, UniParc:UPI0001EFFFDE, UniRef:UniRef100_A0A174HLF9, UniRef:UniRef50_R9HUI7, UniRef:UniRef90_R9HUI7
contig_308	8793	9794	-	BJCDML_02255	38.6	9.3		
contig_309	28	1095	+	BJCDML_02256	41.5	8.9		
contig_311	15315	15455	-	BJCDML_02278	5.5	10.9		SO:0001217, UniParc:UPI000268E247, UniRef:UniRef100_R9I1K6, UniRef:UniRef50_R9I1K6, UniRef:UniRef90_R9I1K6
contig_311	18080	18346	-	BJCDML_02280	9.9	8.5		
contig_313	6784	7233	-	BJCDML_02289	16.5	5.6		
contig_318	8	238	+	BJCDML_02302	8.9	7.7	PF10091.15|Glycoamylase	PFAM:PF10091.15
contig_319	131	835	-	BJCDML_02303	27.7	7.8		RefSeq:WP_035448799.1, SO:0001217, UniParc:UPI0004D38FB9, UniRef:UniRef100_A0A174UX05, UniRef:UniRef50_I8W9Z3, UniRef:UniRef90_R9HPS8
contig_322	482	1051	+	BJCDML_02327	20.2	4.7		
contig_323	631	1587	-	BJCDML_02334	33.5	4.9	PF00082.27|Peptidase_S8	PFAM:PF00082.27
contig_325	10	288	+	BJCDML_02342	10.6	4.9	PF21082.3|MS_channel_3rd	PFAM:PF21082.3
contig_326	341	643	+	BJCDML_02349	11.1	5.1		
contig_328	1	1257	+	BJCDML_02365	49.5	5.7		SO:0001217, UniRef:UniRef50_UPI00227A0C6B, UniRef:UniRef90_UPI0026F2C006
contig_328	2684	2935	-	BJCDML_02366	9.5	8.5		
contig_329	574	1425	+	BJCDML_02367	29.4	5.4		
contig_329	1610	2143	-	BJCDML_02368	20.4	5.4	PF01055.32|Glyco_hydro_31_2nd, PF21365.3|Glyco_hydro_31_3rd	PFAM:PF01055.32, PFAM:PF21365.3, SO:0001217, UniRef:UniRef50_UPI0035E41A89, UniRef:UniRef90_UPI0034E251A6
contig_330	553	861	+	BJCDML_02369	11.1	4.5		SO:0001217, UniRef:UniRef50_UPI0035A09226
contig_330	1257	1478	-	BJCDML_02370	7.9	4.5		RefSeq:WP_117681728.1, SO:0001217, UniParc:UPI000E439B07, UniRef:UniRef100_A0A3E4QPB9, UniRef:UniRef50_K9EN93, UniRef:UniRef90_A0A174PB49
contig_330	4159	6573	-	BJCDML_02373	89.6	4.7		RefSeq:WP_117714059.1, SO:0001217, UniParc:UPI000E43B682, UniRef:UniRef100_UPI000E43B682, UniRef:UniRef50_UPI0019402925, UniRef:UniRef90_UPI000E43B682
contig_332	1606	2022	-	BJCDML_02380	15.9	10.1		SO:0001217, UniRef:UniRef50_R6YPE3
contig_333	11492	12067	-	BJCDML_02389	21.7	10.1		
contig_335	116	1129	+	BJCDML_02394	39.3	6.8	PF02687.27|FtsX	PFAM:PF02687.27
contig_337	213	557	+	BJCDML_02406	12.4	5.9		
contig_339	14705	15049	-	BJCDML_02425	12.7	6.2		
contig_340	13	294	+	BJCDML_02426	10.8	9.7		SO:0001217, UniRef:UniRef50_UPI0026EA32A3
contig_341	34363	34554	-	BJCDML_02460	6.7	6.2		
contig_342	1933	3009	-	BJCDML_02463	38.1	5.6		
contig_342	3298	3879	-	BJCDML_02464	20.5	4.6		
contig_343	124	384	+	BJCDML_02465	9.6	10.6	PF01476.26|LysM	PFAM:PF01476.26
contig_343	2739	2867	-	BJCDML_02467	4.8	9.8		SO:0001217, UniRef:UniRef50_A0A854C320, UniRef:UniRef90_A0A854C320
contig_346	71	328	+	BJCDML_02474	9.4	6.9		
contig_346	848	1180	-	BJCDML_02475	11.9	9.3		
contig_347	44	322	+	BJCDML_02476	10.1	6.3		
contig_347	4859	5164	-	BJCDML_02480	11.0	9.8		
contig_348	4963	5052	+	BJCDML_02485	3.4	5.9		SO:0001217, UniParc:UPI000268DDE6, UniRef:UniRef100_A0A174H816, UniRef:UniRef50_A0A174H816, UniRef:UniRef90_A0A174H816
contig_349	395	565	+	BJCDML_02486	6.1	8.5		
contig_350	25	963	+	BJCDML_02491	36.2	9.5		
contig_351	6324	7019	-	BJCDML_02495	25.1	5.6		
contig_351	7053	7598	-	BJCDML_02496	18.6	4.9		
contig_352	1704	1997	+	BJCDML_02498	10.8	9.9		RefSeq:WP_227212792.1, SO:0001217, UniParc:UPI001D070584, UniRef:UniRef100_UPI001D070584, UniRef:UniRef50_UPI00216B4863, UniRef:UniRef90_UPI00216B4863
contig_353	37	474	+	BJCDML_02506	15.7	5.4	PF14748.11|P5CR_dimer	PFAM:PF14748.11
contig_354	69	440	+	BJCDML_02514	14.3	5.6		
contig_356	9049	9498	-	BJCDML_02543	17.5	6.8		
contig_357	105	275	+	BJCDML_02544	6.8	6.5		
contig_357	3827	3991	+	BJCDML_02547	5.9	7.9		SO:0001217, UniParc:UPI0006C5D2F5, UniRef:UniRef100_A0A174Q7N2, UniRef:UniRef50_A0A174Q7N2, UniRef:UniRef90_A0A174Q7N2
contig_357	10910	11104	-	BJCDML_02554	7.7	9.1		
contig_358	94	315	+	BJCDML_02555	8.1	9.5		
contig_359	29	712	+	BJCDML_02560	24.7	4.9		SO:0001217, UniRef:UniRef50_W4PIR6
contig_359	29141	29242	-	BJCDML_02588	4.0	9.7		SO:0001217, UniParc:UPI000268E990, UniRef:UniRef100_A0A174N068, UniRef:UniRef50_E6SN27, UniRef:UniRef90_R9I4C5
contig_359	38956	39543	-	BJCDML_02599	22.6	9.4		RefSeq:WP_008665422.1, SO:0001217, UniParc:UPI0001EFFE1B, UniRef:UniRef100_A0A174S8L7, UniRef:UniRef50_E6SN38, UniRef:UniRef90_A0A374MM52
contig_360	27	680	+	BJCDML_02606	24.6	8.9		
contig_361	18	764	+	BJCDML_02615	27.9	5.2		
contig_362	177	914	+	BJCDML_02617	27.6	10.3		
contig_362	8156	8269	-	BJCDML_02623	4.4	5.6		SO:0001217, UniRef:UniRef50_A0A174JGT8, UniRef:UniRef90_A0A174JGT8
contig_365	2618	2758	+	BJCDML_02639	5.6	7.8		SO:0001217, UniParc:UPI0002FBC53D, UniRef:UniRef100_A0A174V7P4, UniRef:UniRef50_A0A174V7P4, UniRef:UniRef90_A0A174V7P4
contig_365	4653	5066	-	BJCDML_02643	15.6	10.0		
contig_366	8027	8263	+	BJCDML_02650	9.4	10.1		SO:0001217, UniParc:UPI00015BF4DF, UniRef:UniRef100_A0A174AY77, UniRef:UniRef50_A0A414BGR0, UniRef:UniRef90_A0A414BGR0
contig_366	9828	10247	-	BJCDML_02654	15.2	4.5		
contig_369	26	301	+	BJCDML_02674	11.1	9.0		
contig_370	15	1508	+	BJCDML_02677	55.6	6.3	PF06964.18|Alpha-L-AF_C, PF22848.2|ASD1_dom	PFAM:PF06964.18, PFAM:PF22848.2
contig_371	97	549	+	BJCDML_02681	17.6	4.6		SO:0001217, UniParc:UPI0001AFC93D, UniRef:UniRef100_A0A1M5D5F7, UniRef:UniRef50_S0F7T4, UniRef:UniRef90_R9HWH6
contig_371	546	947	+	BJCDML_02682	15.8	9.2		RefSeq:WP_005680024.1, SO:0001217, UniParc:UPI0001AFC93E, UniRef:UniRef100_I9SG17, UniRef:UniRef50_A0A414KU73, UniRef:UniRef90_I9SG17
contig_373	70	390	+	BJCDML_02692	12.7	6.3		
contig_373	1046	1504	-	BJCDML_02694	17.0	6.7		
contig_376	14412	14840	-	BJCDML_02722	16.3	9.1		RefSeq:WP_117713745.1, SO:0001217, UniParc:UPI000E42FF73, UniRef:UniRef100_A0A4P6RGJ7, UniRef:UniRef50_A0A3E5ENH7, UniRef:UniRef90_A0A3E5ENH7
contig_377	11088	11381	-	BJCDML_02736	10.4	5.4		
contig_378	4025	4897	-	BJCDML_02738	31.7	4.3		
contig_381	715	1359	+	BJCDML_02742	24.0	9.6		
contig_381	3614	3985	-	BJCDML_02744	13.3	8.7		
contig_384	258	620	+	BJCDML_02747	13.3	9.9		
contig_384	7850	8002	-	BJCDML_02754	5.8	10.2		SO:0001217, UniParc:UPI000268E22A, UniRef:UniRef100_R9I580, UniRef:UniRef50_R9I580, UniRef:UniRef90_R9I580
contig_385	98	553	+	BJCDML_02756	16.6	6.9	PF00425.24|Chorismate_bind	PFAM:PF00425.24
contig_387	126	839	+	BJCDML_02766	26.3	5.9		
contig_388	43	702	+	BJCDML_02768	24.3	5.5	PF02775.26|TPP_enzyme_C	PFAM:PF02775.26
contig_388	12632	12919	-	BJCDML_02776	10.6	4.3		SO:0001217, UniRef:UniRef50_A0A1V5MQI0
contig_390	518	853	+	BJCDML_02783	12.1	5.5		
contig_390	6944	7042	-	BJCDML_02789	3.8	6.7		SO:0001217, UniParc:UPI000268E9BC, UniRef:UniRef100_A0A174FMC5, UniRef:UniRef50_A0A174FMC5, UniRef:UniRef90_A0A174FMC5
contig_391	486	614	+	BJCDML_02790	5.1	9.9		
contig_391	2182	3426	-	BJCDML_02792	47.2	5.9		RefSeq:WP_057255945.1, SO:0001217, UniParc:UPI0006C35218, UniRef:UniRef100_A0A173XYA4, UniRef:UniRef50_A0A173XYA4, UniRef:UniRef90_A0A173XYA4
contig_391	5901	6359	-	BJCDML_02796	17.4	5.9		
contig_392	21	326	+	BJCDML_02797	11.9	9.5		
contig_392	1541	1687	+	BJCDML_02800	5.6	9.8		SO:0001217, UniParc:UPI00033A2618, UniRef:UniRef100_A0A174MZ57, UniRef:UniRef50_A0A174MZ57, UniRef:UniRef90_A0A174MZ57
contig_393	63	431	+	BJCDML_02802	14.0	6.0		
contig_393	558	809	+	BJCDML_02803	9.4	4.7		
contig_394	1	573	+	BJCDML_02814	20.8	5.0		
contig_398	158	1255	+	BJCDML_02858	41.0	6.4		SO:0001217, UniRef:UniRef50_R6NH25
contig_399	100	1875	+	BJCDML_02860	67.1	9.9		
contig_399	3506	3691	-	BJCDML_02862	7.0	9.6		
contig_400	2589	2930	-	BJCDML_02867	13.5	5.9		RefSeq:WP_117714061.1, SO:0001217, UniParc:UPI000E453006, UniRef:UniRef100_UPI000E453006, UniRef:UniRef50_U6RMK1, UniRef:UniRef90_A0A413WYL6
contig_400	4177	5196	-	BJCDML_02869	37.2	4.8	PF13306.12|LRR_5	PFAM:PF13306.12
contig_403	319	858	-	BJCDML_02882	20.0	8.9		
contig_403	1431	2141	-	BJCDML_02883	25.8	9.9		
contig_404	29	361	+	BJCDML_02884	11.5	4.9	PF18291.6|HU-HIG	PFAM:PF18291.6
contig_405	35	619	+	BJCDML_02887	20.4	6.1	PF12508.14|Transposon_TraM	PFAM:PF12508.14
contig_408	511	819	+	BJCDML_02902	11.1	5.7		
contig_408	907	1653	+	BJCDML_02903	27.3	5.1		
contig_408	1847	2401	-	BJCDML_02904	21.4	5.6		SO:0001217, UniParc:UPI000E44DB85, UniRef:UniRef100_A0A3A5RRG4, UniRef:UniRef50_A0A139JZU2, UniRef:UniRef90_A0A139JZU2
contig_409	665	1174	-	BJCDML_02906	18.6	5.8		
contig_412	3905	4411	-	BJCDML_02939	18.6	5.1	PF00006.31|ATP-synt_ab, PF22919.1|ATP-synt_VA_C	PFAM:PF00006.31, PFAM:PF22919.1
contig_413	1128	1556	+	BJCDML_02940	16.9	11.0		
contig_414	3037	3210	+	BJCDML_02946	7.0	6.1		SO:0001217, UniRef:UniRef50_A0A174MKT8, UniRef:UniRef90_A0A174MKT8
contig_415	9	962	+	BJCDML_02957	34.7	5.1		
contig_416	12910	13203	-	BJCDML_02970	10.6	4.1		
contig_417	495	1010	+	BJCDML_02971	20.0	8.3		
contig_417	8074	8337	-	BJCDML_02976	9.7	5.7		
contig_421	7658	7846	-	BJCDML_03000	6.7	4.4		
contig_423	113	883	+	BJCDML_03022	29.4	9.1	PF01757.29|Acyl_transf_3	PFAM:PF01757.29
contig_423	1816	2079	-	BJCDML_03024	9.9	5.8		
contig_424	3722	3955	-	BJCDML_03028	8.5	5.2	PF02272.25|DHHA1	PFAM:PF02272.25
contig_425	54	1193	+	BJCDML_03029	43.0	5.3	PF00759.25|Glyco_hydro_9	PFAM:PF00759.25
contig_425	6778	7047	-	BJCDML_03036	10.1	6.8		SO:0001217, UniParc:UPI0001BEE2B6, UniRef:UniRef100_R9HTW8, UniRef:UniRef50_R9HTW8, UniRef:UniRef90_R9HTW8
contig_425	28441	28611	-	BJCDML_03055	6.6	12.0		SO:0001217, UniParc:UPI000268E209, UniRef:UniRef100_R9HU52, UniRef:UniRef50_R9HU52, UniRef:UniRef90_R9HU52
contig_428	28612	28890	-	BJCDML_03087	10.3	6.0		
contig_428	29503	29988	-	BJCDML_03088	18.2	6.4		
contig_429	10	366	+	BJCDML_03089	12.8	9.9		
contig_429	736	957	+	BJCDML_03090	8.5	9.7		
contig_429	7077	7385	-	BJCDML_03096	12.0	9.2		SO:0001217, UniParc:UPI00015BD91D, UniRef:UniRef100_A0A412MMI2, UniRef:UniRef50_A0A6I0HY39, UniRef:UniRef90_A0A6I0HY39
contig_429	7492	7635	-	BJCDML_03097	5.6	5.2		RefSeq:WP_225982629.1, SO:0001217, UniParc:UPI0003056952, UniRef:UniRef100_A0A3E4XME7, UniRef:UniRef50_A0A139JV96, UniRef:UniRef90_A0A139JV96
contig_430	307	552	+	BJCDML_03098	9.6	10.7		
contig_430	4048	4605	-	BJCDML_03102	21.2	10.0	PF00165.29|HTH_AraC, PF12833.13|HTH_18	PFAM:PF00165.29, PFAM:PF12833.13
contig_431	11235	13061	-	BJCDML_03109	69.1	6.4	PF02493.26|MORN, PF08238.18|Sel1	PFAM:PF02493.26, PFAM:PF08238.18, SO:0001217, UniRef:UniRef50_UPI0032C0AB68, UniRef:UniRef90_UPI0032C0AB68
contig_432	8	364	+	BJCDML_03110	13.1	9.3		
contig_433	1465	2076	-	BJCDML_03113	23.1	6.9	PF00984.24|UDPG_MGDP_dh, PF03720.21|UDPG_MGDP_dh_C	PFAM:PF00984.24, PFAM:PF03720.21
contig_434	36	467	+	BJCDML_03114	16.8	9.4		
contig_435	19493	19690	-	BJCDML_03133	7.5	9.9		
contig_436	8231	9595	+	BJCDML_03137	49.2	4.3		RefSeq:WP_022402047.1, SO:0001217, UniParc:UPI00033CF3C6, UniRef:UniRef100_A0A174HXX2, UniRef:UniRef50_A0A174HXX2, UniRef:UniRef90_A0A174HXX2
contig_437	407	514	+	BJCDML_03154	4.1	5.4		SO:0001217, UniParc:UPI000268E103, UniRef:UniRef100_A0A174LIB5, UniRef:UniRef50_A0A174LIB5, UniRef:UniRef90_A0A174LIB5
contig_437	11358	11684	-	BJCDML_03163	12.4	7.8		
contig_438	60	260	-	BJCDML_03164	7.7	6.8		RefSeq:WP_147393523.1, SO:0001217, UniParc:UPI0011C4906D, UniRef:UniRef100_UPI0011C4906D, UniRef:UniRef50_UPI0011C4906D, UniRef:UniRef90_UPI0011C4906D
contig_438	1127	1258	+	BJCDML_03166	5.1	9.8		SO:0001217, UniParc:UPI0006C50EC6, UniRef:UniRef100_A0A174EAK4, UniRef:UniRef50_A0A174MXY3, UniRef:UniRef90_A0A174MXY3
contig_438	2175	2639	-	BJCDML_03168	16.6	4.6		
contig_440	359	997	+	BJCDML_03170	24.6	8.5		
contig_442	17204	17449	+	BJCDML_03198	9.0	8.9		SO:0001217, UniRef:UniRef50_R9HRI9, UniRef:UniRef90_A0A174PRP7
contig_443	2706	2852	+	BJCDML_03212	5.3	9.1		SO:0001217, UniRef:UniRef50_A0A174T2I1, UniRef:UniRef90_A0A6N2TDH1
contig_443	10457	10789	-	BJCDML_03216	12.3	11.6		
contig_444	100	279	+	BJCDML_03217	6.7	9.7		
contig_445	668	1030	+	BJCDML_03220	12.9	8.3		
contig_446	16557	17582	-	BJCDML_03230	37.6	9.4		
contig_447	100	297	+	BJCDML_03231	7.4	6.2	PF00072.30|Response_reg	PFAM:PF00072.30
contig_450	146	892	+	BJCDML_03259	26.0	4.7		SO:0001217, UniRef:UniRef50_R6FG43
contig_450	1014	1160	+	BJCDML_03260	5.4	10.5		
contig_450	1445	1927	+	BJCDML_03261	17.6	4.4		
contig_451	13	324	-	BJCDML_03269	12.0	10.4		SO:0001217, UniParc:UPI000268E131, UniRef:UniRef100_A0A174UNE8, UniRef:UniRef50_R9I1Y5, UniRef:UniRef90_R9I1Y5
contig_451	5509	5625	-	BJCDML_03275	4.6	10.2		SO:0001217, UniParc:UPI000268E133, UniRef:UniRef100_R9I1I0, UniRef:UniRef50_F3PSI2, UniRef:UniRef90_R9I1I0
contig_454	1902	2315	-	BJCDML_03297	15.0	5.0	PF00702.32|Hydrolase	PFAM:PF00702.32
contig_456	12	1091	+	BJCDML_03300	38.1	5.2	PF01256.23|Carb_kinase, PF03853.21|YjeF_N	PFAM:PF01256.23, PFAM:PF03853.21
contig_456	1702	1986	-	BJCDML_03302	11.0	9.4		
contig_457	104	379	+	BJCDML_03303	10.2	6.5		
contig_457	746	2002	+	BJCDML_03304	47.9	10.4		
contig_458	4	1383	+	BJCDML_03305	52.2	8.5		
contig_462	7805	8212	-	BJCDML_03328	16.3	11.0		
contig_462	8267	8527	-	BJCDML_03329	10.1	9.1		
contig_462	8657	8881	-	BJCDML_03330	9.0	10.1		
contig_465	12	443	+	BJCDML_03338	15.3	5.1	PF00082.27|Peptidase_S8	PFAM:PF00082.27
contig_465	5121	5246	-	BJCDML_03344	4.7	9.1		SO:0001217, UniParc:UPI000268E986, UniRef:UniRef100_R9I5Q8, UniRef:UniRef50_R9I5Q8, UniRef:UniRef90_R9I5Q8
contig_465	7537	7692	-	BJCDML_03347	5.9	9.6		SO:0001217, UniParc:UPI00015BEF3D, UniRef:UniRef100_A0A078RY89, UniRef:UniRef50_A0A078RY89, UniRef:UniRef90_A0A078RY89
contig_465	7677	8189	-	BJCDML_03348	18.9	8.5		
contig_466	43111	44019	-	BJCDML_03391	32.7	11.6		
contig_468	62	217	-	BJCDML_03397	6.4	9.9		
contig_468	652	873	-	BJCDML_03399	8.3	5.3		SO:0001217, UniRef:UniRef50_UPI00307F8B4B
contig_469	6083	6370	-	BJCDML_03406	10.8	8.9		
contig_471	117	800	+	BJCDML_03410	24.2	6.8		
contig_471	822	1211	+	BJCDML_03411	14.0	5.4		
contig_471	1302	1739	+	BJCDML_03412	16.6	6.1		
contig_471	9276	9752	-	BJCDML_03420	17.7	9.8		
contig_471	9762	10196	-	BJCDML_03421	16.8	6.0		
contig_472	1534	1692	+	BJCDML_03425	6.1	9.4		RefSeq:WP_008672755.1, SO:0001217, UniParc:UPI0001A26792, UniRef:UniRef100_A0AAW8VAM9, UniRef:UniRef50_K0X6I0, UniRef:UniRef90_A0AAW8VAM9
contig_472	2019	2225	+	BJCDML_03427	7.7	5.4		RefSeq:WP_004293549.1, SO:0001217, UniParc:UPI0001A26794, UniRef:UniRef100_A0A7J5L0G2, UniRef:UniRef50_A0A3Q9IMJ2, UniRef:UniRef90_A0A7J5L0G2
contig_473	15	401	+	BJCDML_03429	14.1	7.7		
contig_474	810	1094	+	BJCDML_03434	10.4	4.7		
contig_475	1479	2045	-	BJCDML_03441	21.7	9.6		
contig_475	2024	3028	-	BJCDML_03442	36.4	5.1	PF02347.22|GDC-P, PF21478.3|GcvP2_C	PFAM:PF02347.22, PFAM:PF21478.3
contig_476	504	818	+	BJCDML_03443	10.9	4.9		
contig_477	64	780	+	BJCDML_03447	27.1	5.5	PF13558.12|SbcC_Walker_B	PFAM:PF13558.12
contig_477	13880	14488	-	BJCDML_03459	22.6	4.8		
contig_479	3172	3666	-	BJCDML_03464	18.5	5.9		
contig_480	5014	5352	-	BJCDML_03469	13.1	5.9		RefSeq:WP_004320782.1, SO:0001217, UniParc:UPI000268ECD4, UniRef:UniRef100_A0A6N2YXD8, UniRef:UniRef50_A0A6N2YXD8, UniRef:UniRef90_A0A6N2YXD8
contig_480	5460	5882	-	BJCDML_03470	16.2	8.5		SO:0001217, UniParc:UPI000268ECD6, UniRef:UniRef100_A0A6N2YSB4, UniRef:UniRef50_A0A6N2YSB4, UniRef:UniRef90_A0A6N2YSB4
contig_483	939	1118	-	BJCDML_03493	6.5	9.2		SO:0001217, UniParc:UPI00015BF3D0, UniRef:UniRef100_A0A174PAU2, UniRef:UniRef50_R9HNV9, UniRef:UniRef90_R9HNV9
contig_484	22	156	+	BJCDML_03495	4.8	9.9	PF18096.6|Thump_like	PFAM:PF18096.6
contig_485	124	354	+	BJCDML_03496	8.9	4.7		
contig_485	1144	1443	+	BJCDML_03497	11.4	6.9		
contig_486	673	1335	-	BJCDML_03501	24.5	6.0		SO:0001217, UniRef:UniRef50_W6P635
contig_487	8890	9171	-	BJCDML_03511	10.1	10.0		
contig_489	116	625	+	BJCDML_03514	18.3	10.5		
contig_489	601	1053	-	BJCDML_03515	16.9	5.4	PF01497.23|Peripla_BP_2	PFAM:PF01497.23
contig_492	73	783	+	BJCDML_03544	25.9	8.6		
contig_492	14010	14801	-	BJCDML_03555	29.4	4.5		
contig_492	15351	15797	-	BJCDML_03556	15.9	4.4		
contig_492	16236	16469	-	BJCDML_03557	9.1	9.8		
contig_493	55	465	+	BJCDML_03558	15.9	6.4		
contig_493	1609	2130	-	BJCDML_03560	20.2	5.6		RefSeq:WP_005825529.1, SO:0001217, UniParc:UPI00015BE3B1, UniRef:UniRef100_A0A139JY77, UniRef:UniRef50_S3Y9P8, UniRef:UniRef90_A0A139JY77
contig_494	1210	1524	+	BJCDML_03563	12.0	4.5		RefSeq:WP_009036810.1, SO:0001217, UniParc:UPI0001BEE0E3, UniRef:UniRef100_R9I350, UniRef:UniRef50_A0A1P8JKN0, UniRef:UniRef90_K9DWM7
contig_494	4278	5669	-	BJCDML_03567	52.3	5.1	PF00271.37|Helicase_C, PF03461.20|TRCF	PFAM:PF00271.37, PFAM:PF03461.20
contig_497	176	772	+	BJCDML_03573	23.4	5.5		RefSeq:WP_272194928.1, SO:0001217, UniParc:UPI00232D048C, UniRef:UniRef100_UPI00232D048C, UniRef:UniRef50_UPI00232C736F, UniRef:UniRef90_UPI00232C736F
contig_497	17065	17169	+	BJCDML_03587	4.0	5.7		SO:0001217, UniParc:UPI00015BF7A4, UniRef:UniRef100_A0A174J0D5, UniRef:UniRef50_A0A174J0D5, UniRef:UniRef90_A0A174J0D5
contig_499	6648	6803	-	BJCDML_03613	5.2	5.0	PF04960.20|Glutaminase	PFAM:PF04960.20
contig_500	32	451	+	BJCDML_03614	15.6	5.5	PF00717.28|Peptidase_S24	PFAM:PF00717.28
contig_503	1340	1540	-	BJCDML_03636	7.6	10.9		SO:0001217, UniParc:UPI000268E706, UniRef:UniRef100_R9IC32, UniRef:UniRef50_R9IC32, UniRef:UniRef90_R9IC32
contig_503	5498	5710	-	BJCDML_03640	8.4	4.7		RefSeq:WP_008662841.1, SO:0001217, UniParc:UPI0001BEEA87, UniRef:UniRef100_R9I414, UniRef:UniRef50_Q8A758, UniRef:UniRef90_A0A139K8A0
